canonical_place_id,source_namespace,source_object_type,source_object_id,source_key,source_url,name,district,category,registry_status
pl_osm_057387d032,openstreetmap,way,176935534,osm:way:176935534,https://www.openstreetmap.org/way/176935534,Arugam Bay,Ampara,Sandy Beach,active_unverified
pl_osm_8c704fda52,openstreetmap,way,1051864109,osm:way:1051864109,https://www.openstreetmap.org/way/1051864109,Pottuvil Point Beach,Ampara,Sandy Beach,active_unverified
pl_osm_49994d7b13,openstreetmap,way,1229240586,osm:way:1229240586,https://www.openstreetmap.org/way/1229240586,costal area,Ampara,Sandy Beach,active_unverified
pl_osm_9a26359501,openstreetmap,way,1305170136,osm:way:1305170136,https://www.openstreetmap.org/way/1305170136,Pottuvil Sand Hill Beach,Ampara,Sandy Beach,active_unverified
pl_osm_17e282928a,openstreetmap,way,1427292333,osm:way:1427292333,https://www.openstreetmap.org/way/1427292333,Hithaya Puram Beach,Ampara,Sandy Beach,active_unverified
pl_osm_8f9db6436b,openstreetmap,way,1427292334,osm:way:1427292334,https://www.openstreetmap.org/way/1427292334,Hithaya Puram Childern Park Beach,Ampara,Sandy Beach,active_unverified
pl_osm_d84e33c31c,openstreetmap,node,12016047695,osm:node:12016047695,https://www.openstreetmap.org/node/12016047695,Atas Resort,Ampara,Sandy Beach,active_unverified
pl_osm_304efb350b,openstreetmap,way,1155675928,osm:way:1155675928,https://www.openstreetmap.org/way/1155675928,Half Moon Beach Resort,Ampara,Sandy Beach,active_unverified
pl_osm_7ba76a741c,openstreetmap,node,1684401774,osm:node:1684401774,https://www.openstreetmap.org/node/1684401774,Japanese Peace Pagoda,Ampara,Buddhist Temple,active_unverified
pl_osm_a1082b13dc,openstreetmap,node,1684508062,osm:node:1684508062,https://www.openstreetmap.org/node/1684508062,Buddhangala Viharaya,Ampara,Buddhist Temple,active_unverified
pl_osm_5bf60d45b8,openstreetmap,node,1684534552,osm:node:1684534552,https://www.openstreetmap.org/node/1684534552,Gemunupura Viharaya,Ampara,Buddhist Temple,active_unverified
pl_osm_75f4b17ab7,openstreetmap,node,3591821302,osm:node:3591821302,https://www.openstreetmap.org/node/3591821302,Neilagiri Dagaba,Ampara,Buddhist Temple,active_unverified
pl_osm_8bd66bc02d,openstreetmap,node,3842184429,osm:node:3842184429,https://www.openstreetmap.org/node/3842184429,Nagasthalawa temple,Ampara,Buddhist Temple,active_unverified
pl_osm_a1c1b855fa,openstreetmap,node,3998582474,osm:node:3998582474,https://www.openstreetmap.org/node/3998582474,Eragama Sri Ananda Bodhirajaramaya,Ampara,Buddhist Temple,active_unverified
pl_osm_c1324145c0,openstreetmap,node,4149120310,osm:node:4149120310,https://www.openstreetmap.org/node/4149120310,Piyangala Aramaya (Hermitage),Ampara,Buddhist Temple,active_unverified
pl_osm_9e7bc100fd,openstreetmap,node,4265865498,osm:node:4265865498,https://www.openstreetmap.org/node/4265865498,Pansala,Ampara,Buddhist Temple,active_unverified
pl_osm_a6ce631d9b,openstreetmap,node,4450079545,osm:node:4450079545,https://www.openstreetmap.org/node/4450079545,Kudumbigala Monastery,Ampara,Buddhist Temple,active_unverified
pl_osm_eecdecc4c3,openstreetmap,node,4462708803,osm:node:4462708803,https://www.openstreetmap.org/node/4462708803,Mani Naga Pabbatha Viharaya,Ampara,Buddhist Temple,active_unverified
pl_osm_c036e29486,openstreetmap,node,5249990398,osm:node:5249990398,https://www.openstreetmap.org/node/5249990398,Nikawathalanda Sri Poorwarama Viharaya,Ampara,Buddhist Temple,active_unverified
pl_osm_a04832733a,openstreetmap,node,5251488034,osm:node:5251488034,https://www.openstreetmap.org/node/5251488034,buddha shrine,Ampara,Buddhist Temple,active_unverified
pl_osm_910131ed6f,openstreetmap,node,5251497264,osm:node:5251497264,https://www.openstreetmap.org/node/5251497264,Samadhi pilimaya,Ampara,Buddhist Temple,active_unverified
pl_osm_8b5a6a5317,openstreetmap,node,5265769077,osm:node:5265769077,https://www.openstreetmap.org/node/5265769077,Diviyagala Aranya Senasanaya,Ampara,Buddhist Temple,active_unverified
pl_osm_11141d0007,openstreetmap,node,5901948086,osm:node:5901948086,https://www.openstreetmap.org/node/5901948086,Mahawapiya Temple,Ampara,Buddhist Temple,active_unverified
pl_osm_4e2836a0fd,openstreetmap,node,6088271196,osm:node:6088271196,https://www.openstreetmap.org/node/6088271196,Pollebedda Buddhist Temple,Ampara,Buddhist Temple,active_unverified
pl_osm_727d7fbcc1,openstreetmap,node,6169993182,osm:node:6169993182,https://www.openstreetmap.org/node/6169993182,Tharulengala Rajamaha Viharaya,Ampara,Buddhist Temple,active_unverified
pl_osm_85015f161f,openstreetmap,node,8399215468,osm:node:8399215468,https://www.openstreetmap.org/node/8399215468,Panama Wewevehera Rajamaha Viharaya,Ampara,Buddhist Temple,active_unverified
pl_osm_b5e6569744,openstreetmap,node,9133147932,osm:node:9133147932,https://www.openstreetmap.org/node/9133147932,Veherakema Buddhist Ruins,Ampara,Buddhist Temple,active_unverified
pl_osm_4af8439930,openstreetmap,node,10243221098,osm:node:10243221098,https://www.openstreetmap.org/node/10243221098,Kiriwehera Rajamaha Viharaya,Ampara,Buddhist Temple,active_unverified
pl_osm_9574bb2fb4,openstreetmap,node,10839918581,osm:node:10839918581,https://www.openstreetmap.org/node/10839918581,Chadayanthalawa Temple,Ampara,Buddhist Temple,active_unverified
pl_osm_1d0d4585b3,openstreetmap,node,12115339101,osm:node:12115339101,https://www.openstreetmap.org/node/12115339101,Buddha Statue,Ampara,Buddhist Temple,active_unverified
pl_osm_02f211765e,openstreetmap,node,12116372114,osm:node:12116372114,https://www.openstreetmap.org/node/12116372114,Arugambay Point Buddhist Temple,Ampara,Buddhist Temple,active_unverified
pl_osm_6e7a6ddd50,openstreetmap,node,12467003712,osm:node:12467003712,https://www.openstreetmap.org/node/12467003712,Pannalgoda Ancient Temple,Ampara,Buddhist Temple,active_unverified
pl_osm_5bde61fa03,openstreetmap,node,12514220315,osm:node:12514220315,https://www.openstreetmap.org/node/12514220315,Sri Owagiri Rajamaha Viharaya,Ampara,Buddhist Temple,active_unverified
pl_osm_bd54eed888,openstreetmap,way,324914738,osm:way:324914738,https://www.openstreetmap.org/way/324914738,Deeghavapi Rajamaha Viharaya,Ampara,Buddhist Temple,active_unverified
pl_osm_82c861a277,openstreetmap,way,404440199,osm:way:404440199,https://www.openstreetmap.org/way/404440199,Muhudu Maha Viharaya,Ampara,Buddhist Temple,active_unverified
pl_osm_670dcd6e87,openstreetmap,way,492601399,osm:way:492601399,https://www.openstreetmap.org/way/492601399,Buddangala Raja Maha Viharaya,Ampara,Buddhist Temple,active_unverified
pl_osm_26d2126836,openstreetmap,way,492760129,osm:way:492760129,https://www.openstreetmap.org/way/492760129,Ruhunugama Temple,Ampara,Buddhist Temple,active_unverified
pl_osm_a2038f7e4a,openstreetmap,way,506003951,osm:way:506003951,https://www.openstreetmap.org/way/506003951,Wewmedagama Sri Wijayawardhanarama Viharaya,Ampara,Buddhist Temple,active_unverified
pl_osm_05121cfdd4,openstreetmap,way,506064463,osm:way:506064463,https://www.openstreetmap.org/way/506064463,Henanigala Rajamaha Viharaya,Ampara,Buddhist Temple,active_unverified
pl_osm_920d047b69,openstreetmap,way,506064465,osm:way:506064465,https://www.openstreetmap.org/way/506064465,Henanigala South Sri Wiwekasrama Viharaya,Ampara,Buddhist Temple,active_unverified
pl_osm_7b8a4c421f,openstreetmap,way,506064467,osm:way:506064467,https://www.openstreetmap.org/way/506064467,Wewgama Sri Saddharmarama Viharaya,Ampara,Buddhist Temple,active_unverified
pl_osm_d7215bffe9,openstreetmap,way,506190755,osm:way:506190755,https://www.openstreetmap.org/way/506190755,Ancient Tempita Rajamaha Vihara,Ampara,Buddhist Temple,active_unverified
pl_osm_c87b0acca5,openstreetmap,way,506280682,osm:way:506280682,https://www.openstreetmap.org/way/506280682,Sri Wishuddarama Purana Viharya,Ampara,Buddhist Temple,active_unverified
pl_osm_c9ab37e098,openstreetmap,way,506280683,osm:way:506280683,https://www.openstreetmap.org/way/506280683,Rajagalathenna Bodhirajaramaya,Ampara,Buddhist Temple,active_unverified
pl_osm_d26e401d24,openstreetmap,way,510103482,osm:way:510103482,https://www.openstreetmap.org/way/510103482,Bandaraduwa Sri Wimalaramaya,Ampara,Buddhist Temple,active_unverified
pl_osm_048f0df6aa,openstreetmap,way,510133045,osm:way:510133045,https://www.openstreetmap.org/way/510133045,Walagampura Sri Niketha Jinachakra Viharaya,Ampara,Buddhist Temple,active_unverified
pl_osm_b3b2f91331,openstreetmap,way,510493762,osm:way:510493762,https://www.openstreetmap.org/way/510493762,Mayadunna Dharmendrarama Purana Viharaya,Ampara,Buddhist Temple,active_unverified
pl_osm_57156ebdeb,openstreetmap,way,527013690,osm:way:527013690,https://www.openstreetmap.org/way/527013690,Sri Abhinawarama Vihaharya,Ampara,Buddhist Temple,active_unverified
pl_osm_24c58f7057,openstreetmap,way,547390365,osm:way:547390365,https://www.openstreetmap.org/way/547390365,Udayagiri Purana Rajamaha Viharaya,Ampara,Buddhist Temple,active_unverified
pl_osm_2dfab57f47,openstreetmap,way,557626533,osm:way:557626533,https://www.openstreetmap.org/way/557626533,Deegavapi Pariwara Stupa,Ampara,Buddhist Temple,active_unverified
pl_osm_3f12a90268,openstreetmap,way,557626545,osm:way:557626545,https://www.openstreetmap.org/way/557626545,Weheragala Purana Viharaya,Ampara,Buddhist Temple,active_unverified
pl_osm_90ea7b2f07,openstreetmap,way,589291489,osm:way:589291489,https://www.openstreetmap.org/way/589291489,Bihirisorouwa Sri Bodhimalu Viharaya,Ampara,Buddhist Temple,active_unverified
pl_osm_3c4819f0dd,openstreetmap,way,592626760,osm:way:592626760,https://www.openstreetmap.org/way/592626760,University temple,Ampara,Buddhist Temple,active_unverified
pl_osm_b3ff68e365,openstreetmap,way,597254343,osm:way:597254343,https://www.openstreetmap.org/way/597254343,Galahitiyaagoda Temple,Ampara,Buddhist Temple,active_unverified
pl_osm_3bbbc00ef5,openstreetmap,way,766598631,osm:way:766598631,https://www.openstreetmap.org/way/766598631,Sambodhi Viharaya,Ampara,Buddhist Temple,active_unverified
pl_osm_ee3ce92780,openstreetmap,way,774675700,osm:way:774675700,https://www.openstreetmap.org/way/774675700,Buddhist Temple Land,Ampara,Buddhist Temple,active_unverified
pl_osm_b867addf6a,openstreetmap,way,775139106,osm:way:775139106,https://www.openstreetmap.org/way/775139106,Panama Sri Bodhirukkharamaya,Ampara,Buddhist Temple,active_unverified
pl_osm_61102a6e63,openstreetmap,way,778716943,osm:way:778716943,https://www.openstreetmap.org/way/778716943,Pottuvil Mudhumaha Viharai,Ampara,Buddhist Temple,active_unverified
pl_osm_77c40d61f6,openstreetmap,way,793936621,osm:way:793936621,https://www.openstreetmap.org/way/793936621,Mahamewna Asapuwa - Ampara,Ampara,Buddhist Temple,active_unverified
pl_osm_3b7a8d693c,openstreetmap,way,1220183702,osm:way:1220183702,https://www.openstreetmap.org/way/1220183702,"එ ස් සේනානායක ජාතික පාසල, අම්පාර",Ampara,Buddhist Temple,active_unverified
pl_osm_f1628a8473,openstreetmap,way,1230500285,osm:way:1230500285,https://www.openstreetmap.org/way/1230500285,Sri Vijayarama Maha Viharaya,Ampara,Buddhist Temple,active_unverified
pl_osm_6cc5bce62e,openstreetmap,node,4370658500,osm:node:4370658500,https://www.openstreetmap.org/node/4370658500,Masjid Ul Jannah,Ampara,Building,active_unverified
pl_osm_8d15682a85,openstreetmap,node,7180804436,osm:node:7180804436,https://www.openstreetmap.org/node/7180804436,Monument of Aranthalawa Buddhist monk massacre,Ampara,Building,active_unverified
pl_osm_3e57272875,openstreetmap,node,3320210427,osm:node:3320210427,https://www.openstreetmap.org/node/3320210427,Sacred Heart of Jeasus,Ampara,Church,active_unverified
pl_osm_ade993dff8,openstreetmap,node,3333279999,osm:node:3333279999,https://www.openstreetmap.org/node/3333279999,Periyakallar Church,Ampara,Church,active_unverified
pl_osm_38d793358c,openstreetmap,node,10675351094,osm:node:10675351094,https://www.openstreetmap.org/node/10675351094,Assemblies Of God,Ampara,Church,active_unverified
pl_osm_6a59af7be0,openstreetmap,way,269127542,osm:way:269127542,https://www.openstreetmap.org/way/269127542,Kudinilam Church,Ampara,Church,active_unverified
pl_osm_654d45d3ad,openstreetmap,way,760081480,osm:way:760081480,https://www.openstreetmap.org/way/760081480,Church,Ampara,Church,active_unverified
pl_osm_6d1738e975,openstreetmap,way,772274098,osm:way:772274098,https://www.openstreetmap.org/way/772274098,AOG Church,Ampara,Church,active_unverified
pl_osm_50feddf4b8,openstreetmap,way,1227946885,osm:way:1227946885,https://www.openstreetmap.org/way/1227946885,Punitha Anthoniyar Church,Ampara,Church,active_unverified
pl_osm_215bb9c71a,openstreetmap,way,1267880392,osm:way:1267880392,https://www.openstreetmap.org/way/1267880392,St Antony's Church,Ampara,Church,active_unverified
pl_osm_4358fc2665,openstreetmap,node,3316015813,osm:node:3316015813,https://www.openstreetmap.org/node/3316015813,Pilliyar Kovil,Ampara,Kovil,active_unverified
pl_osm_22727315df,openstreetmap,node,3316015828,osm:node:3316015828,https://www.openstreetmap.org/node/3316015828,Sri Sivamuttu Mariyamman Kovil,Ampara,Kovil,active_unverified
pl_osm_6ed6d45337,openstreetmap,node,3316125243,osm:node:3316125243,https://www.openstreetmap.org/node/3316125243,Kanthaswami Kovil,Ampara,Kovil,active_unverified
pl_osm_6a8547e5dc,openstreetmap,node,3316125246,osm:node:3316125246,https://www.openstreetmap.org/node/3316125246,Vishnu Kovil,Ampara,Kovil,active_unverified
pl_osm_d2afee1381,openstreetmap,node,3316527040,osm:node:3316527040,https://www.openstreetmap.org/node/3316527040,Kannaki Amman Kovil,Ampara,Kovil,active_unverified
pl_osm_72827cf534,openstreetmap,node,3333280000,osm:node:3333280000,https://www.openstreetmap.org/node/3333280000,Periyakallar Kovil,Ampara,Kovil,active_unverified
pl_osm_da4c0b62e1,openstreetmap,node,4559454732,osm:node:4559454732,https://www.openstreetmap.org/node/4559454732,Gana Devalaya,Ampara,Kovil,active_unverified
pl_osm_b75c9120bc,openstreetmap,node,6175941136,osm:node:6175941136,https://www.openstreetmap.org/node/6175941136,Valipattu Pillayar Temple,Ampara,Kovil,active_unverified
pl_osm_9f9d59fe3a,openstreetmap,node,6413471487,osm:node:6413471487,https://www.openstreetmap.org/node/6413471487,Kaali Kovill Sammanthurai,Ampara,Kovil,active_unverified
pl_osm_67e5a17518,openstreetmap,node,7250977551,osm:node:7250977551,https://www.openstreetmap.org/node/7250977551,Sri Kanthaswamy Kovil,Ampara,Kovil,active_unverified
pl_osm_d05f1adcd8,openstreetmap,node,7250983855,osm:node:7250983855,https://www.openstreetmap.org/node/7250983855,நாகபூசணி அம்மன் கோவில்,Ampara,Kovil,active_unverified
pl_osm_c79d18f2a4,openstreetmap,node,7250992342,osm:node:7250992342,https://www.openstreetmap.org/node/7250992342,அம்பலத்தடி விநாயகர் ஆலயம்,Ampara,Kovil,active_unverified
pl_osm_9e78c047e9,openstreetmap,node,7851667883,osm:node:7851667883,https://www.openstreetmap.org/node/7851667883,Nagathambiran kovil,Ampara,Kovil,active_unverified
pl_osm_203d468658,openstreetmap,node,9779560892,osm:node:9779560892,https://www.openstreetmap.org/node/9779560892,Thuraineelavanai sri thillaiyampilaiyar thevasthanam,Ampara,Kovil,active_unverified
pl_osm_dd81e22c62,openstreetmap,node,9779560895,osm:node:9779560895,https://www.openstreetmap.org/node/9779560895,Uchimakaali Amman Temple,Ampara,Kovil,active_unverified
pl_osm_53ea1605fc,openstreetmap,node,10214569845,osm:node:10214569845,https://www.openstreetmap.org/node/10214569845,Kuda Kebiliththe Devalaya,Ampara,Kovil,active_unverified
pl_osm_6fd280dca9,openstreetmap,node,11210789537,osm:node:11210789537,https://www.openstreetmap.org/node/11210789537,Sri Gana Devaalaya - Panama,Ampara,Kovil,active_unverified
pl_osm_65915d4acd,openstreetmap,node,11397520853,osm:node:11397520853,https://www.openstreetmap.org/node/11397520853,sivesakthi muththu maariyammen kovil,Ampara,Kovil,active_unverified
pl_osm_805b2e2306,openstreetmap,node,12014646521,osm:node:12014646521,https://www.openstreetmap.org/node/12014646521,Subramaniyar Kovil,Ampara,Kovil,active_unverified
pl_osm_40c4557a2b,openstreetmap,way,230537829,osm:way:230537829,https://www.openstreetmap.org/way/230537829,Sivan Kovill,Ampara,Kovil,active_unverified
pl_osm_7a97ff6532,openstreetmap,way,278045390,osm:way:278045390,https://www.openstreetmap.org/way/278045390,Thambiluvil Kannaki Amman Kovil,Ampara,Kovil,active_unverified
pl_osm_165c1450fe,openstreetmap,way,286604749,osm:way:286604749,https://www.openstreetmap.org/way/286604749,Co Arakkar Kovil,Ampara,Kovil,active_unverified
pl_osm_d1a50d25a8,openstreetmap,way,286800676,osm:way:286800676,https://www.openstreetmap.org/way/286800676,ஸ்ரீ சிந்தாயாத்திரைப் பிள்ளையார் ஆலயம்,Ampara,Kovil,active_unverified
pl_osm_2adb55ef2c,openstreetmap,way,288509215,osm:way:288509215,https://www.openstreetmap.org/way/288509215,Malwaththai Hindu Kovil,Ampara,Kovil,active_unverified
pl_osm_bb2206c92c,openstreetmap,way,316774371,osm:way:316774371,https://www.openstreetmap.org/way/316774371,Thuraiyady Pillaiyar Kovil,Ampara,Kovil,active_unverified
pl_osm_f88ac024e1,openstreetmap,way,517918589,osm:way:517918589,https://www.openstreetmap.org/way/517918589,Sri Muththu Maari Amman Temple,Ampara,Kovil,active_unverified
pl_osm_47ef730540,openstreetmap,way,581339932,osm:way:581339932,https://www.openstreetmap.org/way/581339932,Thirukkovil Sri Siththiravelayuthar Alayam,Ampara,Kovil,active_unverified
pl_osm_46fb7cb14d,openstreetmap,way,659636200,osm:way:659636200,https://www.openstreetmap.org/way/659636200,வீரமுனை ஸ்ரீ கண்ணகி அம்மன் ஆலயம்,Ampara,Kovil,active_unverified
pl_osm_ee2904d7f4,openstreetmap,way,762162178,osm:way:762162178,https://www.openstreetmap.org/way/762162178,"kaluthavalai Pillaiyar Kovil, Thambiluvil",Ampara,Kovil,active_unverified
pl_osm_031bfa9fcc,openstreetmap,way,762162180,osm:way:762162180,https://www.openstreetmap.org/way/762162180,"Gayatri Thabovanam, Thambiluvil",Ampara,Kovil,active_unverified
pl_osm_82d8870e0e,openstreetmap,way,762163951,osm:way:762163951,https://www.openstreetmap.org/way/762163951,Thambiluvil Nakathambiran Kovil,Ampara,Kovil,active_unverified
pl_osm_0c11eb0a02,openstreetmap,way,762174986,osm:way:762174986,https://www.openstreetmap.org/way/762174986,Munaiyoor Kali Kovil,Ampara,Kovil,active_unverified
pl_osm_2a245a577a,openstreetmap,way,766497987,osm:way:766497987,https://www.openstreetmap.org/way/766497987,"Vishnu Kovil, Thambiluvil",Ampara,Kovil,active_unverified
pl_osm_ef30be213c,openstreetmap,way,769812092,osm:way:769812092,https://www.openstreetmap.org/way/769812092,Sri valliyamman Alayam,Ampara,Kovil,active_unverified
pl_osm_87a5308c5e,openstreetmap,way,769814892,osm:way:769814892,https://www.openstreetmap.org/way/769814892,Rufus Kulaththu Pillaiyar Alayam,Ampara,Kovil,active_unverified
pl_osm_b7821468a1,openstreetmap,way,771260313,osm:way:771260313,https://www.openstreetmap.org/way/771260313,Thambiluvl Sri Siththi Vinayagar Alayam,Ampara,Kovil,active_unverified
pl_osm_cfaa673bc9,openstreetmap,way,771799660,osm:way:771799660,https://www.openstreetmap.org/way/771799660,Veddukulaththu Pillaiyar Alayam,Ampara,Kovil,active_unverified
pl_osm_766f528270,openstreetmap,way,771803820,osm:way:771803820,https://www.openstreetmap.org/way/771803820,Thirukkovil Sri Sakalakalai Amman Alayam Land,Ampara,Kovil,active_unverified
pl_osm_f04a529103,openstreetmap,way,771803821,osm:way:771803821,https://www.openstreetmap.org/way/771803821,Thirukkovil Sri Sakalakalai Amman Alayam,Ampara,Kovil,active_unverified
pl_osm_805f734fa6,openstreetmap,way,771809104,osm:way:771809104,https://www.openstreetmap.org/way/771809104,Mandanai Pillaiyar Alayam,Ampara,Kovil,active_unverified
pl_osm_aac2929445,openstreetmap,way,772275669,osm:way:772275669,https://www.openstreetmap.org/way/772275669,Thirukkovil Manikkap Pillaiyar Alayam,Ampara,Kovil,active_unverified
pl_osm_83f91bd918,openstreetmap,way,772561590,osm:way:772561590,https://www.openstreetmap.org/way/772561590,Mandanai Gayathiri Kovil Land,Ampara,Kovil,active_unverified
pl_osm_6f38bafb3c,openstreetmap,way,772561591,osm:way:772561591,https://www.openstreetmap.org/way/772561591,Mandanai Gayathiri Kovil,Ampara,Kovil,active_unverified
pl_osm_05ee6fda56,openstreetmap,way,772932634,osm:way:772932634,https://www.openstreetmap.org/way/772932634,Vinayagapuram Sivan Kovil Land,Ampara,Kovil,active_unverified
pl_osm_a6ffaf50c1,openstreetmap,way,772932637,osm:way:772932637,https://www.openstreetmap.org/way/772932637,Vinayagapuram Sivan Kovil,Ampara,Kovil,active_unverified
pl_osm_fe59124338,openstreetmap,way,774673705,osm:way:774673705,https://www.openstreetmap.org/way/774673705,Panama Paththini Amman Alayam,Ampara,Kovil,active_unverified
pl_osm_f3f0e66997,openstreetmap,way,776462911,osm:way:776462911,https://www.openstreetmap.org/way/776462911,Pottuvil Alayadi Pillaiyar Alayam,Ampara,Kovil,active_unverified
pl_osm_bc60b29445,openstreetmap,way,784960501,osm:way:784960501,https://www.openstreetmap.org/way/784960501,Pillaiyar Temple,Ampara,Kovil,active_unverified
pl_osm_2d20fecec3,openstreetmap,way,784961948,osm:way:784961948,https://www.openstreetmap.org/way/784961948,Murugan Temple,Ampara,Kovil,active_unverified
pl_osm_01295adf26,openstreetmap,way,798833693,osm:way:798833693,https://www.openstreetmap.org/way/798833693,Kolavil Vinayagar Kovil,Ampara,Kovil,active_unverified
pl_osm_a14ab9dca2,openstreetmap,way,799127749,osm:way:799127749,https://www.openstreetmap.org/way/799127749,Komari Pillaiyar Kovil,Ampara,Kovil,active_unverified
pl_osm_97da8198e3,openstreetmap,way,817138863,osm:way:817138863,https://www.openstreetmap.org/way/817138863,Sivan Kovil,Ampara,Kovil,active_unverified
pl_osm_45399734a6,openstreetmap,way,1191564212,osm:way:1191564212,https://www.openstreetmap.org/way/1191564212,Meenatchi Amman Kovil,Ampara,Kovil,active_unverified
pl_osm_628c371588,openstreetmap,way,1230327931,osm:way:1230327931,https://www.openstreetmap.org/way/1230327931,Sri Maruthadi Manikka Pillaiyar Temple,Ampara,Kovil,active_unverified
pl_osm_a250f996c5,openstreetmap,node,1874239020,osm:node:1874239020,https://www.openstreetmap.org/node/1874239020,Meera Masjid,Ampara,Mosque,active_unverified
pl_osm_54ddba3118,openstreetmap,node,3303875614,osm:node:3303875614,https://www.openstreetmap.org/node/3303875614,Ahlus Sunnah Jumma Mosque,Ampara,Mosque,active_unverified
pl_osm_abc4b4cf38,openstreetmap,node,3303875632,osm:node:3303875632,https://www.openstreetmap.org/node/3303875632,Masjid Ul Fatah,Ampara,Mosque,active_unverified
pl_osm_c208ec4849,openstreetmap,node,3313402904,osm:node:3313402904,https://www.openstreetmap.org/node/3313402904,Thaikkanagar Jumma Mosque,Ampara,Mosque,active_unverified
pl_osm_71ad8b7c82,openstreetmap,node,3313557018,osm:node:3313557018,https://www.openstreetmap.org/node/3313557018,Grand Mosque-Addalaichenai,Ampara,Mosque,active_unverified
pl_osm_618dd5f2c5,openstreetmap,node,3314164003,osm:node:3314164003,https://www.openstreetmap.org/node/3314164003,Grand Jumma Masjid,Ampara,Mosque,active_unverified
pl_osm_3244d2cc24,openstreetmap,node,3314166644,osm:node:3314166644,https://www.openstreetmap.org/node/3314166644,Riyazul Jannah Jumma Masjid,Ampara,Mosque,active_unverified
pl_osm_5b105dda38,openstreetmap,node,3315847075,osm:node:3315847075,https://www.openstreetmap.org/node/3315847075,Masjidul Hidaya,Ampara,Mosque,active_unverified
pl_osm_d9d1366b87,openstreetmap,node,3315847078,osm:node:3315847078,https://www.openstreetmap.org/node/3315847078,Masjid Ul Thana Al Busairy,Ampara,Mosque,active_unverified
pl_osm_56c89f224b,openstreetmap,node,3316015815,osm:node:3316015815,https://www.openstreetmap.org/node/3316015815,Masjidul Huda,Ampara,Mosque,active_unverified
pl_osm_c9561e3bb0,openstreetmap,node,3316015827,osm:node:3316015827,https://www.openstreetmap.org/node/3316015827,Masjid Ul Mujahideen,Ampara,Mosque,active_unverified
pl_osm_bcffd7c348,openstreetmap,node,3316043325,osm:node:3316043325,https://www.openstreetmap.org/node/3316043325,Firdus Mosque,Ampara,Mosque,active_unverified
pl_osm_358d110835,openstreetmap,node,3316554397,osm:node:3316554397,https://www.openstreetmap.org/node/3316554397,Masjidul Falah,Ampara,Mosque,active_unverified
pl_osm_84fb049cea,openstreetmap,node,3316554401,osm:node:3316554401,https://www.openstreetmap.org/node/3316554401,Masjid Saleheen,Ampara,Mosque,active_unverified
pl_osm_ab7dde8991,openstreetmap,node,3317976479,osm:node:3317976479,https://www.openstreetmap.org/node/3317976479,Masjid E Safa,Ampara,Mosque,active_unverified
pl_osm_6530c489f2,openstreetmap,node,3317976480,osm:node:3317976480,https://www.openstreetmap.org/node/3317976480,Masjidul Hilal,Ampara,Mosque,active_unverified
pl_osm_4d578ae3c9,openstreetmap,node,3317976545,osm:node:3317976545,https://www.openstreetmap.org/node/3317976545,Jumma Grand Mosque,Ampara,Mosque,active_unverified
pl_osm_e4b3dde432,openstreetmap,node,3318005289,osm:node:3318005289,https://www.openstreetmap.org/node/3318005289,Masjidul Kamaroon,Ampara,Mosque,active_unverified
pl_osm_4b8b9334ac,openstreetmap,node,3318025998,osm:node:3318025998,https://www.openstreetmap.org/node/3318025998,Jamiul Islah Jumma Mosque,Ampara,Mosque,active_unverified
pl_osm_ae484e9b7c,openstreetmap,node,3318026005,osm:node:3318026005,https://www.openstreetmap.org/node/3318026005,Masjiduth Takwa,Ampara,Mosque,active_unverified
pl_osm_13ae2fa0ef,openstreetmap,node,3318026006,osm:node:3318026006,https://www.openstreetmap.org/node/3318026006,Al Zareef Mosque,Ampara,Mosque,active_unverified
pl_osm_2e5b441f0e,openstreetmap,node,3318088825,osm:node:3318088825,https://www.openstreetmap.org/node/3318088825,Masjidul Hudha,Ampara,Mosque,active_unverified
pl_osm_7715c83a17,openstreetmap,node,3318094884,osm:node:3318094884,https://www.openstreetmap.org/node/3318094884,Masjidul Akbar,Ampara,Mosque,active_unverified
pl_osm_6b7e23922c,openstreetmap,node,3318104270,osm:node:3318104270,https://www.openstreetmap.org/node/3318104270,Masjidul Fatah,Ampara,Mosque,active_unverified
pl_osm_e56adb1228,openstreetmap,node,3318104275,osm:node:3318104275,https://www.openstreetmap.org/node/3318104275,Masjidul Zahira,Ampara,Mosque,active_unverified
pl_osm_0dc8a20f6e,openstreetmap,node,3318104288,osm:node:3318104288,https://www.openstreetmap.org/node/3318104288,Masjidur Rahman,Ampara,Mosque,active_unverified
pl_osm_a3adf71cd0,openstreetmap,node,3318109126,osm:node:3318109126,https://www.openstreetmap.org/node/3318109126,Mohideen grand Jumma Mosque,Ampara,Mosque,active_unverified
pl_osm_fe42a24dd1,openstreetmap,node,3318394814,osm:node:3318394814,https://www.openstreetmap.org/node/3318394814,Masjid Al Huda,Ampara,Mosque,active_unverified
pl_osm_d5a1c15cf9,openstreetmap,node,3318412431,osm:node:3318412431,https://www.openstreetmap.org/node/3318412431,Al Masjidul Mashoora,Ampara,Mosque,active_unverified
pl_osm_31d577c246,openstreetmap,node,3318412435,osm:node:3318412435,https://www.openstreetmap.org/node/3318412435,Kadar karai palli,Ampara,Mosque,active_unverified
pl_osm_4ce4a403f0,openstreetmap,node,3320184949,osm:node:3320184949,https://www.openstreetmap.org/node/3320184949,Masjidul Kairath,Ampara,Mosque,active_unverified
pl_osm_2a1e980a9a,openstreetmap,node,3331316779,osm:node:3331316779,https://www.openstreetmap.org/node/3331316779,Salam Mosque,Ampara,Mosque,active_unverified
pl_osm_411b4c32d4,openstreetmap,node,3331326337,osm:node:3331326337,https://www.openstreetmap.org/node/3331326337,Natpitimunai Grand Mosque,Ampara,Mosque,active_unverified
pl_osm_e60cf11b82,openstreetmap,node,3331332247,osm:node:3331332247,https://www.openstreetmap.org/node/3331332247,Masjid Ul Minan,Ampara,Mosque,active_unverified
pl_osm_062b9967d3,openstreetmap,node,3331351771,osm:node:3331351771,https://www.openstreetmap.org/node/3331351771,Masjid Ul Aslam,Ampara,Mosque,active_unverified
pl_osm_d8a9f61ccc,openstreetmap,node,3331352112,osm:node:3331352112,https://www.openstreetmap.org/node/3331352112,Masjid Un Noor,Ampara,Mosque,active_unverified
pl_osm_3c09d71161,openstreetmap,node,3331352123,osm:node:3331352123,https://www.openstreetmap.org/node/3331352123,Masjid Ul Kabeer,Ampara,Mosque,active_unverified
pl_osm_309ba47934,openstreetmap,node,3331472265,osm:node:3331472265,https://www.openstreetmap.org/node/3331472265,Masjid Al Akbar,Ampara,Mosque,active_unverified
pl_osm_a90661f6e7,openstreetmap,node,3992483615,osm:node:3992483615,https://www.openstreetmap.org/node/3992483615,Iqram Palli,Ampara,Mosque,active_unverified
pl_osm_9eed130f4c,openstreetmap,node,3992505863,osm:node:3992505863,https://www.openstreetmap.org/node/3992505863,Ameer Ali Puram Mosque,Ampara,Mosque,active_unverified
pl_osm_aced517e6a,openstreetmap,node,3994056465,osm:node:3994056465,https://www.openstreetmap.org/node/3994056465,Makkamadi Mosque,Ampara,Mosque,active_unverified
pl_osm_a816b81564,openstreetmap,node,4000259334,osm:node:4000259334,https://www.openstreetmap.org/node/4000259334,New Mosque(Puduppalli),Ampara,Mosque,active_unverified
pl_osm_bae8c7ab27,openstreetmap,node,4000461230,osm:node:4000461230,https://www.openstreetmap.org/node/4000461230,Markes,Ampara,Mosque,active_unverified
pl_osm_82ac402642,openstreetmap,node,4000487667,osm:node:4000487667,https://www.openstreetmap.org/node/4000487667,Huda Mosque,Ampara,Mosque,active_unverified
pl_osm_ca773f7762,openstreetmap,node,4020226659,osm:node:4020226659,https://www.openstreetmap.org/node/4020226659,Velamathu Mosque,Ampara,Mosque,active_unverified
pl_osm_591a43a983,openstreetmap,node,10750150828,osm:node:10750150828,https://www.openstreetmap.org/node/10750150828,40 MULAM AWLIYA SIYARAM,Ampara,Mosque,active_unverified
pl_osm_be5ea62d1e,openstreetmap,node,11140093875,osm:node:11140093875,https://www.openstreetmap.org/node/11140093875,Ansari mosque,Ampara,Mosque,active_unverified
pl_osm_d9af2ceade,openstreetmap,node,11140478779,osm:node:11140478779,https://www.openstreetmap.org/node/11140478779,habbani mosque,Ampara,Mosque,active_unverified
pl_osm_638a587b6e,openstreetmap,node,11292430409,osm:node:11292430409,https://www.openstreetmap.org/node/11292430409,"Rahmaniya bath,jumma mosque",Ampara,Mosque,active_unverified
pl_osm_c32c45f3de,openstreetmap,node,11387730737,osm:node:11387730737,https://www.openstreetmap.org/node/11387730737,aljalal mosque,Ampara,Mosque,active_unverified
pl_osm_9dfa169e23,openstreetmap,node,11387730742,osm:node:11387730742,https://www.openstreetmap.org/node/11387730742,hutha mosque,Ampara,Mosque,active_unverified
pl_osm_1c1e7c95f8,openstreetmap,node,11397441612,osm:node:11397441612,https://www.openstreetmap.org/node/11397441612,fathima musjith,Ampara,Mosque,active_unverified
pl_osm_758109d145,openstreetmap,node,11399629155,osm:node:11399629155,https://www.openstreetmap.org/node/11399629155,MASJITHUL HIDHAYA,Ampara,Mosque,active_unverified
pl_osm_0d74d7bf21,openstreetmap,node,11399762523,osm:node:11399762523,https://www.openstreetmap.org/node/11399762523,Masjithul Usvathul Hasana,Ampara,Mosque,active_unverified
pl_osm_66f0c6c79a,openstreetmap,node,11399762528,osm:node:11399762528,https://www.openstreetmap.org/node/11399762528,Nooraniya Masjith,Ampara,Mosque,active_unverified
pl_osm_a04762c2cd,openstreetmap,node,11406637199,osm:node:11406637199,https://www.openstreetmap.org/node/11406637199,Al Aqsha,Ampara,Mosque,active_unverified
pl_osm_5b1940fca0,openstreetmap,node,12116424936,osm:node:12116424936,https://www.openstreetmap.org/node/12116424936,Ishraq School Mosque,Ampara,Mosque,active_unverified
pl_osm_ca61b09d03,openstreetmap,node,12119661241,osm:node:12119661241,https://www.openstreetmap.org/node/12119661241,Al Bahriya Mosque,Ampara,Mosque,active_unverified
pl_osm_a1f164fd2a,openstreetmap,node,12119663165,osm:node:12119663165,https://www.openstreetmap.org/node/12119663165,Pasarichenai Bathriya mosqe,Ampara,Mosque,active_unverified
pl_osm_36f03ac3b9,openstreetmap,node,12119693025,osm:node:12119693025,https://www.openstreetmap.org/node/12119693025,BAHRIYA MOSQE BUILDING,Ampara,Mosque,active_unverified
pl_osm_363c84dc10,openstreetmap,way,286437941,osm:way:286437941,https://www.openstreetmap.org/way/286437941,Anvar Ismail Mosque,Ampara,Mosque,active_unverified
pl_osm_660fff1ee1,openstreetmap,way,286468134,osm:way:286468134,https://www.openstreetmap.org/way/286468134,Thakkiya Mosque,Ampara,Mosque,active_unverified
pl_osm_2d3b35c4fb,openstreetmap,way,286468137,osm:way:286468137,https://www.openstreetmap.org/way/286468137,Masjithul Nagar - Mosque,Ampara,Mosque,active_unverified
pl_osm_8909f65581,openstreetmap,way,286468139,osm:way:286468139,https://www.openstreetmap.org/way/286468139,Masjithul Ummah Mosque,Ampara,Mosque,active_unverified
pl_osm_32810af259,openstreetmap,way,286531030,osm:way:286531030,https://www.openstreetmap.org/way/286531030,Masjithul Huda Mosque,Ampara,Mosque,active_unverified
pl_osm_70b34fcaa2,openstreetmap,way,286531035,osm:way:286531035,https://www.openstreetmap.org/way/286531035,Matherasathul Uswa,Ampara,Mosque,active_unverified
pl_osm_39527c7329,openstreetmap,way,286531036,osm:way:286531036,https://www.openstreetmap.org/way/286531036,Masjithul Jariya Jummah Mosque,Ampara,Mosque,active_unverified
pl_osm_e1f293223e,openstreetmap,way,286534333,osm:way:286534333,https://www.openstreetmap.org/way/286534333,Masjithul Bala,Ampara,Mosque,active_unverified
pl_osm_6a6c9197bb,openstreetmap,way,286534337,osm:way:286534337,https://www.openstreetmap.org/way/286534337,Masjithul Muneer,Ampara,Mosque,active_unverified
pl_osm_31099e8fbb,openstreetmap,way,286534339,osm:way:286534339,https://www.openstreetmap.org/way/286534339,Masjithul Abrar Mosque,Ampara,Mosque,active_unverified
pl_osm_18de2fdd0f,openstreetmap,way,286604100,osm:way:286604100,https://www.openstreetmap.org/way/286604100,Busra Masjith,Ampara,Mosque,active_unverified
pl_osm_f870990936,openstreetmap,way,286800659,osm:way:286800659,https://www.openstreetmap.org/way/286800659,yalaliya Mosque,Ampara,Mosque,active_unverified
pl_osm_a0cfc16236,openstreetmap,way,286800666,osm:way:286800666,https://www.openstreetmap.org/way/286800666,Kayaruppalli Mosque,Ampara,Mosque,active_unverified
pl_osm_37ac9c0fc3,openstreetmap,way,286800686,osm:way:286800686,https://www.openstreetmap.org/way/286800686,Arabic Matharasa,Ampara,Mosque,active_unverified
pl_osm_22c1a4df6c,openstreetmap,way,286803631,osm:way:286803631,https://www.openstreetmap.org/way/286803631,Manar Thakkiya Mosque,Ampara,Mosque,active_unverified
pl_osm_dcdae39dcc,openstreetmap,way,286803633,osm:way:286803633,https://www.openstreetmap.org/way/286803633,Dharul Hasanath - Hiflu Matharasa,Ampara,Mosque,active_unverified
pl_osm_7b649d4a6f,openstreetmap,way,286803634,osm:way:286803634,https://www.openstreetmap.org/way/286803634,Sinnappalli Masjith,Ampara,Mosque,active_unverified
pl_osm_2b0855288a,openstreetmap,way,286803636,osm:way:286803636,https://www.openstreetmap.org/way/286803636,Masjithul Salam Jummah Mosque,Ampara,Mosque,active_unverified
pl_osm_732597524f,openstreetmap,way,286832025,osm:way:286832025,https://www.openstreetmap.org/way/286832025,Dharul Eeman Arabic College,Ampara,Mosque,active_unverified
pl_osm_ef4c2110e1,openstreetmap,way,287036859,osm:way:287036859,https://www.openstreetmap.org/way/287036859,Pirthouse Mosque,Ampara,Mosque,active_unverified
pl_osm_3cd9ed3f58,openstreetmap,way,287067456,osm:way:287067456,https://www.openstreetmap.org/way/287067456,Al Uswa Organization,Ampara,Mosque,active_unverified
pl_osm_f50165484b,openstreetmap,way,288472716,osm:way:288472716,https://www.openstreetmap.org/way/288472716,Mavedippalli Marcase Palli,Ampara,Mosque,active_unverified
pl_osm_bd5fd1bb9a,openstreetmap,way,288472720,osm:way:288472720,https://www.openstreetmap.org/way/288472720,Mavedippalli Mosque,Ampara,Mosque,active_unverified
pl_osm_332b6dfd98,openstreetmap,way,304660736,osm:way:304660736,https://www.openstreetmap.org/way/304660736,Masjithul Jabel Mosque,Ampara,Mosque,active_unverified
pl_osm_920c12f73a,openstreetmap,way,320935592,osm:way:320935592,https://www.openstreetmap.org/way/320935592,Jumma Masjid,Ampara,Mosque,active_unverified
pl_osm_7084b1e429,openstreetmap,way,592541521,osm:way:592541521,https://www.openstreetmap.org/way/592541521,Masjid Al Abrar,Ampara,Mosque,active_unverified
pl_osm_e42a05405b,openstreetmap,way,592630007,osm:way:592630007,https://www.openstreetmap.org/way/592630007,An-Noor Masjith,Ampara,Mosque,active_unverified
pl_osm_8db5cc09de,openstreetmap,way,760553785,osm:way:760553785,https://www.openstreetmap.org/way/760553785,Aauisha Masjith,Ampara,Mosque,active_unverified
pl_osm_c526532db8,openstreetmap,way,764756779,osm:way:764756779,https://www.openstreetmap.org/way/764756779,An Noor Mosque,Ampara,Mosque,active_unverified
pl_osm_ef8bdaca5a,openstreetmap,way,766598675,osm:way:766598675,https://www.openstreetmap.org/way/766598675,Al-Aqsha masjeed,Ampara,Mosque,active_unverified
pl_osm_52ed54092b,openstreetmap,way,776095455,osm:way:776095455,https://www.openstreetmap.org/way/776095455,Pottuvil Muslim markas,Ampara,Mosque,active_unverified
pl_osm_0c373d7128,openstreetmap,way,776885573,osm:way:776885573,https://www.openstreetmap.org/way/776885573,Grand Jummah Mosque Pottuvil,Ampara,Mosque,active_unverified
pl_osm_2b2676810f,openstreetmap,way,776985427,osm:way:776985427,https://www.openstreetmap.org/way/776985427,Al Muneera Masjid,Ampara,Mosque,active_unverified
pl_osm_e6cb5339a8,openstreetmap,way,778716968,osm:way:778716968,https://www.openstreetmap.org/way/778716968,masjithul Muslimeen,Ampara,Mosque,active_unverified
pl_osm_d2f6b76a6e,openstreetmap,way,780727623,osm:way:780727623,https://www.openstreetmap.org/way/780727623,Ayza Mosque,Ampara,Mosque,active_unverified
pl_osm_178e78dc01,openstreetmap,way,785477544,osm:way:785477544,https://www.openstreetmap.org/way/785477544,Kathiriya Jumma Mosque,Ampara,Mosque,active_unverified
pl_osm_f3c4983101,openstreetmap,way,802978174,osm:way:802978174,https://www.openstreetmap.org/way/802978174,Masjid Ul Nooraniya,Ampara,Mosque,active_unverified
pl_osm_398ccd42bd,openstreetmap,way,1230251066,osm:way:1230251066,https://www.openstreetmap.org/way/1230251066,"Mahlarathul Quadiriya, Hallaj Makkam",Ampara,Mosque,active_unverified
pl_osm_ab853b5b4f,openstreetmap,way,1267880391,osm:way:1267880391,https://www.openstreetmap.org/way/1267880391,Dhana Al Buzairy Jumma Masjid,Ampara,Mosque,active_unverified
pl_osm_8858cbd195,openstreetmap,way,1267880395,osm:way:1267880395,https://www.openstreetmap.org/way/1267880395,Masjidul Haima,Ampara,Mosque,active_unverified
pl_osm_9cade09bb5,openstreetmap,way,1353587987,osm:way:1353587987,https://www.openstreetmap.org/way/1353587987,Beach Mosque,Ampara,Mosque,active_unverified
pl_osm_0b2195e33e,openstreetmap,way,1427288968,osm:way:1427288968,https://www.openstreetmap.org/way/1427288968,Al Aksha Masjidh,Ampara,Mosque,active_unverified
pl_osm_538790d559,openstreetmap,way,1500648071,osm:way:1500648071,https://www.openstreetmap.org/way/1500648071,beach aksha mosque,Ampara,Mosque,active_unverified
pl_osm_34fc9c22f7,openstreetmap,node,5388473922,osm:node:5388473922,https://www.openstreetmap.org/node/5388473922,Free Museum of Kumana National Park,Ampara,Museum,active_unverified
pl_osm_7abaeb5090,openstreetmap,node,4146156122,osm:node:4146156122,https://www.openstreetmap.org/node/4146156122,Rajagala Ancient Temple & Ruins,Ampara,Other,active_unverified
pl_osm_3a797be1a3,openstreetmap,node,5213427822,osm:node:5213427822,https://www.openstreetmap.org/node/5213427822,Hot Water Spring Mahaoya,Ampara,Other,active_unverified
pl_osm_dbb71fc86e,openstreetmap,node,6169941620,osm:node:6169941620,https://www.openstreetmap.org/node/6169941620,Panama Wewa Viewpoint,Ampara,Other,active_unverified
pl_osm_cd07b5d860,openstreetmap,node,9666257624,osm:node:9666257624,https://www.openstreetmap.org/node/9666257624,Elephant Rock,Ampara,Other,active_unverified
pl_osm_ab1bb7cb75,openstreetmap,node,10690856522,osm:node:10690856522,https://www.openstreetmap.org/node/10690856522,Eco Tourism Center Urani,Ampara,Other,active_unverified
pl_osm_9adf2e2230,openstreetmap,node,11210754426,osm:node:11210754426,https://www.openstreetmap.org/node/11210754426,Crocodile Ponds,Ampara,Other,active_unverified
pl_osm_98ad772e4e,openstreetmap,node,11234560967,osm:node:11234560967,https://www.openstreetmap.org/node/11234560967,Giant Hearth-Stone,Ampara,Other,active_unverified
pl_osm_e49a7c6c90,openstreetmap,node,11665339818,osm:node:11665339818,https://www.openstreetmap.org/node/11665339818,Maha Gal Amuna,Ampara,Other,active_unverified
pl_osm_798013ecf8,openstreetmap,way,397222855,osm:way:397222855,https://www.openstreetmap.org/way/397222855,Segu Issadeen Vaadi,Ampara,Other,active_unverified
pl_osm_3ed1b85687,openstreetmap,node,10537478691,osm:node:10537478691,https://www.openstreetmap.org/node/10537478691,Bambaragasthalawa Naga Pabbatha Monastery,Ampara,Ruins,active_unverified
pl_osm_155684fb37,openstreetmap,way,532502749,osm:way:532502749,https://www.openstreetmap.org/way/532502749,3rd Mile Post Archaeological Site,Ampara,Ruins,active_unverified
pl_osm_740f93bf67,openstreetmap,way,1130692646,osm:way:1130692646,https://www.openstreetmap.org/way/1130692646,Veheragala Rock Cave Temple,Ampara,Ruins,active_unverified
pl_osm_8ec5127044,openstreetmap,way,1165421703,osm:way:1165421703,https://www.openstreetmap.org/way/1165421703,Mihindu Stupa,Ampara,Ruins,active_unverified
pl_osm_ccb02679e0,openstreetmap,way,1217679796,osm:way:1217679796,https://www.openstreetmap.org/way/1217679796,Arms Giving Hall,Ampara,Ruins,active_unverified
pl_osm_2c5a09a538,openstreetmap,way,1217680106,osm:way:1217680106,https://www.openstreetmap.org/way/1217680106,Uposataghara,Ampara,Ruins,active_unverified
pl_osm_a0951e98e0,openstreetmap,way,1217680321,osm:way:1217680321,https://www.openstreetmap.org/way/1217680321,Jantaghara,Ampara,Ruins,active_unverified
pl_osm_0f5be08394,openstreetmap,way,1227517676,osm:way:1227517676,https://www.openstreetmap.org/way/1227517676,Modayamalai Rock,Ampara,Ruins,active_unverified
pl_osm_3178eecb9a,openstreetmap,node,6169941621,osm:node:6169941621,https://www.openstreetmap.org/node/6169941621,Panama Rajamaha Vihara Buddhist Ruins,Ampara,Ruins,active_unverified
pl_osm_759ef224c1,openstreetmap,node,10218042738,osm:node:10218042738,https://www.openstreetmap.org/node/10218042738,Neelagirihela Ancient Temple,Ampara,Ruins,active_unverified
pl_osm_5a9a8852f0,openstreetmap,node,10243221107,osm:node:10243221107,https://www.openstreetmap.org/node/10243221107,Bogahalanda Natabun Viharaya,Ampara,Ruins,active_unverified
pl_osm_1a0f462b78,openstreetmap,node,10904565810,osm:node:10904565810,https://www.openstreetmap.org/node/10904565810,Pankanda Hela Archaeological Ruins,Ampara,Ruins,active_unverified
pl_osm_7be1e74288,openstreetmap,node,10904565811,osm:node:10904565811,https://www.openstreetmap.org/node/10904565811,Shastrawela Monastic Temple,Ampara,Ruins,active_unverified
pl_osm_505895fcb4,openstreetmap,node,11210479158,osm:node:11210479158,https://www.openstreetmap.org/node/11210479158,Kiripokunahela Monastic Ruins,Ampara,Ruins,active_unverified
pl_osm_f9242a31ad,openstreetmap,node,11212455353,osm:node:11212455353,https://www.openstreetmap.org/node/11212455353,Abayasinghepura Archaeological Site,Ampara,Ruins,active_unverified
pl_osm_6eca53867f,openstreetmap,node,11212455354,osm:node:11212455354,https://www.openstreetmap.org/node/11212455354,Radella Archaeological Site I,Ampara,Ruins,active_unverified
pl_osm_7c23d218ce,openstreetmap,node,11212455355,osm:node:11212455355,https://www.openstreetmap.org/node/11212455355,Radella Archaeological Site II,Ampara,Ruins,active_unverified
pl_osm_8a1bafaac0,openstreetmap,node,11212455356,osm:node:11212455356,https://www.openstreetmap.org/node/11212455356,Radella Reservoir Archaeological Site,Ampara,Ruins,active_unverified
pl_osm_4682183f19,openstreetmap,node,11212455357,osm:node:11212455357,https://www.openstreetmap.org/node/11212455357,Kunukala Lagoon Archaeological Site,Ampara,Ruins,active_unverified
pl_osm_0867ce4211,openstreetmap,node,11212455391,osm:node:11212455391,https://www.openstreetmap.org/node/11212455391,Nelumpath Pokuna Ruins,Ampara,Ruins,active_unverified
pl_osm_3309843caa,openstreetmap,node,11212455392,osm:node:11212455392,https://www.openstreetmap.org/node/11212455392,Kongala,Ampara,Ruins,active_unverified
pl_osm_df4983d386,openstreetmap,node,11212568699,osm:node:11212568699,https://www.openstreetmap.org/node/11212568699,Sengamuwa Archaeological Site,Ampara,Ruins,active_unverified
pl_osm_4381d2aeca,openstreetmap,node,11212568700,osm:node:11212568700,https://www.openstreetmap.org/node/11212568700,Sengamuwa Pansalgoda Archaeological Site,Ampara,Ruins,active_unverified
pl_osm_58660453b4,openstreetmap,node,11212568701,osm:node:11212568701,https://www.openstreetmap.org/node/11212568701,Yalpotha Reservoir Ancient Sluice,Ampara,Ruins,active_unverified
pl_osm_6b349c4b2a,openstreetmap,node,11212568702,osm:node:11212568702,https://www.openstreetmap.org/node/11212568702,Paranagovipola Aththani Pillar,Ampara,Ruins,active_unverified
pl_osm_7d32393cae,openstreetmap,node,11212568703,osm:node:11212568703,https://www.openstreetmap.org/node/11212568703,Paranagovipola Archaeological Site,Ampara,Ruins,active_unverified
pl_osm_76c072ea84,openstreetmap,node,11212568704,osm:node:11212568704,https://www.openstreetmap.org/node/11212568704,Lahugala Ethgala Archaeological Site,Ampara,Ruins,active_unverified
pl_osm_4967351eb5,openstreetmap,node,11212568705,osm:node:11212568705,https://www.openstreetmap.org/node/11212568705,Lahugala Waralanda Archaeological Site,Ampara,Ruins,active_unverified
pl_osm_72a32e6b22,openstreetmap,node,11212568706,osm:node:11212568706,https://www.openstreetmap.org/node/11212568706,Lahugala Thiththawel Mandiya Welyaya Archaeological Site,Ampara,Ruins,active_unverified
pl_osm_74e6673fe0,openstreetmap,node,11212568707,osm:node:11212568707,https://www.openstreetmap.org/node/11212568707,Lahugala Elakatuwa Welyaya Archaeological Site,Ampara,Ruins,active_unverified
pl_osm_6772ceee79,openstreetmap,node,11212568710,osm:node:11212568710,https://www.openstreetmap.org/node/11212568710,Darampanawa Archaeological Site,Ampara,Ruins,active_unverified
pl_osm_29ff07f7b0,openstreetmap,node,11212568712,osm:node:11212568712,https://www.openstreetmap.org/node/11212568712,Hulannuge Heda Oya Stone Anicut,Ampara,Ruins,active_unverified
pl_osm_b561029394,openstreetmap,node,11212568713,osm:node:11212568713,https://www.openstreetmap.org/node/11212568713,Hulannuge Heda Oya Archaeological Site,Ampara,Ruins,active_unverified
pl_osm_cb0662aaea,openstreetmap,node,11212568714,osm:node:11212568714,https://www.openstreetmap.org/node/11212568714,Hedaoya Yaya Archaeological Site,Ampara,Ruins,active_unverified
pl_osm_a369c31490,openstreetmap,node,11212568715,osm:node:11212568715,https://www.openstreetmap.org/node/11212568715,Hulannuge Archaeological Site,Ampara,Ruins,active_unverified
pl_osm_02c2c5b3ff,openstreetmap,node,11212568716,osm:node:11212568716,https://www.openstreetmap.org/node/11212568716,Kandahindagama Archaeological Site,Ampara,Ruins,active_unverified
pl_osm_2bc7ca8565,openstreetmap,node,11215099865,osm:node:11215099865,https://www.openstreetmap.org/node/11215099865,Budu Patuna,Ampara,Ruins,active_unverified
pl_osm_9d119a4e44,openstreetmap,node,12184554013,osm:node:12184554013,https://www.openstreetmap.org/node/12184554013,Ancient Structure,Ampara,Ruins,active_unverified
pl_osm_c44dfc44ed,openstreetmap,node,12484250849,osm:node:12484250849,https://www.openstreetmap.org/node/12484250849,Budubawa,Ampara,Ruins,active_unverified
pl_osm_0c9d22dacd,openstreetmap,node,12484250850,osm:node:12484250850,https://www.openstreetmap.org/node/12484250850,Bowaththegala,Ampara,Ruins,active_unverified
pl_osm_c062b92572,openstreetmap,way,404630718,osm:way:404630718,https://www.openstreetmap.org/way/404630718,Kota Vihara Stupa,Ampara,Ruins,active_unverified
pl_osm_ae37e0b53d,openstreetmap,way,404630719,osm:way:404630719,https://www.openstreetmap.org/way/404630719,Magul Maha Viharaya Stupa,Ampara,Ruins,active_unverified
pl_osm_c2d374a527,openstreetmap,way,404630720,osm:way:404630720,https://www.openstreetmap.org/way/404630720,Magul Maha Viharaya,Ampara,Ruins,active_unverified
pl_osm_ce04a32582,openstreetmap,way,404630721,osm:way:404630721,https://www.openstreetmap.org/way/404630721,Plima geya,Ampara,Ruins,active_unverified
pl_osm_15220369c4,openstreetmap,node,3316572043,osm:node:3316572043,https://www.openstreetmap.org/node/3316572043,Nandhavana Pillayar Kovil,Ampara,Temple,active_unverified
pl_osm_246f9c66bc,openstreetmap,node,3318412436,osm:node:3318412436,https://www.openstreetmap.org/node/3318412436,Kadarkari kannaki Amman Kovil,Ampara,Temple,active_unverified
pl_osm_227b02a7ba,openstreetmap,node,3320202244,osm:node:3320202244,https://www.openstreetmap.org/node/3320202244,Sri Santhana Eeshwara Temple,Ampara,Temple,active_unverified
pl_osm_02219d76ca,openstreetmap,node,3331567240,osm:node:3331567240,https://www.openstreetmap.org/node/3331567240,Sri periya Thambiran Kovil,Ampara,Temple,active_unverified
pl_osm_374da808ea,openstreetmap,node,4463320392,osm:node:4463320392,https://www.openstreetmap.org/node/4463320392,Pallikkudiyiruppu Jumma Masjid,Ampara,Temple,active_unverified
pl_osm_7c5e6c13c1,openstreetmap,node,6377445285,osm:node:6377445285,https://www.openstreetmap.org/node/6377445285,Pillayar Kovill Ampara,Ampara,Temple,active_unverified
pl_osm_2ba9648454,openstreetmap,node,10881624023,osm:node:10881624023,https://www.openstreetmap.org/node/10881624023,Car Park,Ampara,Temple,active_unverified
pl_osm_b91fbce7f9,openstreetmap,node,10881628665,osm:node:10881628665,https://www.openstreetmap.org/node/10881628665,Faculty,Ampara,Temple,active_unverified
pl_osm_1ab701564e,openstreetmap,node,10881641979,osm:node:10881641979,https://www.openstreetmap.org/node/10881641979,Quarters,Ampara,Temple,active_unverified
pl_osm_7217d3e7e6,openstreetmap,node,11294751739,osm:node:11294751739,https://www.openstreetmap.org/node/11294751739,Jummah Mosque Secretariat,Ampara,Temple,active_unverified
pl_osm_8e7fe2b951,openstreetmap,node,11399718784,osm:node:11399718784,https://www.openstreetmap.org/node/11399718784,Masjid An Naja,Ampara,Temple,active_unverified
pl_osm_411052bef2,openstreetmap,node,11617954570,osm:node:11617954570,https://www.openstreetmap.org/node/11617954570,FAC (SEUSL),Ampara,Temple,active_unverified
pl_osm_dcc30c0e21,openstreetmap,node,4291022892,osm:node:4291022892,https://www.openstreetmap.org/node/4291022892,Mukzith Lake View Point,Ampara,Viewpoint,active_unverified
pl_osm_554fca0aa5,openstreetmap,node,4522822590,osm:node:4522822590,https://www.openstreetmap.org/node/4522822590,Q1,Ampara,Viewpoint,active_unverified
pl_osm_431590fbec,openstreetmap,node,4952287524,osm:node:4952287524,https://www.openstreetmap.org/node/4952287524,Elephant shaped rock,Ampara,Viewpoint,active_unverified
pl_osm_a288d3fffe,openstreetmap,node,6267498009,osm:node:6267498009,https://www.openstreetmap.org/node/6267498009,Birds Information Center,Ampara,Viewpoint,active_unverified
pl_osm_3fac1d1e97,openstreetmap,node,10289187718,osm:node:10289187718,https://www.openstreetmap.org/node/10289187718,Kitulana Tank View,Ampara,Viewpoint,active_unverified
pl_osm_f5ac677ddf,openstreetmap,node,11617966770,osm:node:11617966770,https://www.openstreetmap.org/node/11617966770,security point,Ampara,Viewpoint,active_unverified
pl_osm_c57dfaaaee,openstreetmap,node,12184554005,osm:node:12184554005,https://www.openstreetmap.org/node/12184554005,Kokagala,Ampara,Viewpoint,active_unverified
pl_osm_45fbcf17a9,openstreetmap,node,12184556330,osm:node:12184556330,https://www.openstreetmap.org/node/12184556330,Sengamuwa Tank Viewpoint 1,Ampara,Viewpoint,active_unverified
pl_osm_8acef2aa62,openstreetmap,node,12184556331,osm:node:12184556331,https://www.openstreetmap.org/node/12184556331,Sengamuwa Tank Viewpoint 2,Ampara,Viewpoint,active_unverified
pl_osm_19c76c7655,openstreetmap,node,12184556709,osm:node:12184556709,https://www.openstreetmap.org/node/12184556709,Kokkatumulla,Ampara,Viewpoint,active_unverified
pl_osm_77bee9773e,openstreetmap,node,12184556710,osm:node:12184556710,https://www.openstreetmap.org/node/12184556710,Buruthagaha Viewpoint,Ampara,Viewpoint,active_unverified
pl_osm_5b5bcf9691,openstreetmap,node,12184556895,osm:node:12184556895,https://www.openstreetmap.org/node/12184556895,Sulupatumulla,Ampara,Viewpoint,active_unverified
pl_osm_332a212373,openstreetmap,node,566568722,osm:node:566568722,https://www.openstreetmap.org/node/566568722,Awukana Viharaya,Anuradhapura,Buddhist Temple,active_unverified
pl_osm_b49cc14e28,openstreetmap,node,567004191,osm:node:567004191,https://www.openstreetmap.org/node/567004191,Samadhi Buddha Statue,Anuradhapura,Buddhist Temple,active_unverified
pl_osm_16d102e079,openstreetmap,node,567004213,osm:node:567004213,https://www.openstreetmap.org/node/567004213,Isurumuni Viharaya,Anuradhapura,Buddhist Temple,active_unverified
pl_osm_02ba30c64f,openstreetmap,node,1410576898,osm:node:1410576898,https://www.openstreetmap.org/node/1410576898,Second Samadhi Buddha Statue,Anuradhapura,Buddhist Temple,active_unverified
pl_osm_378ef8e86d,openstreetmap,node,1732697627,osm:node:1732697627,https://www.openstreetmap.org/node/1732697627,Isinbessagala Buddhist Temple,Anuradhapura,Buddhist Temple,active_unverified
pl_osm_f3ef6a72dc,openstreetmap,node,2440204555,osm:node:2440204555,https://www.openstreetmap.org/node/2440204555,Galkadawala Temple,Anuradhapura,Buddhist Temple,active_unverified
pl_osm_7fac61aa27,openstreetmap,node,2837985958,osm:node:2837985958,https://www.openstreetmap.org/node/2837985958,Mahindodayaramaya,Anuradhapura,Buddhist Temple,active_unverified
pl_osm_f1882af975,openstreetmap,node,3336217482,osm:node:3336217482,https://www.openstreetmap.org/node/3336217482,Wijithapura Raja Maha Viharaya,Anuradhapura,Buddhist Temple,active_unverified
pl_osm_9e49bb8189,openstreetmap,node,3415425251,osm:node:3415425251,https://www.openstreetmap.org/node/3415425251,Sri Wiwekarama Viharaya,Anuradhapura,Buddhist Temple,active_unverified
pl_osm_62771d3ae9,openstreetmap,node,3518426276,osm:node:3518426276,https://www.openstreetmap.org/node/3518426276,Orugal Seya Purana Rajamaha Viharaya,Anuradhapura,Buddhist Temple,active_unverified
pl_osm_8078e494a0,openstreetmap,node,3591670551,osm:node:3591670551,https://www.openstreetmap.org/node/3591670551,Buddhist Center Nochchiagama,Anuradhapura,Buddhist Temple,active_unverified
pl_osm_4253446525,openstreetmap,node,3783356043,osm:node:3783356043,https://www.openstreetmap.org/node/3783356043,Seelawansa Temple,Anuradhapura,Buddhist Temple,active_unverified
pl_osm_d1c735e7f5,openstreetmap,node,3867320596,osm:node:3867320596,https://www.openstreetmap.org/node/3867320596,Puraana Rajamaha Viharaya,Anuradhapura,Buddhist Temple,active_unverified
pl_osm_cb62b0950f,openstreetmap,node,3944921269,osm:node:3944921269,https://www.openstreetmap.org/node/3944921269,Third Samadhi Buddha Statue,Anuradhapura,Buddhist Temple,active_unverified
pl_osm_acf359f966,openstreetmap,node,4081329203,osm:node:4081329203,https://www.openstreetmap.org/node/4081329203,Aukana Buddha Statue,Anuradhapura,Buddhist Temple,active_unverified
pl_osm_89fd5a9e68,openstreetmap,node,4094724991,osm:node:4094724991,https://www.openstreetmap.org/node/4094724991,Burma Temple,Anuradhapura,Buddhist Temple,active_unverified
pl_osm_cc511f7aa1,openstreetmap,node,4094724992,osm:node:4094724992,https://www.openstreetmap.org/node/4094724992,Pirith Mandapaya,Anuradhapura,Buddhist Temple,active_unverified
pl_osm_e53bef6089,openstreetmap,node,4094724993,osm:node:4094724993,https://www.openstreetmap.org/node/4094724993,Maha Viharaya,Anuradhapura,Buddhist Temple,active_unverified
pl_osm_5b3f9f21de,openstreetmap,node,4099707543,osm:node:4099707543,https://www.openstreetmap.org/node/4099707543,Sri Sarannada Maha Pirivena,Anuradhapura,Buddhist Temple,active_unverified
pl_osm_017b5574b8,openstreetmap,node,4131924065,osm:node:4131924065,https://www.openstreetmap.org/node/4131924065,Rlapanawa Purana Viharaya,Anuradhapura,Buddhist Temple,active_unverified
pl_osm_0fbf14ef35,openstreetmap,node,4529447919,osm:node:4529447919,https://www.openstreetmap.org/node/4529447919,Poonewa Sri Sailamaya Boodhirukkarama Viharasthanay,Anuradhapura,Buddhist Temple,active_unverified
pl_osm_dcfc7e0510,openstreetmap,node,4908028335,osm:node:4908028335,https://www.openstreetmap.org/node/4908028335,Getalewa Temple,Anuradhapura,Buddhist Temple,active_unverified
pl_osm_aede43c97e,openstreetmap,node,5167165072,osm:node:5167165072,https://www.openstreetmap.org/node/5167165072,Abayagiriya Raja Maha Viharaya,Anuradhapura,Buddhist Temple,active_unverified
pl_osm_fdb049a342,openstreetmap,node,5167165094,osm:node:5167165094,https://www.openstreetmap.org/node/5167165094,Anularamaya,Anuradhapura,Buddhist Temple,active_unverified
pl_osm_78b84a1cc0,openstreetmap,node,6180796265,osm:node:6180796265,https://www.openstreetmap.org/node/6180796265,Pihibiyagollewa Sri Jayawardhanaramaya,Anuradhapura,Buddhist Temple,active_unverified
pl_osm_b320700f2f,openstreetmap,node,6180796276,osm:node:6180796276,https://www.openstreetmap.org/node/6180796276,Handagala Kanda Ancient Cave Temple,Anuradhapura,Buddhist Temple,active_unverified
pl_osm_b5702c319e,openstreetmap,node,6550864047,osm:node:6550864047,https://www.openstreetmap.org/node/6550864047,Pallegama Puarana Nakha Wehera Rajamaha Viharaya,Anuradhapura,Buddhist Temple,active_unverified
pl_osm_6c4985ccde,openstreetmap,node,7121797782,osm:node:7121797782,https://www.openstreetmap.org/node/7121797782,Weherabendagala Rajamaha Viharaya,Anuradhapura,Buddhist Temple,active_unverified
pl_osm_62861c1a87,openstreetmap,node,8456100881,osm:node:8456100881,https://www.openstreetmap.org/node/8456100881,Samaviharaya,Anuradhapura,Buddhist Temple,active_unverified
pl_osm_7984d99f9a,openstreetmap,node,9444222731,osm:node:9444222731,https://www.openstreetmap.org/node/9444222731,Sri Sambhodi Aranya Senasanaya,Anuradhapura,Buddhist Temple,active_unverified
pl_osm_257243afcc,openstreetmap,node,9444222789,osm:node:9444222789,https://www.openstreetmap.org/node/9444222789,Halabawewa mahawali sanwardana ramaya thabuththegema,Anuradhapura,Buddhist Temple,active_unverified
pl_osm_69ae2f91a2,openstreetmap,node,9444227238,osm:node:9444227238,https://www.openstreetmap.org/node/9444227238,Sri Sudarshana Purana Viharaya,Anuradhapura,Buddhist Temple,active_unverified
pl_osm_b008988fa8,openstreetmap,node,9444244497,osm:node:9444244497,https://www.openstreetmap.org/node/9444244497,Hureegaswewa Temple,Anuradhapura,Buddhist Temple,active_unverified
pl_osm_2a5e1a29ef,openstreetmap,node,9502757689,osm:node:9502757689,https://www.openstreetmap.org/node/9502757689,‍යහන්ගල ආරණ්‍ය සේනාසනය | Yahangala Aranya Senasanaya,Anuradhapura,Buddhist Temple,active_unverified
pl_osm_72d43c5bf7,openstreetmap,node,9502865752,osm:node:9502865752,https://www.openstreetmap.org/node/9502865752,Budugehinna Sri Naaga Rajamaha Viharaya,Anuradhapura,Buddhist Temple,active_unverified
pl_osm_4296a08f08,openstreetmap,node,9502865753,osm:node:9502865753,https://www.openstreetmap.org/node/9502865753,නිල්මිණි මහා සෑය | Nilmini Maha Seya,Anuradhapura,Buddhist Temple,active_unverified
pl_osm_18ac009682,openstreetmap,node,10127391044,osm:node:10127391044,https://www.openstreetmap.org/node/10127391044,Giribhanda Stupa,Anuradhapura,Buddhist Temple,active_unverified
pl_osm_c2ab9e186c,openstreetmap,node,10308947444,osm:node:10308947444,https://www.openstreetmap.org/node/10308947444,Mahamewnawa Dhammagiri Asapuwa Kahatagadigiliya,Anuradhapura,Buddhist Temple,active_unverified
pl_osm_8b1337a94f,openstreetmap,node,10855968891,osm:node:10855968891,https://www.openstreetmap.org/node/10855968891,Ancient Caves,Anuradhapura,Buddhist Temple,active_unverified
pl_osm_bff752046c,openstreetmap,node,10856002216,osm:node:10856002216,https://www.openstreetmap.org/node/10856002216,Veheragala Purana Rajamaha Viharaya,Anuradhapura,Buddhist Temple,active_unverified
pl_osm_f99c84b6d3,openstreetmap,node,10856014809,osm:node:10856014809,https://www.openstreetmap.org/node/10856014809,Ancient Stupa,Anuradhapura,Buddhist Temple,active_unverified
pl_osm_6cee97b611,openstreetmap,node,11442932159,osm:node:11442932159,https://www.openstreetmap.org/node/11442932159,SRI ABINAWARAMAYA,Anuradhapura,Buddhist Temple,active_unverified
pl_osm_3db09d28df,openstreetmap,node,12118351131,osm:node:12118351131,https://www.openstreetmap.org/node/12118351131,ulpathgama temple,Anuradhapura,Buddhist Temple,active_unverified
pl_osm_0f12494ec3,openstreetmap,node,12986132306,osm:node:12986132306,https://www.openstreetmap.org/node/12986132306,Saliya Rajamaha Viharaya,Anuradhapura,Buddhist Temple,active_unverified
pl_osm_9c287c45e1,openstreetmap,node,12986132307,osm:node:12986132307,https://www.openstreetmap.org/node/12986132307,Thanthirimale Rajamaha Viharaya,Anuradhapura,Buddhist Temple,active_unverified
pl_osm_3389c71344,openstreetmap,node,13530002039,osm:node:13530002039,https://www.openstreetmap.org/node/13530002039,Shri Gnnanathilakaramaya,Anuradhapura,Buddhist Temple,active_unverified
pl_osm_72b51b41ee,openstreetmap,node,13829943901,osm:node:13829943901,https://www.openstreetmap.org/node/13829943901,Kotogala Aranya Senasanaya,Anuradhapura,Buddhist Temple,active_unverified
pl_osm_7107efd1ad,openstreetmap,node,13830361802,osm:node:13830361802,https://www.openstreetmap.org/node/13830361802,Shanti Lena Aranya Senasanaya,Anuradhapura,Buddhist Temple,active_unverified
pl_osm_a349240ef0,openstreetmap,node,13830848403,osm:node:13830848403,https://www.openstreetmap.org/node/13830848403,Kubuk Sisila Asapuwa,Anuradhapura,Buddhist Temple,active_unverified
pl_osm_4a29331722,openstreetmap,node,13838225502,osm:node:13838225502,https://www.openstreetmap.org/node/13838225502,Mahamevnawa - Habarana,Anuradhapura,Buddhist Temple,active_unverified
pl_osm_5be8861184,openstreetmap,node,13848026201,osm:node:13848026201,https://www.openstreetmap.org/node/13848026201,Ritigala Andiyakanda Aranya Senasanaya,Anuradhapura,Buddhist Temple,active_unverified
pl_osm_ecbb25756b,openstreetmap,node,13864766904,osm:node:13864766904,https://www.openstreetmap.org/node/13864766904,Mahamevnawa Sadhaham Senasuna - Galennbindunuwewa,Anuradhapura,Buddhist Temple,active_unverified
pl_osm_2ee1fe1ee5,openstreetmap,node,13865632201,osm:node:13865632201,https://www.openstreetmap.org/node/13865632201,Katupota Kandha Vajirarama Forest Monastery,Anuradhapura,Buddhist Temple,active_unverified
pl_osm_06129c62da,openstreetmap,node,13891084001,osm:node:13891084001,https://www.openstreetmap.org/node/13891084001,Sujatha Puthra International Vipassana Meditation Center,Anuradhapura,Buddhist Temple,active_unverified
pl_osm_94b4571aa0,openstreetmap,way,115767725,osm:way:115767725,https://www.openstreetmap.org/way/115767725,Jethavana Dagoba,Anuradhapura,Buddhist Temple,active_unverified
pl_osm_8ff26b2567,openstreetmap,way,126442943,osm:way:126442943,https://www.openstreetmap.org/way/126442943,Kantaka Chetiya,Anuradhapura,Buddhist Temple,active_unverified
pl_osm_f87336c943,openstreetmap,way,247452366,osm:way:247452366,https://www.openstreetmap.org/way/247452366,Sandahiru Dagoba,Anuradhapura,Buddhist Temple,active_unverified
pl_osm_d55d3cec79,openstreetmap,way,247452367,osm:way:247452367,https://www.openstreetmap.org/way/247452367,Mirisavatiya Dagoba,Anuradhapura,Buddhist Temple,active_unverified
pl_osm_9b84ee1f32,openstreetmap,way,247453300,osm:way:247453300,https://www.openstreetmap.org/way/247453300,Ruwanwelisaya Dagoba,Anuradhapura,Buddhist Temple,active_unverified
pl_osm_534dade2fb,openstreetmap,way,247453305,osm:way:247453305,https://www.openstreetmap.org/way/247453305,Thuparamaya Dagoba,Anuradhapura,Buddhist Temple,active_unverified
pl_osm_923c289d1f,openstreetmap,way,278865150,osm:way:278865150,https://www.openstreetmap.org/way/278865150,Lankaramaya Dagoba,Anuradhapura,Buddhist Temple,active_unverified
pl_osm_a527fba50d,openstreetmap,way,278865152,osm:way:278865152,https://www.openstreetmap.org/way/278865152,Abhayagiriya Dagoba,Anuradhapura,Buddhist Temple,active_unverified
pl_osm_f2359d3547,openstreetmap,way,286059278,osm:way:286059278,https://www.openstreetmap.org/way/286059278,Mihidupura,Anuradhapura,Buddhist Temple,active_unverified
pl_osm_ce541acc1d,openstreetmap,way,398907394,osm:way:398907394,https://www.openstreetmap.org/way/398907394,Sri Maha Bodhi,Anuradhapura,Buddhist Temple,active_unverified
pl_osm_ee547df45d,openstreetmap,way,398907406,osm:way:398907406,https://www.openstreetmap.org/way/398907406,Mihindu Seya,Anuradhapura,Buddhist Temple,active_unverified
pl_osm_2a3e47106e,openstreetmap,way,398907408,osm:way:398907408,https://www.openstreetmap.org/way/398907408,Sela Cetiya,Anuradhapura,Buddhist Temple,active_unverified
pl_osm_713e424797,openstreetmap,way,406914996,osm:way:406914996,https://www.openstreetmap.org/way/406914996,Thabuttegama temple,Anuradhapura,Buddhist Temple,active_unverified
pl_osm_69a54e7079,openstreetmap,way,499863566,osm:way:499863566,https://www.openstreetmap.org/way/499863566,Gallellagama Sri Pada Padma Viharaya,Anuradhapura,Buddhist Temple,active_unverified
pl_osm_4e701d5175,openstreetmap,way,499863584,osm:way:499863584,https://www.openstreetmap.org/way/499863584,Kidagalegama Sri Dalada Viharaya,Anuradhapura,Buddhist Temple,active_unverified
pl_osm_db47541f40,openstreetmap,way,499863585,osm:way:499863585,https://www.openstreetmap.org/way/499863585,Sri Bodhirukkharama Viharaya,Anuradhapura,Buddhist Temple,active_unverified
pl_osm_ca65448039,openstreetmap,way,499863604,osm:way:499863604,https://www.openstreetmap.org/way/499863604,Ethakada Sri Bodhimalu Viharaya,Anuradhapura,Buddhist Temple,active_unverified
pl_osm_fd21bd0a67,openstreetmap,way,519122016,osm:way:519122016,https://www.openstreetmap.org/way/519122016,Galwaduwagama Viharaya,Anuradhapura,Buddhist Temple,active_unverified
pl_osm_f2df075e28,openstreetmap,way,538923682,osm:way:538923682,https://www.openstreetmap.org/way/538923682,Sri Sangamittaramaya,Anuradhapura,Buddhist Temple,active_unverified
pl_osm_ce01b1c854,openstreetmap,way,539678961,osm:way:539678961,https://www.openstreetmap.org/way/539678961,Janaranjanarama Viharaya,Anuradhapura,Buddhist Temple,active_unverified
pl_osm_9f810bf0c6,openstreetmap,way,539678977,osm:way:539678977,https://www.openstreetmap.org/way/539678977,Chethiyagiri Rajamaha Viharaya,Anuradhapura,Buddhist Temple,active_unverified
pl_osm_8ab5bbe974,openstreetmap,way,542542124,osm:way:542542124,https://www.openstreetmap.org/way/542542124,Sandamal Eliya Sri Pushparamaya,Anuradhapura,Buddhist Temple,active_unverified
pl_osm_4b742a0fd6,openstreetmap,way,542542127,osm:way:542542127,https://www.openstreetmap.org/way/542542127,Sri Wishuddharamaya,Anuradhapura,Buddhist Temple,active_unverified
pl_osm_69a30fafe5,openstreetmap,way,542542130,osm:way:542542130,https://www.openstreetmap.org/way/542542130,Sri Sudarshanarama,Anuradhapura,Buddhist Temple,active_unverified
pl_osm_bb5705a563,openstreetmap,way,542542138,osm:way:542542138,https://www.openstreetmap.org/way/542542138,Themagul Maha Viharaya,Anuradhapura,Buddhist Temple,active_unverified
pl_osm_80ab7ce5c9,openstreetmap,way,542542152,osm:way:542542152,https://www.openstreetmap.org/way/542542152,Saliya Mangala Maha Viharaya,Anuradhapura,Buddhist Temple,active_unverified
pl_osm_837efdfb7a,openstreetmap,way,544945951,osm:way:544945951,https://www.openstreetmap.org/way/544945951,Bauddayana Viharaya,Anuradhapura,Buddhist Temple,active_unverified
pl_osm_77e3b4d6ac,openstreetmap,way,548874061,osm:way:548874061,https://www.openstreetmap.org/way/548874061,Sri Bodhirajaramaya,Anuradhapura,Buddhist Temple,active_unverified
pl_osm_8d13048467,openstreetmap,way,550562521,osm:way:550562521,https://www.openstreetmap.org/way/550562521,Mallikarama Bhikuni Aramaya,Anuradhapura,Buddhist Temple,active_unverified
pl_osm_4c243d0aa4,openstreetmap,way,551031936,osm:way:551031936,https://www.openstreetmap.org/way/551031936,Uththara Saliya Viharaya,Anuradhapura,Buddhist Temple,active_unverified
pl_osm_6fdb728874,openstreetmap,way,551859152,osm:way:551859152,https://www.openstreetmap.org/way/551859152,Sri Dharmaraja Temple,Anuradhapura,Buddhist Temple,active_unverified
pl_osm_0070001d51,openstreetmap,way,552088690,osm:way:552088690,https://www.openstreetmap.org/way/552088690,Sri Sambuddhi Viharaya,Anuradhapura,Buddhist Temple,active_unverified
pl_osm_79b1046bf6,openstreetmap,way,553428765,osm:way:553428765,https://www.openstreetmap.org/way/553428765,Wijeyaramaya,Anuradhapura,Buddhist Temple,active_unverified
pl_osm_a78c51e6f0,openstreetmap,way,553679359,osm:way:553679359,https://www.openstreetmap.org/way/553679359,Ananda Viharaya,Anuradhapura,Buddhist Temple,active_unverified
pl_osm_7e6759bc75,openstreetmap,way,553819263,osm:way:553819263,https://www.openstreetmap.org/way/553819263,Kumbukgollewa Temple,Anuradhapura,Buddhist Temple,active_unverified
pl_osm_13b0c3bb7f,openstreetmap,way,554184216,osm:way:554184216,https://www.openstreetmap.org/way/554184216,RATHANAGARA BAUDDA MADYASTANAYA,Anuradhapura,Buddhist Temple,active_unverified
pl_osm_1661d592dc,openstreetmap,way,555360376,osm:way:555360376,https://www.openstreetmap.org/way/555360376,Dhammachethiya Mahamevna Monastery,Anuradhapura,Buddhist Temple,active_unverified
pl_osm_7679be3cb8,openstreetmap,way,558670995,osm:way:558670995,https://www.openstreetmap.org/way/558670995,Sri Naga Rajamaha Viharaya ශ්‍රී නාග රජමහා විහාරය,Anuradhapura,Buddhist Temple,active_unverified
pl_osm_0631c0dd60,openstreetmap,way,568190485,osm:way:568190485,https://www.openstreetmap.org/way/568190485,Yaya 5 Sri Ashokaramaya,Anuradhapura,Buddhist Temple,active_unverified
pl_osm_7280af8cfe,openstreetmap,way,581147401,osm:way:581147401,https://www.openstreetmap.org/way/581147401,Eth Vehera,Anuradhapura,Buddhist Temple,active_unverified
pl_osm_3dc8aeecf8,openstreetmap,way,581153415,osm:way:581153415,https://www.openstreetmap.org/way/581153415,Pagoda,Anuradhapura,Buddhist Temple,active_unverified
pl_osm_56511eb1e3,openstreetmap,way,581207227,osm:way:581207227,https://www.openstreetmap.org/way/581207227,Ambasthala Dagaba,Anuradhapura,Buddhist Temple,active_unverified
pl_osm_7cd73b7233,openstreetmap,way,583309293,osm:way:583309293,https://www.openstreetmap.org/way/583309293,Sri Saddharmaraaja Viharaya,Anuradhapura,Buddhist Temple,active_unverified
pl_osm_f2cb245112,openstreetmap,way,583309301,osm:way:583309301,https://www.openstreetmap.org/way/583309301,Sri Siddharthodhaya Piriwena,Anuradhapura,Buddhist Temple,active_unverified
pl_osm_cccedbf4ac,openstreetmap,way,597700527,osm:way:597700527,https://www.openstreetmap.org/way/597700527,Oththappuwa Rajamaha Viharaya,Anuradhapura,Buddhist Temple,active_unverified
pl_osm_d84a49907a,openstreetmap,way,597700690,osm:way:597700690,https://www.openstreetmap.org/way/597700690,Divulwewa Sri Jayagangaramaya,Anuradhapura,Buddhist Temple,active_unverified
pl_osm_0201359457,openstreetmap,way,632760014,osm:way:632760014,https://www.openstreetmap.org/way/632760014,Meditation Hall,Anuradhapura,Buddhist Temple,active_unverified
pl_osm_8cca0a61ee,openstreetmap,way,661097197,osm:way:661097197,https://www.openstreetmap.org/way/661097197,Ulpothagama Temple,Anuradhapura,Buddhist Temple,active_unverified
pl_osm_abc13e02a6,openstreetmap,way,664602460,osm:way:664602460,https://www.openstreetmap.org/way/664602460,Sri Bodhirajarama Viharaya,Anuradhapura,Buddhist Temple,active_unverified
pl_osm_2dc38ef889,openstreetmap,way,667433312,osm:way:667433312,https://www.openstreetmap.org/way/667433312,Seewalee Chaithiyarama Rajamaha Viharaya,Anuradhapura,Buddhist Temple,active_unverified
pl_osm_99188454f9,openstreetmap,way,675216082,osm:way:675216082,https://www.openstreetmap.org/way/675216082,Sri Medhankararamaya,Anuradhapura,Buddhist Temple,active_unverified
pl_osm_0750b5b56f,openstreetmap,way,682065030,osm:way:682065030,https://www.openstreetmap.org/way/682065030,Damsaragama Sri Bodhimaluwa Viharaya,Anuradhapura,Buddhist Temple,active_unverified
pl_osm_035a6e3b59,openstreetmap,way,682065713,osm:way:682065713,https://www.openstreetmap.org/way/682065713,Kawarakkulama Sri Sudharamaramaya,Anuradhapura,Buddhist Temple,active_unverified
pl_osm_76a4318355,openstreetmap,way,778313095,osm:way:778313095,https://www.openstreetmap.org/way/778313095,Kapugollewa Sri Jayasumanarama Purana Viharaya,Anuradhapura,Buddhist Temple,active_unverified
pl_osm_710f77f1fb,openstreetmap,way,778550973,osm:way:778550973,https://www.openstreetmap.org/way/778550973,Aliwanguwa Purana Bodhirukkarama Viharaya,Anuradhapura,Buddhist Temple,active_unverified
pl_osm_cf235736df,openstreetmap,way,782723863,osm:way:782723863,https://www.openstreetmap.org/way/782723863,Sri Jayasumanarama Viharaya,Anuradhapura,Buddhist Temple,active_unverified
pl_osm_dfc239421c,openstreetmap,way,782723867,osm:way:782723867,https://www.openstreetmap.org/way/782723867,Bellankadawala Sri Nandaramaya,Anuradhapura,Buddhist Temple,active_unverified
pl_osm_8b832db876,openstreetmap,way,910706415,osm:way:910706415,https://www.openstreetmap.org/way/910706415,Isurusiri Viharaya,Anuradhapura,Buddhist Temple,active_unverified
pl_osm_91ea2dbd3f,openstreetmap,way,1217677966,osm:way:1217677966,https://www.openstreetmap.org/way/1217677966,srawasthipura jayanthimaha viharaya temple,Anuradhapura,Buddhist Temple,active_unverified
pl_osm_b76c0e2fb4,openstreetmap,node,4409259289,osm:node:4409259289,https://www.openstreetmap.org/node/4409259289,Citadel,Anuradhapura,Building,active_unverified
pl_osm_ec95e49a65,openstreetmap,node,4463292294,osm:node:4463292294,https://www.openstreetmap.org/node/4463292294,Refectory,Anuradhapura,Building,active_unverified
pl_osm_324701fda5,openstreetmap,node,4621888689,osm:node:4621888689,https://www.openstreetmap.org/node/4621888689,Moonstone II,Anuradhapura,Building,active_unverified
pl_osm_9a51da385b,openstreetmap,node,5319539696,osm:node:5319539696,https://www.openstreetmap.org/node/5319539696,Buddha Statue,Anuradhapura,Building,active_unverified
pl_osm_01b679fd8c,openstreetmap,node,6432436685,osm:node:6432436685,https://www.openstreetmap.org/node/6432436685,Royal park (baths),Anuradhapura,Building,active_unverified
pl_osm_e5b9a7d3f2,openstreetmap,node,10877048230,osm:node:10877048230,https://www.openstreetmap.org/node/10877048230,Sarananda Pirivena Buddha statue,Anuradhapura,Building,active_unverified
pl_osm_f535954b6c,openstreetmap,node,10880157505,osm:node:10880157505,https://www.openstreetmap.org/node/10880157505,Walisingha Harishchandra,Anuradhapura,Building,active_unverified
pl_osm_1c06ba321f,openstreetmap,node,11482826691,osm:node:11482826691,https://www.openstreetmap.org/node/11482826691,Ranmasu Uyana - Star Gate,Anuradhapura,Building,active_unverified
pl_osm_9ea0152d28,openstreetmap,way,543899216,osm:way:543899216,https://www.openstreetmap.org/way/543899216,Rathna Prasada,Anuradhapura,Building,active_unverified
pl_osm_66b5025c95,openstreetmap,way,543899232,osm:way:543899232,https://www.openstreetmap.org/way/543899232,Mahasena Temple (Moonstone),Anuradhapura,Building,active_unverified
pl_osm_0c6b82a410,openstreetmap,way,1236504821,osm:way:1236504821,https://www.openstreetmap.org/way/1236504821,Sandakada pahana (Moonstone),Anuradhapura,Building,active_unverified
pl_osm_fd24560ec2,openstreetmap,node,5412519221,osm:node:5412519221,https://www.openstreetmap.org/node/5412519221,Dalada Maligawa,Anuradhapura,Building,active_unverified
pl_osm_d9dd72fe6b,openstreetmap,node,2837955333,osm:node:2837955333,https://www.openstreetmap.org/node/2837955333,St. Anthony's Church,Anuradhapura,Church,active_unverified
pl_osm_7239bd7fb6,openstreetmap,node,11442932146,osm:node:11442932146,https://www.openstreetmap.org/node/11442932146,circuit bungalow (FCRDI),Anuradhapura,Church,active_unverified
pl_osm_f44abd63a4,openstreetmap,way,553495338,osm:way:553495338,https://www.openstreetmap.org/way/553495338,Pothanegama Catholic Church,Anuradhapura,Church,active_unverified
pl_osm_e6bcb93ea6,openstreetmap,node,1181986209,osm:node:1181986209,https://www.openstreetmap.org/node/1181986209,Mohideen Grand Mosque,Anuradhapura,Mosque,active_unverified
pl_osm_90906d2170,openstreetmap,node,9771160436,osm:node:9771160436,https://www.openstreetmap.org/node/9771160436,Kalawewa Jumma Grand Masjid,Anuradhapura,Mosque,active_unverified
pl_osm_c931293e64,openstreetmap,node,9861025576,osm:node:9861025576,https://www.openstreetmap.org/node/9861025576,Thakiyya masjid,Anuradhapura,Mosque,active_unverified
pl_osm_c5e66b03da,openstreetmap,node,13003565063,osm:node:13003565063,https://www.openstreetmap.org/node/13003565063,Mihintale Jumma Masjidh,Anuradhapura,Mosque,active_unverified
pl_osm_1a5f074adb,openstreetmap,way,404000676,osm:way:404000676,https://www.openstreetmap.org/way/404000676,Mosque,Anuradhapura,Mosque,active_unverified
pl_osm_0afb5bf343,openstreetmap,way,404001988,osm:way:404001988,https://www.openstreetmap.org/way/404001988,kiwulakada jummah mosque,Anuradhapura,Mosque,active_unverified
pl_osm_1410b40301,openstreetmap,way,1415080810,osm:way:1415080810,https://www.openstreetmap.org/way/1415080810,Mihintale Jummah Masjidh,Anuradhapura,Mosque,active_unverified
pl_osm_4578e90992,openstreetmap,node,4365606089,osm:node:4365606089,https://www.openstreetmap.org/node/4365606089,Thuruwila purana Raja maha Viharaya,Anuradhapura,Museum,active_unverified
pl_osm_924b328ae0,openstreetmap,node,10811136105,osm:node:10811136105,https://www.openstreetmap.org/node/10811136105,Isurumuniya Museum,Anuradhapura,Museum,active_unverified
pl_osm_3209710124,openstreetmap,node,13570488105,osm:node:13570488105,https://www.openstreetmap.org/node/13570488105,Archaeological museum,Anuradhapura,Museum,active_unverified
pl_osm_9248dcbeb5,openstreetmap,way,127264515,osm:way:127264515,https://www.openstreetmap.org/way/127264515,Muzeum Jetavana,Anuradhapura,Museum,active_unverified
pl_osm_071d7d3fc4,openstreetmap,way,398905067,osm:way:398905067,https://www.openstreetmap.org/way/398905067,Folk Museum,Anuradhapura,Museum,active_unverified
pl_osm_bda697de89,openstreetmap,way,398905090,osm:way:398905090,https://www.openstreetmap.org/way/398905090,Archaelogical Museum,Anuradhapura,Museum,active_unverified
pl_osm_dfa471d115,openstreetmap,way,531627419,osm:way:531627419,https://www.openstreetmap.org/way/531627419,Ranmasu Uyana,Anuradhapura,National Park,active_unverified
pl_osm_8c09f64b05,openstreetmap,node,4407902422,osm:node:4407902422,https://www.openstreetmap.org/node/4407902422,Gal Palama,Anuradhapura,Other,active_unverified
pl_osm_2d9175e53a,openstreetmap,node,4726751890,osm:node:4726751890,https://www.openstreetmap.org/node/4726751890,Jathika Namal Uyana,Anuradhapura,Other,active_unverified
pl_osm_45f11d120e,openstreetmap,node,5046261527,osm:node:5046261527,https://www.openstreetmap.org/node/5046261527,meditation temple,Anuradhapura,Other,active_unverified
pl_osm_17e68ebab0,openstreetmap,node,5314443422,osm:node:5314443422,https://www.openstreetmap.org/node/5314443422,Pankuliya Ashokaramaya,Anuradhapura,Other,active_unverified
pl_osm_61590c3c31,openstreetmap,node,5711360821,osm:node:5711360821,https://www.openstreetmap.org/node/5711360821,Kiribath Wahera,Anuradhapura,Other,active_unverified
pl_osm_daaead1ba2,openstreetmap,node,5711360822,osm:node:5711360822,https://www.openstreetmap.org/node/5711360822,Western Monastery,Anuradhapura,Other,active_unverified
pl_osm_c161a0ee67,openstreetmap,node,5714845930,osm:node:5714845930,https://www.openstreetmap.org/node/5714845930,Monastery Ruins,Anuradhapura,Other,active_unverified
pl_osm_bb16b59c47,openstreetmap,node,6315702786,osm:node:6315702786,https://www.openstreetmap.org/node/6315702786,Big Tree,Anuradhapura,Other,active_unverified
pl_osm_7bd2005e97,openstreetmap,node,6683049985,osm:node:6683049985,https://www.openstreetmap.org/node/6683049985,Ruins Main Residential Complex,Anuradhapura,Other,active_unverified
pl_osm_4ed53aa1a0,openstreetmap,node,6687613887,osm:node:6687613887,https://www.openstreetmap.org/node/6687613887,Mahinda cave,Anuradhapura,Other,active_unverified
pl_osm_336ed51e51,openstreetmap,node,7091125986,osm:node:7091125986,https://www.openstreetmap.org/node/7091125986,Ruwanweli Maha Seya,Anuradhapura,Other,active_unverified
pl_osm_02288e27f6,openstreetmap,node,7235296085,osm:node:7235296085,https://www.openstreetmap.org/node/7235296085,Entrance Hurulu Eco Park,Anuradhapura,Other,active_unverified
pl_osm_bfc3f34f7e,openstreetmap,node,10811136107,osm:node:10811136107,https://www.openstreetmap.org/node/10811136107,Octagonal ruin,Anuradhapura,Other,active_unverified
pl_osm_59e90a7e35,openstreetmap,node,10811136108,osm:node:10811136108,https://www.openstreetmap.org/node/10811136108,Rock cave with stone doorway,Anuradhapura,Other,active_unverified
pl_osm_928736b176,openstreetmap,node,10814089805,osm:node:10814089805,https://www.openstreetmap.org/node/10814089805,Ruin with pillars and stupa mounds,Anuradhapura,Other,active_unverified
pl_osm_2261c42501,openstreetmap,node,12592876801,osm:node:12592876801,https://www.openstreetmap.org/node/12592876801,Comunity Based Tourism Office,Anuradhapura,Other,active_unverified
pl_osm_dc24deca5e,openstreetmap,node,3723220027,osm:node:3723220027,https://www.openstreetmap.org/node/3723220027,Ritigala Ancient Buddhist Monastery,Anuradhapura,Ruins,active_unverified
pl_osm_f413a82ade,openstreetmap,node,3937246495,osm:node:3937246495,https://www.openstreetmap.org/node/3937246495,Kaludiya Pokuna,Anuradhapura,Ruins,active_unverified
pl_osm_6dbecd0d68,openstreetmap,node,3937270688,osm:node:3937270688,https://www.openstreetmap.org/node/3937270688,Library,Anuradhapura,Ruins,active_unverified
pl_osm_87f0264f66,openstreetmap,node,3944921267,osm:node:3944921267,https://www.openstreetmap.org/node/3944921267,Relic Shrine,Anuradhapura,Ruins,active_unverified
pl_osm_aafd83dfac,openstreetmap,node,3944921268,osm:node:3944921268,https://www.openstreetmap.org/node/3944921268,Main Refectory,Anuradhapura,Ruins,active_unverified
pl_osm_cfa59a3905,openstreetmap,node,3944921271,osm:node:3944921271,https://www.openstreetmap.org/node/3944921271,Prasada Stupa,Anuradhapura,Ruins,active_unverified
pl_osm_4fb308c7c6,openstreetmap,node,3944966632,osm:node:3944966632,https://www.openstreetmap.org/node/3944966632,Mahayana Stupa,Anuradhapura,Ruins,active_unverified
pl_osm_474573dd73,openstreetmap,node,3944966668,osm:node:3944966668,https://www.openstreetmap.org/node/3944966668,Cave shelter,Anuradhapura,Ruins,active_unverified
pl_osm_e1bd487da2,openstreetmap,node,3944966696,osm:node:3944966696,https://www.openstreetmap.org/node/3944966696,Dighapashana cave,Anuradhapura,Ruins,active_unverified
pl_osm_b9f92579db,openstreetmap,node,4096541049,osm:node:4096541049,https://www.openstreetmap.org/node/4096541049,Ancient Stone Bridge,Anuradhapura,Ruins,active_unverified
pl_osm_b159cb50ad,openstreetmap,node,4690500674,osm:node:4690500674,https://www.openstreetmap.org/node/4690500674,Patimaghara,Anuradhapura,Ruins,active_unverified
pl_osm_a73eeb7028,openstreetmap,node,5091953653,osm:node:5091953653,https://www.openstreetmap.org/node/5091953653,Kuba Vehera (Ochchappu Kallu),Anuradhapura,Ruins,active_unverified
pl_osm_c93dfd6dab,openstreetmap,node,5178155065,osm:node:5178155065,https://www.openstreetmap.org/node/5178155065,Maha Vihara Padhanagharaya,Anuradhapura,Ruins,active_unverified
pl_osm_71d9110398,openstreetmap,node,5245293283,osm:node:5245293283,https://www.openstreetmap.org/node/5245293283,Thanthirimale Archaeological Reserve,Anuradhapura,Ruins,active_unverified
pl_osm_7733dcfdbd,openstreetmap,node,5247245410,osm:node:5247245410,https://www.openstreetmap.org/node/5247245410,Stone bridge 01,Anuradhapura,Ruins,active_unverified
pl_osm_91747c8ab8,openstreetmap,node,5604566173,osm:node:5604566173,https://www.openstreetmap.org/node/5604566173,Ruined Stupa,Anuradhapura,Ruins,active_unverified
pl_osm_1f2e563edd,openstreetmap,way,550562510,osm:way:550562510,https://www.openstreetmap.org/way/550562510,Twin Pond,Anuradhapura,Ruins,active_unverified
pl_osm_326c16c872,openstreetmap,way,1217679442,osm:way:1217679442,https://www.openstreetmap.org/way/1217679442,Rajagiri Lena site,Anuradhapura,Ruins,active_unverified
pl_osm_eac6d13d6e,openstreetmap,way,1217679737,osm:way:1217679737,https://www.openstreetmap.org/way/1217679737,Mihinthalaya Acheaological site,Anuradhapura,Ruins,active_unverified
pl_osm_7ba3ffe18c,openstreetmap,way,1356595422,osm:way:1356595422,https://www.openstreetmap.org/way/1356595422,Mihintale Sacred City,Anuradhapura,Ruins,active_unverified
pl_osm_5958ff98d4,openstreetmap,node,1402637232,osm:node:1402637232,https://www.openstreetmap.org/node/1402637232,Sinha Pokuna,Anuradhapura,Ruins,active_unverified
pl_osm_a0b84712fc,openstreetmap,node,2831589055,osm:node:2831589055,https://www.openstreetmap.org/node/2831589055,Wijayarama Archaeological Site,Anuradhapura,Ruins,active_unverified
pl_osm_70ff35b9c6,openstreetmap,node,2831907385,osm:node:2831907385,https://www.openstreetmap.org/node/2831907385,Ramakele Ruins,Anuradhapura,Ruins,active_unverified
pl_osm_7b63450532,openstreetmap,node,3105221929,osm:node:3105221929,https://www.openstreetmap.org/node/3105221929,Bodhigharaya,Anuradhapura,Ruins,active_unverified
pl_osm_4ccd560beb,openstreetmap,node,5260006521,osm:node:5260006521,https://www.openstreetmap.org/node/5260006521,Kimbulaketugala,Anuradhapura,Ruins,active_unverified
pl_osm_ee4538acb8,openstreetmap,node,5267471308,osm:node:5267471308,https://www.openstreetmap.org/node/5267471308,Tholuvila Monastery,Anuradhapura,Ruins,active_unverified
pl_osm_63770ae228,openstreetmap,node,5561252044,osm:node:5561252044,https://www.openstreetmap.org/node/5561252044,Maninaga Mandiraya,Anuradhapura,Ruins,active_unverified
pl_osm_b44e80a3d2,openstreetmap,node,5820418632,osm:node:5820418632,https://www.openstreetmap.org/node/5820418632,Mahapali Alms-Hall,Anuradhapura,Ruins,active_unverified
pl_osm_f222a7b532,openstreetmap,node,5820418634,osm:node:5820418634,https://www.openstreetmap.org/node/5820418634,Vaulted Vihara (Gedige) Image House of Anuradhapura,Anuradhapura,Ruins,active_unverified
pl_osm_70dcb109a4,openstreetmap,node,6183506039,osm:node:6183506039,https://www.openstreetmap.org/node/6183506039,Mahakanadarawa Stone Bridge,Anuradhapura,Ruins,active_unverified
pl_osm_829b3359d7,openstreetmap,node,6183566652,osm:node:6183566652,https://www.openstreetmap.org/node/6183566652,Wasammale Hill/Cave painting,Anuradhapura,Ruins,active_unverified
pl_osm_0cb2d1747e,openstreetmap,node,6859758947,osm:node:6859758947,https://www.openstreetmap.org/node/6859758947,Mayura Parivena,Anuradhapura,Ruins,active_unverified
pl_osm_30a643b184,openstreetmap,node,12985856596,osm:node:12985856596,https://www.openstreetmap.org/node/12985856596,Galge Viharaya Ruins,Anuradhapura,Ruins,active_unverified
pl_osm_beec930703,openstreetmap,node,12985856598,osm:node:12985856598,https://www.openstreetmap.org/node/12985856598,Thimbiripokuna Palamgala,Anuradhapura,Ruins,active_unverified
pl_osm_6763892854,openstreetmap,node,12985856599,osm:node:12985856599,https://www.openstreetmap.org/node/12985856599,Hunuvilagama Ruins,Anuradhapura,Ruins,active_unverified
pl_osm_66894c83a7,openstreetmap,node,12985856600,osm:node:12985856600,https://www.openstreetmap.org/node/12985856600,Weeransole Ruins,Anuradhapura,Ruins,active_unverified
pl_osm_29d20a3d65,openstreetmap,node,12985856601,osm:node:12985856601,https://www.openstreetmap.org/node/12985856601,Kuda Vilachchiya Wewa and its Ruins,Anuradhapura,Ruins,active_unverified
pl_osm_3c365f242c,openstreetmap,node,12985877731,osm:node:12985877731,https://www.openstreetmap.org/node/12985877731,Galbendi Neeravia Archaeological Ruins,Anuradhapura,Ruins,active_unverified
pl_osm_1dcca27960,openstreetmap,node,12986104935,osm:node:12986104935,https://www.openstreetmap.org/node/12986104935,Tammannawala Archaeological Ruins,Anuradhapura,Ruins,active_unverified
pl_osm_9ecbd198e0,openstreetmap,node,12986104963,osm:node:12986104963,https://www.openstreetmap.org/node/12986104963,Mahaandaragollewa Wewa Archaeological Ruins,Anuradhapura,Ruins,active_unverified
pl_osm_2adc60b495,openstreetmap,node,12986131701,osm:node:12986131701,https://www.openstreetmap.org/node/12986131701,Monastic Ruins,Anuradhapura,Ruins,active_unverified
pl_osm_65ff1b31ba,openstreetmap,node,12986131735,osm:node:12986131735,https://www.openstreetmap.org/node/12986131735,Stone Pillar Manufature Site,Anuradhapura,Ruins,active_unverified
pl_osm_d057d8806a,openstreetmap,node,12986132033,osm:node:12986132033,https://www.openstreetmap.org/node/12986132033,Nai Pena Guhawa Archaeological Ruins,Anuradhapura,Ruins,active_unverified
pl_osm_7ad058fa5c,openstreetmap,node,12986132212,osm:node:12986132212,https://www.openstreetmap.org/node/12986132212,Veheragala Ruins,Anuradhapura,Ruins,active_unverified
pl_osm_14a3000e99,openstreetmap,way,278865307,osm:way:278865307,https://www.openstreetmap.org/way/278865307,Palace of Vijayaba,Anuradhapura,Ruins,active_unverified
pl_osm_811d64f386,openstreetmap,way,398907402,osm:way:398907402,https://www.openstreetmap.org/way/398907402,Mihinthale Ancient Hospital Complex,Anuradhapura,Ruins,active_unverified
pl_osm_8a0ba0b9c8,openstreetmap,way,581132512,osm:way:581132512,https://www.openstreetmap.org/way/581132512,Indikatu Seya Monastery,Anuradhapura,Ruins,active_unverified
pl_osm_e6b55bdaa6,openstreetmap,way,581132513,osm:way:581132513,https://www.openstreetmap.org/way/581132513,Katu seya,Anuradhapura,Ruins,active_unverified
pl_osm_5539f8ad73,openstreetmap,way,581144469,osm:way:581144469,https://www.openstreetmap.org/way/581144469,The Alms hall,Anuradhapura,Ruins,active_unverified
pl_osm_9e36898fde,openstreetmap,way,581144470,osm:way:581144470,https://www.openstreetmap.org/way/581144470,The Relic House,Anuradhapura,Ruins,active_unverified
pl_osm_b63eeb56f9,openstreetmap,way,615528137,osm:way:615528137,https://www.openstreetmap.org/way/615528137,Mahaviharaya Alms Hall,Anuradhapura,Ruins,active_unverified
pl_osm_dd3516941b,openstreetmap,node,5311310524,osm:node:5311310524,https://www.openstreetmap.org/node/5311310524,dhamma Anuradha vipassana meditation center,Anuradhapura,Temple,active_unverified
pl_osm_b08501d1a7,openstreetmap,node,6598884165,osm:node:6598884165,https://www.openstreetmap.org/node/6598884165,Chandrasekara Aramaya,Anuradhapura,Temple,active_unverified
pl_osm_2a88b5d08c,openstreetmap,node,7905101881,osm:node:7905101881,https://www.openstreetmap.org/node/7905101881,Samadhi Maha Viharaya,Anuradhapura,Temple,active_unverified
pl_osm_e9d459fe12,openstreetmap,node,9771160437,osm:node:9771160437,https://www.openstreetmap.org/node/9771160437,AY mill,Anuradhapura,Temple,active_unverified
pl_osm_1394453997,openstreetmap,node,10310093409,osm:node:10310093409,https://www.openstreetmap.org/node/10310093409,Mahamewnawa Dhammagiri Asapuwa,Anuradhapura,Temple,active_unverified
pl_osm_86836d04fd,openstreetmap,node,11138340060,osm:node:11138340060,https://www.openstreetmap.org/node/11138340060,Kekirawa Divisional Secretariat,Anuradhapura,Temple,active_unverified
pl_osm_588c9d6896,openstreetmap,node,11138342075,osm:node:11138342075,https://www.openstreetmap.org/node/11138342075,Pre School,Anuradhapura,Temple,active_unverified
pl_osm_5645e1e966,openstreetmap,node,12090006869,osm:node:12090006869,https://www.openstreetmap.org/node/12090006869,"Pichchamal Wiharaya, පිච්ච මල් විහාරය",Anuradhapura,Temple,active_unverified
pl_osm_89ea22b863,openstreetmap,node,5167165070,osm:node:5167165070,https://www.openstreetmap.org/node/5167165070,Kapara Mulaya,Anuradhapura,Viewpoint,active_unverified
pl_osm_461e1222f7,openstreetmap,node,5167165092,osm:node:5167165092,https://www.openstreetmap.org/node/5167165092,Abhayagiriya Museum,Anuradhapura,Viewpoint,active_unverified
pl_osm_29a3a3a444,openstreetmap,node,5278819921,osm:node:5278819921,https://www.openstreetmap.org/node/5278819921,Pink quartz Mountain View point,Anuradhapura,Viewpoint,active_unverified
pl_osm_4d824a9d8f,openstreetmap,node,5445130021,osm:node:5445130021,https://www.openstreetmap.org/node/5445130021,Rajagiri Lena Kanda (Rajagiri Cave Mountain),Anuradhapura,Viewpoint,active_unverified
pl_osm_32f8a04eac,openstreetmap,node,10814015205,osm:node:10814015205,https://www.openstreetmap.org/node/10814015205,View of Anuradhapura,Anuradhapura,Viewpoint,active_unverified
pl_osm_52ed1b61a4,openstreetmap,node,11030021405,osm:node:11030021405,https://www.openstreetmap.org/node/11030021405,Lake Viewpoint,Anuradhapura,Viewpoint,active_unverified
pl_osm_e5c3487b9b,openstreetmap,node,12662215601,osm:node:12662215601,https://www.openstreetmap.org/node/12662215601,Zipline Start,Badulla,Adventure Park,active_unverified
pl_osm_3b7be38246,openstreetmap,node,12662215701,osm:node:12662215701,https://www.openstreetmap.org/node/12662215701,Zipline End,Badulla,Adventure Park,active_unverified
pl_osm_0b563d50d7,openstreetmap,node,1743021603,osm:node:1743021603,https://www.openstreetmap.org/node/1743021603,Ravana's Cave,Badulla,Buddhist Temple,active_unverified
pl_osm_03e09042c7,openstreetmap,node,1820042928,osm:node:1820042928,https://www.openstreetmap.org/node/1820042928,Hinnarangolla Temple,Badulla,Buddhist Temple,active_unverified
pl_osm_c0d8d73fbf,openstreetmap,node,1821073124,osm:node:1821073124,https://www.openstreetmap.org/node/1821073124,Erabedda Ancient Temple,Badulla,Buddhist Temple,active_unverified
pl_osm_308a3d386a,openstreetmap,node,1821136023,osm:node:1821136023,https://www.openstreetmap.org/node/1821136023,Diurumwela Raja Maha Viharaya,Badulla,Buddhist Temple,active_unverified
pl_osm_7988eb9d26,openstreetmap,node,1974698334,osm:node:1974698334,https://www.openstreetmap.org/node/1974698334,Sri Maha Bodhi Maha Seya,Badulla,Buddhist Temple,active_unverified
pl_osm_10ef2d75ca,openstreetmap,node,1974700355,osm:node:1974700355,https://www.openstreetmap.org/node/1974700355,Sorabora Shri Ashokaramaya,Badulla,Buddhist Temple,active_unverified
pl_osm_9fb60abd90,openstreetmap,node,2078542915,osm:node:2078542915,https://www.openstreetmap.org/node/2078542915,Muthiyangana Raja Maha Viharaya,Badulla,Buddhist Temple,active_unverified
pl_osm_f9295f2674,openstreetmap,node,2589868902,osm:node:2589868902,https://www.openstreetmap.org/node/2589868902,Simawa Temple,Badulla,Buddhist Temple,active_unverified
pl_osm_294ee79c65,openstreetmap,node,2897261313,osm:node:2897261313,https://www.openstreetmap.org/node/2897261313,Dhambawinna Purana Rajamaha Viharaya,Badulla,Buddhist Temple,active_unverified
pl_osm_6db7133f6e,openstreetmap,node,3301855617,osm:node:3301855617,https://www.openstreetmap.org/node/3301855617,Badulupitiya Budu Medura,Badulla,Buddhist Temple,active_unverified
pl_osm_798022a1c3,openstreetmap,node,3301905915,osm:node:3301905915,https://www.openstreetmap.org/node/3301905915,Wijerama Temple,Badulla,Buddhist Temple,active_unverified
pl_osm_6679cbe811,openstreetmap,node,3301905934,osm:node:3301905934,https://www.openstreetmap.org/node/3301905934,Kshthrarama Temple,Badulla,Buddhist Temple,active_unverified
pl_osm_73ef758a97,openstreetmap,node,3301953720,osm:node:3301953720,https://www.openstreetmap.org/node/3301953720,Polwatte Temple,Badulla,Buddhist Temple,active_unverified
pl_osm_48cdc19a45,openstreetmap,node,3399861826,osm:node:3399861826,https://www.openstreetmap.org/node/3399861826,Rawanna Ella Temple,Badulla,Buddhist Temple,active_unverified
pl_osm_c92f24f8fa,openstreetmap,node,3666039020,osm:node:3666039020,https://www.openstreetmap.org/node/3666039020,Kebillawela Temple,Badulla,Buddhist Temple,active_unverified
pl_osm_96c0e0e78a,openstreetmap,node,3666039825,osm:node:3666039825,https://www.openstreetmap.org/node/3666039825,Awasa Temple,Badulla,Buddhist Temple,active_unverified
pl_osm_c629449f02,openstreetmap,node,3769153117,osm:node:3769153117,https://www.openstreetmap.org/node/3769153117,Thaldena Stupa,Badulla,Buddhist Temple,active_unverified
pl_osm_56eeb321f9,openstreetmap,node,3769158150,osm:node:3769158150,https://www.openstreetmap.org/node/3769158150,Thaldena Viharaya,Badulla,Buddhist Temple,active_unverified
pl_osm_b480bc87f3,openstreetmap,node,3819141647,osm:node:3819141647,https://www.openstreetmap.org/node/3819141647,Sri Bodhirajaramaya,Badulla,Buddhist Temple,active_unverified
pl_osm_d8ad631cdf,openstreetmap,node,3833133497,osm:node:3833133497,https://www.openstreetmap.org/node/3833133497,Medawela Sri Jinajothikarama Viharaya,Badulla,Buddhist Temple,active_unverified
pl_osm_3508cb0f14,openstreetmap,node,3874859958,osm:node:3874859958,https://www.openstreetmap.org/node/3874859958,Wangiyakumbura Temple,Badulla,Buddhist Temple,active_unverified
pl_osm_d2c8501f4b,openstreetmap,node,3874869233,osm:node:3874869233,https://www.openstreetmap.org/node/3874869233,Kalabululanda Temple,Badulla,Buddhist Temple,active_unverified
pl_osm_44f059ad14,openstreetmap,node,3874876194,osm:node:3874876194,https://www.openstreetmap.org/node/3874876194,Udakirinda Wipassana Bhawana Center,Badulla,Buddhist Temple,active_unverified
pl_osm_7d76675018,openstreetmap,node,3880444685,osm:node:3880444685,https://www.openstreetmap.org/node/3880444685,Bogoda Temple,Badulla,Buddhist Temple,active_unverified
pl_osm_82737df0ce,openstreetmap,node,4322757094,osm:node:4322757094,https://www.openstreetmap.org/node/4322757094,Karagahaulpatha Sri Gunarathanaramaya,Badulla,Buddhist Temple,active_unverified
pl_osm_d8457ecce3,openstreetmap,node,4440052300,osm:node:4440052300,https://www.openstreetmap.org/node/4440052300,Koslanda Temple,Badulla,Buddhist Temple,active_unverified
pl_osm_be4ef0ef7b,openstreetmap,node,4462731781,osm:node:4462731781,https://www.openstreetmap.org/node/4462731781,Marangahawela Temple,Badulla,Buddhist Temple,active_unverified
pl_osm_ca52195848,openstreetmap,node,4462741103,osm:node:4462741103,https://www.openstreetmap.org/node/4462741103,Uva Kosgama Temple,Badulla,Buddhist Temple,active_unverified
pl_osm_143b36c2d1,openstreetmap,node,4462743486,osm:node:4462743486,https://www.openstreetmap.org/node/4462743486,Pussella Temple,Badulla,Buddhist Temple,active_unverified
pl_osm_08f7f00813,openstreetmap,node,4561227156,osm:node:4561227156,https://www.openstreetmap.org/node/4561227156,Chandananda Aramaya,Badulla,Buddhist Temple,active_unverified
pl_osm_5b94b0b98b,openstreetmap,node,4781478596,osm:node:4781478596,https://www.openstreetmap.org/node/4781478596,Sri Gangarama Viharaya,Badulla,Buddhist Temple,active_unverified
pl_osm_046308e81a,openstreetmap,node,4793159820,osm:node:4793159820,https://www.openstreetmap.org/node/4793159820,Sri Medhanandarama Viharaya,Badulla,Buddhist Temple,active_unverified
pl_osm_283b84ae34,openstreetmap,node,4793217576,osm:node:4793217576,https://www.openstreetmap.org/node/4793217576,Ambagasdowa Sri Sumanajothi Viharaya,Badulla,Buddhist Temple,active_unverified
pl_osm_99abe7f1a8,openstreetmap,node,4793293595,osm:node:4793293595,https://www.openstreetmap.org/node/4793293595,Vidurupola Sri Piyatissa Piriwena,Badulla,Buddhist Temple,active_unverified
pl_osm_4adb62d336,openstreetmap,node,4803245442,osm:node:4803245442,https://www.openstreetmap.org/node/4803245442,Vidurupola Sri Sumangalarama Viharaya,Badulla,Buddhist Temple,active_unverified
pl_osm_ffca539cc3,openstreetmap,node,4885452684,osm:node:4885452684,https://www.openstreetmap.org/node/4885452684,Udubadana Temple,Badulla,Buddhist Temple,active_unverified
pl_osm_dd9af4bd88,openstreetmap,node,4885452685,osm:node:4885452685,https://www.openstreetmap.org/node/4885452685,Hewanakumbura Temple,Badulla,Buddhist Temple,active_unverified
pl_osm_9ed65715e9,openstreetmap,node,4888268004,osm:node:4888268004,https://www.openstreetmap.org/node/4888268004,Udakendagolla Temple,Badulla,Buddhist Temple,active_unverified
pl_osm_6c686bfee0,openstreetmap,node,4888272926,osm:node:4888272926,https://www.openstreetmap.org/node/4888272926,Rathakarawwa Viharaya,Badulla,Buddhist Temple,active_unverified
pl_osm_c17c58fcba,openstreetmap,node,4921735468,osm:node:4921735468,https://www.openstreetmap.org/node/4921735468,Lunugala Purana Viharaya,Badulla,Buddhist Temple,active_unverified
pl_osm_5def384e47,openstreetmap,node,4949493926,osm:node:4949493926,https://www.openstreetmap.org/node/4949493926,Sri Dharmodaya Piriwen Vihara,Badulla,Buddhist Temple,active_unverified
pl_osm_862a80b38a,openstreetmap,node,4952300075,osm:node:4952300075,https://www.openstreetmap.org/node/4952300075,Sri Kheththarama Viharaya,Badulla,Buddhist Temple,active_unverified
pl_osm_d913cfe6db,openstreetmap,node,4952300404,osm:node:4952300404,https://www.openstreetmap.org/node/4952300404,Ulhitiya Viharaya,Badulla,Buddhist Temple,active_unverified
pl_osm_16db8252b0,openstreetmap,node,4966804123,osm:node:4966804123,https://www.openstreetmap.org/node/4966804123,Obada Ella Sri Sudharmarama Purana Viharaya,Badulla,Buddhist Temple,active_unverified
pl_osm_a082cff3e5,openstreetmap,node,5185594027,osm:node:5185594027,https://www.openstreetmap.org/node/5185594027,Sri Sudharmarama Purana Wiharaya,Badulla,Buddhist Temple,active_unverified
pl_osm_18deca34b3,openstreetmap,node,5185614830,osm:node:5185614830,https://www.openstreetmap.org/node/5185614830,Sri Bodhirukkarama Wiharasthanaya,Badulla,Buddhist Temple,active_unverified
pl_osm_3ad92265cd,openstreetmap,node,5255394094,osm:node:5255394094,https://www.openstreetmap.org/node/5255394094,Boo Tree,Badulla,Buddhist Temple,active_unverified
pl_osm_89df663d07,openstreetmap,node,5265769069,osm:node:5265769069,https://www.openstreetmap.org/node/5265769069,Kahagolla Aranya Senasanaya,Badulla,Buddhist Temple,active_unverified
pl_osm_fa2b109f1d,openstreetmap,node,5385075810,osm:node:5385075810,https://www.openstreetmap.org/node/5385075810,Medaoya Sri Gangaramaya,Badulla,Buddhist Temple,active_unverified
pl_osm_6271245d66,openstreetmap,node,5398371668,osm:node:5398371668,https://www.openstreetmap.org/node/5398371668,Kohowila Kandura Sri Bodhirukkharamaya,Badulla,Buddhist Temple,active_unverified
pl_osm_e49ce5a17e,openstreetmap,node,5400932183,osm:node:5400932183,https://www.openstreetmap.org/node/5400932183,Dikyaaya Temple,Badulla,Buddhist Temple,active_unverified
pl_osm_82d76d51af,openstreetmap,node,5400934366,osm:node:5400934366,https://www.openstreetmap.org/node/5400934366,Kanugolla Rajamaha Viharaya,Badulla,Buddhist Temple,active_unverified
pl_osm_16bdb8f578,openstreetmap,node,5578246162,osm:node:5578246162,https://www.openstreetmap.org/node/5578246162,Sri Dharma Vijaya Buddhist Centre - Beligalla,Badulla,Buddhist Temple,active_unverified
pl_osm_a85cbe58ed,openstreetmap,node,6277781385,osm:node:6277781385,https://www.openstreetmap.org/node/6277781385,Rawana Ella Forest Monastery,Badulla,Buddhist Temple,active_unverified
pl_osm_d3c6f3fbea,openstreetmap,node,6350263896,osm:node:6350263896,https://www.openstreetmap.org/node/6350263896,Dimbulana Sri Piyadharshanaramaya,Badulla,Buddhist Temple,active_unverified
pl_osm_bff73d5d7c,openstreetmap,node,6356581444,osm:node:6356581444,https://www.openstreetmap.org/node/6356581444,Pallegama Temple,Badulla,Buddhist Temple,active_unverified
pl_osm_059ea4824a,openstreetmap,node,6575371493,osm:node:6575371493,https://www.openstreetmap.org/node/6575371493,Ancient Rambaken Vihara,Badulla,Buddhist Temple,active_unverified
pl_osm_0ceb9d743f,openstreetmap,node,6578219707,osm:node:6578219707,https://www.openstreetmap.org/node/6578219707,Senasungala Rajamaha Vihara,Badulla,Buddhist Temple,active_unverified
pl_osm_de7155f9af,openstreetmap,node,6598381872,osm:node:6598381872,https://www.openstreetmap.org/node/6598381872,Dewalaya Tenple,Badulla,Buddhist Temple,active_unverified
pl_osm_26b1b72e39,openstreetmap,node,6652132509,osm:node:6652132509,https://www.openstreetmap.org/node/6652132509,Kiri-Oruwa Jinajothikarama Purana Viharaya,Badulla,Buddhist Temple,active_unverified
pl_osm_cf00a10b9b,openstreetmap,node,7093523810,osm:node:7093523810,https://www.openstreetmap.org/node/7093523810,Konthahela Temple,Badulla,Buddhist Temple,active_unverified
pl_osm_808c72f731,openstreetmap,node,7241718099,osm:node:7241718099,https://www.openstreetmap.org/node/7241718099,Aluthwela Temple,Badulla,Buddhist Temple,active_unverified
pl_osm_1b12e166e6,openstreetmap,node,7303232291,osm:node:7303232291,https://www.openstreetmap.org/node/7303232291,Budugekanda Temple,Badulla,Buddhist Temple,active_unverified
pl_osm_8711fca152,openstreetmap,node,9770252108,osm:node:9770252108,https://www.openstreetmap.org/node/9770252108,Welimadagama Temple,Badulla,Buddhist Temple,active_unverified
pl_osm_79e260e695,openstreetmap,node,9790651810,osm:node:9790651810,https://www.openstreetmap.org/node/9790651810,Ranhawadigama Buddhist temple,Badulla,Buddhist Temple,active_unverified
pl_osm_2c711405de,openstreetmap,node,10677516860,osm:node:10677516860,https://www.openstreetmap.org/node/10677516860,nahakadiya buddhist temple,Badulla,Buddhist Temple,active_unverified
pl_osm_b1659670a1,openstreetmap,node,11389517617,osm:node:11389517617,https://www.openstreetmap.org/node/11389517617,Randunnagoda Viharaya,Badulla,Buddhist Temple,active_unverified
pl_osm_8d459ba5f6,openstreetmap,node,13709898200,osm:node:13709898200,https://www.openstreetmap.org/node/13709898200,Kirigala Temple,Badulla,Buddhist Temple,active_unverified
pl_osm_13a5723c11,openstreetmap,way,185848137,osm:way:185848137,https://www.openstreetmap.org/way/185848137,Dhowa Rajamaha Viharaya,Badulla,Buddhist Temple,active_unverified
pl_osm_a385808726,openstreetmap,way,244788098,osm:way:244788098,https://www.openstreetmap.org/way/244788098,Ellagama Temple,Badulla,Buddhist Temple,active_unverified
pl_osm_ea7a2bbe6f,openstreetmap,way,287238849,osm:way:287238849,https://www.openstreetmap.org/way/287238849,Hindagoda Temple,Badulla,Buddhist Temple,active_unverified
pl_osm_a4b1101d44,openstreetmap,way,287305977,osm:way:287305977,https://www.openstreetmap.org/way/287305977,Sri Sobhitharamaya-Gonagala,Badulla,Buddhist Temple,active_unverified
pl_osm_1a78b5e487,openstreetmap,way,288585328,osm:way:288585328,https://www.openstreetmap.org/way/288585328,Kahagolla Aranya,Badulla,Buddhist Temple,active_unverified
pl_osm_e68ee4c993,openstreetmap,way,288585355,osm:way:288585355,https://www.openstreetmap.org/way/288585355,Buddha Mandiraya,Badulla,Buddhist Temple,active_unverified
pl_osm_e8a6b886f5,openstreetmap,way,331202463,osm:way:331202463,https://www.openstreetmap.org/way/331202463,Kailagoda Temple Road,Badulla,Buddhist Temple,active_unverified
pl_osm_d2407b3348,openstreetmap,way,353756486,osm:way:353756486,https://www.openstreetmap.org/way/353756486,Egodagama temple,Badulla,Buddhist Temple,active_unverified
pl_osm_194f39ff74,openstreetmap,way,353756493,osm:way:353756493,https://www.openstreetmap.org/way/353756493,Heeloya Temple,Badulla,Buddhist Temple,active_unverified
pl_osm_817ab2e6a0,openstreetmap,way,353798743,osm:way:353798743,https://www.openstreetmap.org/way/353798743,Budu Madura,Badulla,Buddhist Temple,active_unverified
pl_osm_38bd7c85af,openstreetmap,way,373956272,osm:way:373956272,https://www.openstreetmap.org/way/373956272,Kirivehera Temple,Badulla,Buddhist Temple,active_unverified
pl_osm_73d3f10fa1,openstreetmap,way,374049296,osm:way:374049296,https://www.openstreetmap.org/way/374049296,Galauda Dharmanikethana Piriwena,Badulla,Buddhist Temple,active_unverified
pl_osm_d7ba7e8aa4,openstreetmap,way,384192410,osm:way:384192410,https://www.openstreetmap.org/way/384192410,Alawathugoda Temple,Badulla,Buddhist Temple,active_unverified
pl_osm_0b537295dd,openstreetmap,way,396328632,osm:way:396328632,https://www.openstreetmap.org/way/396328632,Rathmalkanda Meditation center,Badulla,Buddhist Temple,active_unverified
pl_osm_315ebb5794,openstreetmap,way,486756468,osm:way:486756468,https://www.openstreetmap.org/way/486756468,Uma Ela Sri Sudharsanarama Viharaya,Badulla,Buddhist Temple,active_unverified
pl_osm_bbf2dd611c,openstreetmap,way,487970874,osm:way:487970874,https://www.openstreetmap.org/way/487970874,Sri Jayasumanaramaya,Badulla,Buddhist Temple,active_unverified
pl_osm_00daf8deea,openstreetmap,way,488659843,osm:way:488659843,https://www.openstreetmap.org/way/488659843,Mahiyangana Raja Maha Viharaya,Badulla,Buddhist Temple,active_unverified
pl_osm_d290798d2d,openstreetmap,way,505530944,osm:way:505530944,https://www.openstreetmap.org/way/505530944,Rathkinda Mathula Rajamaha Viharaya,Badulla,Buddhist Temple,active_unverified
pl_osm_a97ce685aa,openstreetmap,way,505678685,osm:way:505678685,https://www.openstreetmap.org/way/505678685,Rotalawela Meheni Aramaya,Badulla,Buddhist Temple,active_unverified
pl_osm_ffcf221111,openstreetmap,way,505798716,osm:way:505798716,https://www.openstreetmap.org/way/505798716,Aluyatawela Temple,Badulla,Buddhist Temple,active_unverified
pl_osm_210aa79601,openstreetmap,way,507282439,osm:way:507282439,https://www.openstreetmap.org/way/507282439,Sri Pushparama Viharaya,Badulla,Buddhist Temple,active_unverified
pl_osm_64bb83489b,openstreetmap,way,507282456,osm:way:507282456,https://www.openstreetmap.org/way/507282456,Janaudanagama Sri Bodhirajaramaya,Badulla,Buddhist Temple,active_unverified
pl_osm_7d0ddbb04b,openstreetmap,way,507548841,osm:way:507548841,https://www.openstreetmap.org/way/507548841,Sri Neegrodarama Maha Viharaya,Badulla,Buddhist Temple,active_unverified
pl_osm_773c238947,openstreetmap,way,508614042,osm:way:508614042,https://www.openstreetmap.org/way/508614042,Sri Wiwekarama Viharaya,Badulla,Buddhist Temple,active_unverified
pl_osm_83639e9b66,openstreetmap,way,509469876,osm:way:509469876,https://www.openstreetmap.org/way/509469876,Kirawanagama Temple,Badulla,Buddhist Temple,active_unverified
pl_osm_a02770ce61,openstreetmap,way,509469899,osm:way:509469899,https://www.openstreetmap.org/way/509469899,Sapugolla Temple,Badulla,Buddhist Temple,active_unverified
pl_osm_e5d04bc5c3,openstreetmap,way,513249720,osm:way:513249720,https://www.openstreetmap.org/way/513249720,Rideemaliyedda Purana Viharaya,Badulla,Buddhist Temple,active_unverified
pl_osm_16965eb75d,openstreetmap,way,516597612,osm:way:516597612,https://www.openstreetmap.org/way/516597612,Kirawanagama Viharaya,Badulla,Buddhist Temple,active_unverified
pl_osm_a873266362,openstreetmap,node,2520519763,osm:node:2520519763,https://www.openstreetmap.org/node/2520519763,ISM Logo,Badulla,Building,active_unverified
pl_osm_295846f143,openstreetmap,node,5195368022,osm:node:5195368022,https://www.openstreetmap.org/node/5195368022,Nagadeepa Dagoba,Badulla,Building,active_unverified
pl_osm_591301c8c2,openstreetmap,node,5043309649,osm:node:5043309649,https://www.openstreetmap.org/node/5043309649,Dhowa Buddha Statue,Badulla,Building,active_unverified
pl_osm_2da1511fef,openstreetmap,node,1178458308,osm:node:1178458308,https://www.openstreetmap.org/node/1178458308,St. Andrews Church,Badulla,Church,active_unverified
pl_osm_f2aa0e41be,openstreetmap,node,1178458971,osm:node:1178458971,https://www.openstreetmap.org/node/1178458971,St. Paul's Church,Badulla,Church,active_unverified
pl_osm_a500da0951,openstreetmap,node,1179885465,osm:node:1179885465,https://www.openstreetmap.org/node/1179885465,Saint Mary's Church,Badulla,Church,active_unverified
pl_osm_2a86d920b2,openstreetmap,node,1819857994,osm:node:1819857994,https://www.openstreetmap.org/node/1819857994,St. Anthony's Church,Badulla,Church,active_unverified
pl_osm_d60a1ff1ec,openstreetmap,node,1993203092,osm:node:1993203092,https://www.openstreetmap.org/node/1993203092,Local Church,Badulla,Church,active_unverified
pl_osm_c59c829c67,openstreetmap,node,2902103716,osm:node:2902103716,https://www.openstreetmap.org/node/2902103716,Lieberman Community Church,Badulla,Church,active_unverified
pl_osm_54a02edbe9,openstreetmap,node,5172559562,osm:node:5172559562,https://www.openstreetmap.org/node/5172559562,Adisham Bungalow (St.Benedict's Monastery),Badulla,Church,active_unverified
pl_osm_405dc64aeb,openstreetmap,node,5226707894,osm:node:5226707894,https://www.openstreetmap.org/node/5226707894,The Christian Fiction,Badulla,Church,active_unverified
pl_osm_7999491e45,openstreetmap,node,6702869776,osm:node:6702869776,https://www.openstreetmap.org/node/6702869776,The Methodist Church,Badulla,Church,active_unverified
pl_osm_1fb8932d28,openstreetmap,node,9770238578,osm:node:9770238578,https://www.openstreetmap.org/node/9770238578,St Anna's Church,Badulla,Church,active_unverified
pl_osm_d6dec9e5ce,openstreetmap,node,9790643952,osm:node:9790643952,https://www.openstreetmap.org/node/9790643952,Methodist Church - Welimada,Badulla,Church,active_unverified
pl_osm_a9c0a8ee03,openstreetmap,way,254605454,osm:way:254605454,https://www.openstreetmap.org/way/254605454,St. Mark's Church,Badulla,Church,active_unverified
pl_osm_849aa31be2,openstreetmap,node,1993203091,osm:node:1993203091,https://www.openstreetmap.org/node/1993203091,Hindu Temple,Badulla,Kovil,active_unverified
pl_osm_1a82328402,openstreetmap,node,3301935946,osm:node:3301935946,https://www.openstreetmap.org/node/3301935946,Sri Paetchi Amman Kovil,Badulla,Kovil,active_unverified
pl_osm_74beed789f,openstreetmap,node,5304606578,osm:node:5304606578,https://www.openstreetmap.org/node/5304606578,Sri Kanaser Temple,Badulla,Kovil,active_unverified
pl_osm_74064f4628,openstreetmap,node,9787407815,osm:node:9787407815,https://www.openstreetmap.org/node/9787407815,Sri Kadhirvelayudha Suwami Kovil - Moragolla,Badulla,Kovil,active_unverified
pl_osm_ed202fa5a9,openstreetmap,node,10567161216,osm:node:10567161216,https://www.openstreetmap.org/node/10567161216,Poonagala Hindu Kovil,Badulla,Kovil,active_unverified
pl_osm_7c5e639644,openstreetmap,node,10636815892,osm:node:10636815892,https://www.openstreetmap.org/node/10636815892,sri siththi vinayagar dhevasthanam,Badulla,Kovil,active_unverified
pl_osm_17cadcf47c,openstreetmap,node,10657884833,osm:node:10657884833,https://www.openstreetmap.org/node/10657884833,sri siththi vinayagar alayam,Badulla,Kovil,active_unverified
pl_osm_4e05f5c99b,openstreetmap,node,10677460810,osm:node:10677460810,https://www.openstreetmap.org/node/10677460810,loonuwatta murugan kovil,Badulla,Kovil,active_unverified
pl_osm_b9af87ea9d,openstreetmap,node,10692285653,osm:node:10692285653,https://www.openstreetmap.org/node/10692285653,nappalapoka kovil,Badulla,Kovil,active_unverified
pl_osm_2bea8a7b6c,openstreetmap,way,567184670,osm:way:567184670,https://www.openstreetmap.org/way/567184670,Rockhill Kaliamman Thewasthanam,Badulla,Kovil,active_unverified
pl_osm_f91925cf44,openstreetmap,way,1056169491,osm:way:1056169491,https://www.openstreetmap.org/way/1056169491,Narangala Sri Kadhirvelayudha Swami Kovil,Badulla,Kovil,active_unverified
pl_osm_402b9ae177,openstreetmap,way,1110816817,osm:way:1110816817,https://www.openstreetmap.org/way/1110816817,Tikiriwatte Kovil,Badulla,Kovil,active_unverified
pl_osm_ff43135ce3,openstreetmap,way,1206377994,osm:way:1206377994,https://www.openstreetmap.org/way/1206377994,Narangala Sri Muthu Vinayagar Kovil,Badulla,Kovil,active_unverified
pl_osm_a74062db64,openstreetmap,way,1224421004,osm:way:1224421004,https://www.openstreetmap.org/way/1224421004,siva subramaniyar kovil,Badulla,Kovil,active_unverified
pl_osm_87fef7d0a7,openstreetmap,node,1179885691,osm:node:1179885691,https://www.openstreetmap.org/node/1179885691,Zaviya Mosque,Badulla,Mosque,active_unverified
pl_osm_c05606c939,openstreetmap,node,3301855619,osm:node:3301855619,https://www.openstreetmap.org/node/3301855619,Badulupitiya Mosque,Badulla,Mosque,active_unverified
pl_osm_adabdc9ac1,openstreetmap,node,3301935961,osm:node:3301935961,https://www.openstreetmap.org/node/3301935961,Puwakgodamulla Mosque,Badulla,Mosque,active_unverified
pl_osm_d9b251e186,openstreetmap,node,9770260038,osm:node:9770260038,https://www.openstreetmap.org/node/9770260038,Welimada Mosque,Badulla,Mosque,active_unverified
pl_osm_1c036a0f4d,openstreetmap,node,9793119043,osm:node:9793119043,https://www.openstreetmap.org/node/9793119043,Moragolla Mosque,Badulla,Mosque,active_unverified
pl_osm_60d58abb36,openstreetmap,way,254605448,osm:way:254605448,https://www.openstreetmap.org/way/254605448,Badulla Jumma Masjid,Badulla,Mosque,active_unverified
pl_osm_5fabcbf856,openstreetmap,way,567184674,osm:way:567184674,https://www.openstreetmap.org/way/567184674,Rockhill Mosque,Badulla,Mosque,active_unverified
pl_osm_9a23ad2f23,openstreetmap,way,1110168055,osm:way:1110168055,https://www.openstreetmap.org/way/1110168055,jummah masjith mosque,Badulla,Mosque,active_unverified
pl_osm_62116d93d3,openstreetmap,way,1133078577,osm:way:1133078577,https://www.openstreetmap.org/way/1133078577,kottagoda jummah masjith,Badulla,Mosque,active_unverified
pl_osm_6ccb6fde24,openstreetmap,node,3819344497,osm:node:3819344497,https://www.openstreetmap.org/node/3819344497,Badulla Museum,Badulla,Museum,active_unverified
pl_osm_3eaeab15db,openstreetmap,way,244792552,osm:way:244792552,https://www.openstreetmap.org/way/244792552,35,Badulla,Museum,active_unverified
pl_osm_974e5e36f7,openstreetmap,way,1257804953,osm:way:1257804953,https://www.openstreetmap.org/way/1257804953,Natural Water Reserve 111,Badulla,National Park,active_unverified
pl_osm_ed47f69f96,openstreetmap,node,44280965,osm:node:44280965,https://www.openstreetmap.org/node/44280965,Rawana Ella Falls,Badulla,Other,active_unverified
pl_osm_ea3a5c44a8,openstreetmap,node,2993920098,osm:node:2993920098,https://www.openstreetmap.org/node/2993920098,Secret Waterfall,Badulla,Other,active_unverified
pl_osm_908e75ac4e,openstreetmap,node,3516426597,osm:node:3516426597,https://www.openstreetmap.org/node/3516426597,Ella Spice Garden,Badulla,Other,active_unverified
pl_osm_812f8171ad,openstreetmap,node,3880552693,osm:node:3880552693,https://www.openstreetmap.org/node/3880552693,Union of two rivers,Badulla,Other,active_unverified
pl_osm_6616932fc3,openstreetmap,node,4122645228,osm:node:4122645228,https://www.openstreetmap.org/node/4122645228,Demodera Railway Spiral,Badulla,Other,active_unverified
pl_osm_0269fb547d,openstreetmap,node,4145907903,osm:node:4145907903,https://www.openstreetmap.org/node/4145907903,Kalthota Doowili Ella (Water fall),Badulla,Other,active_unverified
pl_osm_85c9e7b6e9,openstreetmap,node,4145909761,osm:node:4145909761,https://www.openstreetmap.org/node/4145909761,Kalthota Doowili Ella 2 (Water Fall),Badulla,Other,active_unverified
pl_osm_343f2483b0,openstreetmap,node,4719045981,osm:node:4719045981,https://www.openstreetmap.org/node/4719045981,Upper Rawana,Badulla,Other,active_unverified
pl_osm_bc07340717,openstreetmap,node,4750431422,osm:node:4750431422,https://www.openstreetmap.org/node/4750431422,Haputale Forest Reserve Trailhead,Badulla,Other,active_unverified
pl_osm_19678f098d,openstreetmap,node,5306203490,osm:node:5306203490,https://www.openstreetmap.org/node/5306203490,Uva Halpewatte Tea Factory,Badulla,Other,active_unverified
pl_osm_5c89a480db,openstreetmap,node,5578175324,osm:node:5578175324,https://www.openstreetmap.org/node/5578175324,Dambana Wedi Gammanaya,Badulla,Other,active_unverified
pl_osm_9a467ac001,openstreetmap,node,6251021786,osm:node:6251021786,https://www.openstreetmap.org/node/6251021786,Flyvina - zipline,Badulla,Other,active_unverified
pl_osm_9c060916cf,openstreetmap,node,6328536587,osm:node:6328536587,https://www.openstreetmap.org/node/6328536587,Water Pools,Badulla,Other,active_unverified
pl_osm_d953ee4b3e,openstreetmap,node,6665263387,osm:node:6665263387,https://www.openstreetmap.org/node/6665263387,Belipola Arboretum,Badulla,Other,active_unverified
pl_osm_50aa418c24,openstreetmap,node,7178405688,osm:node:7178405688,https://www.openstreetmap.org/node/7178405688,Hanging bridge,Badulla,Other,active_unverified
pl_osm_83e385ea75,openstreetmap,node,7988141619,osm:node:7988141619,https://www.openstreetmap.org/node/7988141619,Kirawanagama Falls,Badulla,Other,active_unverified
pl_osm_a6bb21ca23,openstreetmap,node,10567161218,osm:node:10567161218,https://www.openstreetmap.org/node/10567161218,Pallewela Ella,Badulla,Other,active_unverified
pl_osm_ed2c402ad1,openstreetmap,node,10973269206,osm:node:10973269206,https://www.openstreetmap.org/node/10973269206,Zero Arch Bridge (Black Bridge),Badulla,Other,active_unverified
pl_osm_d6d56ca3db,openstreetmap,node,11163050805,osm:node:11163050805,https://www.openstreetmap.org/node/11163050805,Priya Cookery Class,Badulla,Other,active_unverified
pl_osm_472df01f6c,openstreetmap,node,11425572044,osm:node:11425572044,https://www.openstreetmap.org/node/11425572044,Slide & swing ella,Badulla,Other,active_unverified
pl_osm_95cf74a68c,openstreetmap,node,11612530869,osm:node:11612530869,https://www.openstreetmap.org/node/11612530869,Summit level,Badulla,Other,active_unverified
pl_osm_5f04db30a1,openstreetmap,node,11892745469,osm:node:11892745469,https://www.openstreetmap.org/node/11892745469,Ella Organic Tea Garden,Badulla,Other,active_unverified
pl_osm_8bd108cfee,openstreetmap,node,12578912787,osm:node:12578912787,https://www.openstreetmap.org/node/12578912787,Black Bridge,Badulla,Other,active_unverified
pl_osm_dd89e426d5,openstreetmap,way,258952175,osm:way:258952175,https://www.openstreetmap.org/way/258952175,Dambatenne Tea Factory,Badulla,Other,active_unverified
pl_osm_a391c35743,openstreetmap,way,345071599,osm:way:345071599,https://www.openstreetmap.org/way/345071599,Demodara Nine Arch Bridge,Badulla,Other,active_unverified
pl_osm_f2cc165713,openstreetmap,way,1427156317,osm:way:1427156317,https://www.openstreetmap.org/way/1427156317,Demodora Nine Arch Bridge,Badulla,Other,active_unverified
pl_osm_2258b19884,openstreetmap,node,6578219702,osm:node:6578219702,https://www.openstreetmap.org/node/6578219702,Senasungala Archaeological Site & Ruins,Badulla,Ruins,active_unverified
pl_osm_40da05dcea,openstreetmap,way,286200514,osm:way:286200514,https://www.openstreetmap.org/way/286200514,Dutch Fort,Badulla,Ruins,active_unverified
pl_osm_10901217f9,openstreetmap,way,1201259584,osm:way:1201259584,https://www.openstreetmap.org/way/1201259584,Dayaraba Estate,Badulla,Tea Estate,active_unverified
pl_osm_31470f62ec,openstreetmap,node,4747247124,osm:node:4747247124,https://www.openstreetmap.org/node/4747247124,Silmiyapura Jummah Masjid,Badulla,Temple,active_unverified
pl_osm_8edd9b096a,openstreetmap,node,7905101877,osm:node:7905101877,https://www.openstreetmap.org/node/7905101877,Aranmanai Kali Temple Passara,Badulla,Temple,active_unverified
pl_osm_e6b00a65c6,openstreetmap,node,13568837801,osm:node:13568837801,https://www.openstreetmap.org/node/13568837801,Church of Elshadai,Badulla,Temple,active_unverified
pl_osm_f1e425fba3,openstreetmap,node,13713771613,osm:node:13713771613,https://www.openstreetmap.org/node/13713771613,Peessagama Temple,Badulla,Temple,active_unverified
pl_osm_849790fcc8,openstreetmap,node,598181176,osm:node:598181176,https://www.openstreetmap.org/node/598181176,Lipton's seat,Badulla,Viewpoint,active_unverified
pl_osm_1e176fcfb0,openstreetmap,node,1743021897,osm:node:1743021897,https://www.openstreetmap.org/node/1743021897,Sunrise viewpoint,Badulla,Viewpoint,active_unverified
pl_osm_57731987af,openstreetmap,node,3278487272,osm:node:3278487272,https://www.openstreetmap.org/node/3278487272,Eagle Rock,Badulla,Viewpoint,active_unverified
pl_osm_b580c6328f,openstreetmap,node,3880457728,osm:node:3880457728,https://www.openstreetmap.org/node/3880457728,Bogoda Wooden Bridge,Badulla,Viewpoint,active_unverified
pl_osm_59b4bf05fb,openstreetmap,node,3880551572,osm:node:3880551572,https://www.openstreetmap.org/node/3880551572,Sorabora Wewa,Badulla,Viewpoint,active_unverified
pl_osm_40a17a624e,openstreetmap,node,4481226349,osm:node:4481226349,https://www.openstreetmap.org/node/4481226349,Hotel Ella Mount Heaven Viewpoint,Badulla,Viewpoint,active_unverified
pl_osm_3e4382b997,openstreetmap,node,4555635889,osm:node:4555635889,https://www.openstreetmap.org/node/4555635889,Prabhawa Mountain day View Point Haputale,Badulla,Viewpoint,active_unverified
pl_osm_be9422d22b,openstreetmap,node,4611099090,osm:node:4611099090,https://www.openstreetmap.org/node/4611099090,Mini World's End,Badulla,Viewpoint,active_unverified
pl_osm_c8f5474c10,openstreetmap,node,4747247123,osm:node:4747247123,https://www.openstreetmap.org/node/4747247123,Silmiyapura,Badulla,Viewpoint,active_unverified
pl_osm_0a1d413d84,openstreetmap,node,4825681053,osm:node:4825681053,https://www.openstreetmap.org/node/4825681053,Huge Stone Viewpoint,Badulla,Viewpoint,active_unverified
pl_osm_a4abe681cf,openstreetmap,node,4966801151,osm:node:4966801151,https://www.openstreetmap.org/node/4966801151,St. Catharine's Seat,Badulla,Viewpoint,active_unverified
pl_osm_db7ebe21ca,openstreetmap,node,5167036323,osm:node:5167036323,https://www.openstreetmap.org/node/5167036323,Adi Hate Wala Waterfall,Badulla,Viewpoint,active_unverified
pl_osm_778ade86fc,openstreetmap,node,5172591871,osm:node:5172591871,https://www.openstreetmap.org/node/5172591871,Akurukaduwa Limestone Cave and the Cascade,Badulla,Viewpoint,active_unverified
pl_osm_7f6ef8bcfd,openstreetmap,node,5305807110,osm:node:5305807110,https://www.openstreetmap.org/node/5305807110,Nine Arches Bridge Viewpoint,Badulla,Viewpoint,active_unverified
pl_osm_5b2fc8df5b,openstreetmap,node,5308356239,osm:node:5308356239,https://www.openstreetmap.org/node/5308356239,Little Adam's Peak,Badulla,Viewpoint,active_unverified
pl_osm_6bf01b3bf1,openstreetmap,node,5323165222,osm:node:5323165222,https://www.openstreetmap.org/node/5323165222,Welimada Valley Panorama Viewpoint,Badulla,Viewpoint,active_unverified
pl_osm_499a159c68,openstreetmap,node,5661757705,osm:node:5661757705,https://www.openstreetmap.org/node/5661757705,Peessa Ella,Badulla,Viewpoint,active_unverified
pl_osm_e359b7e9d2,openstreetmap,node,5892851285,osm:node:5892851285,https://www.openstreetmap.org/node/5892851285,Viewpoint over the hills,Badulla,Viewpoint,active_unverified
pl_osm_6530826863,openstreetmap,node,6301206992,osm:node:6301206992,https://www.openstreetmap.org/node/6301206992,Ravana Falls,Badulla,Viewpoint,active_unverified
pl_osm_8d338e0d86,openstreetmap,node,6302898085,osm:node:6302898085,https://www.openstreetmap.org/node/6302898085,Demodara Train Viewing Point,Badulla,Viewpoint,active_unverified
pl_osm_f329e5e0bb,openstreetmap,node,6320376070,osm:node:6320376070,https://www.openstreetmap.org/node/6320376070,Narangala Mountain Viewpoint,Badulla,Viewpoint,active_unverified
pl_osm_251c9c52a7,openstreetmap,node,6346741716,osm:node:6346741716,https://www.openstreetmap.org/node/6346741716,Kokagala,Badulla,Viewpoint,active_unverified
pl_osm_f443945c44,openstreetmap,node,6631127186,osm:node:6631127186,https://www.openstreetmap.org/node/6631127186,viewpoint rock,Badulla,Viewpoint,active_unverified
pl_osm_4574af562d,openstreetmap,node,6633201420,osm:node:6633201420,https://www.openstreetmap.org/node/6633201420,Viewpoint railway trek,Badulla,Viewpoint,active_unverified
pl_osm_ae89ac60ef,openstreetmap,node,7674646273,osm:node:7674646273,https://www.openstreetmap.org/node/7674646273,Devil's Starcase,Badulla,Viewpoint,active_unverified
pl_osm_2fee046136,openstreetmap,node,7823767367,osm:node:7823767367,https://www.openstreetmap.org/node/7823767367,Halamba Iron Bridge,Badulla,Viewpoint,active_unverified
pl_osm_b18a20b832,openstreetmap,node,8506615205,osm:node:8506615205,https://www.openstreetmap.org/node/8506615205,Kurullangala,Badulla,Viewpoint,active_unverified
pl_osm_66b4c7a9a3,openstreetmap,node,10567157063,osm:node:10567157063,https://www.openstreetmap.org/node/10567157063,Demodera Railway Loop View Point,Badulla,Viewpoint,active_unverified
pl_osm_9e6ff1c8ed,openstreetmap,node,10567157065,osm:node:10567157065,https://www.openstreetmap.org/node/10567157065,Demodara View Point,Badulla,Viewpoint,active_unverified
pl_osm_d705b49b3c,openstreetmap,node,10567157067,osm:node:10567157067,https://www.openstreetmap.org/node/10567157067,Alugolla Hill,Badulla,Viewpoint,active_unverified
pl_osm_fabef7ef8e,openstreetmap,node,10567157077,osm:node:10567157077,https://www.openstreetmap.org/node/10567157077,Pilkington Point,Badulla,Viewpoint,active_unverified
pl_osm_20c24a5b46,openstreetmap,node,10567161217,osm:node:10567161217,https://www.openstreetmap.org/node/10567161217,Millennium Viewpoint,Badulla,Viewpoint,active_unverified
pl_osm_6de0b9def8,openstreetmap,node,10705151378,osm:node:10705151378,https://www.openstreetmap.org/node/10705151378,Glenanore View Point,Badulla,Viewpoint,active_unverified
pl_osm_e848f29e58,openstreetmap,node,10796190205,osm:node:10796190205,https://www.openstreetmap.org/node/10796190205,View of upper falls,Badulla,Viewpoint,active_unverified
pl_osm_d23ecf1ec3,openstreetmap,node,10796893506,osm:node:10796893506,https://www.openstreetmap.org/node/10796893506,View of the waterfall,Badulla,Viewpoint,active_unverified
pl_osm_986d0e8cd4,openstreetmap,node,12526403873,osm:node:12526403873,https://www.openstreetmap.org/node/12526403873,Secret Viewpoint,Badulla,Viewpoint,active_unverified
pl_osm_8a4fbe4d2b,openstreetmap,node,12629721901,osm:node:12629721901,https://www.openstreetmap.org/node/12629721901,Beautyful view point over tea plantations,Badulla,Viewpoint,active_unverified
pl_osm_11c9922886,openstreetmap,node,13015138701,osm:node:13015138701,https://www.openstreetmap.org/node/13015138701,Railway Viewpoint,Badulla,Viewpoint,active_unverified
pl_osm_12427e8cc9,openstreetmap,node,13015267801,osm:node:13015267801,https://www.openstreetmap.org/node/13015267801,Idalgashina Kandaura Bend Viewpoint,Badulla,Viewpoint,active_unverified
pl_osm_59d6be871c,openstreetmap,node,13076684157,osm:node:13076684157,https://www.openstreetmap.org/node/13076684157,Thomas Seat,Badulla,Viewpoint,active_unverified
pl_osm_d9370dfb04,openstreetmap,node,13568837501,osm:node:13568837501,https://www.openstreetmap.org/node/13568837501,10 th mile post,Badulla,Viewpoint,active_unverified
pl_osm_a9bd345691,openstreetmap,node,13568837601,osm:node:13568837601,https://www.openstreetmap.org/node/13568837601,Mapitiya,Badulla,Viewpoint,active_unverified
pl_osm_8d1625d4a7,openstreetmap,node,13568837702,osm:node:13568837702,https://www.openstreetmap.org/node/13568837702,Luda Ella,Badulla,Viewpoint,active_unverified
pl_osm_b61df2bd9a,openstreetmap,node,13568837901,osm:node:13568837901,https://www.openstreetmap.org/node/13568837901,Elephant watching viewpoint,Badulla,Viewpoint,active_unverified
pl_osm_7803add2ea,openstreetmap,way,471355132,osm:way:471355132,https://www.openstreetmap.org/way/471355132,Arayampathy Beach,Batticaloa,Sandy Beach,active_unverified
pl_osm_ec1ec96e05,openstreetmap,way,767918776,osm:way:767918776,https://www.openstreetmap.org/way/767918776,Kattankudy Beach,Batticaloa,Sandy Beach,active_unverified
pl_osm_c149c640cd,openstreetmap,way,1279018028,osm:way:1279018028,https://www.openstreetmap.org/way/1279018028,Kaluwankerny Beach,Batticaloa,Sandy Beach,active_unverified
pl_osm_e023042d3f,openstreetmap,node,7725954758,osm:node:7725954758,https://www.openstreetmap.org/node/7725954758,Reverend William Ault,Batticaloa,Building,active_unverified
pl_osm_780510381d,openstreetmap,node,11190045165,osm:node:11190045165,https://www.openstreetmap.org/node/11190045165,Mahatma Gandhi Statue,Batticaloa,Building,active_unverified
pl_osm_5ab7b74d5a,openstreetmap,way,523958262,osm:way:523958262,https://www.openstreetmap.org/way/523958262,selvapuram cemetery,Batticaloa,Building,active_unverified
pl_osm_7965481f34,openstreetmap,node,4424645989,osm:node:4424645989,https://www.openstreetmap.org/node/4424645989,Methodist Church (Puliyantivu),Batticaloa,Church,active_unverified
pl_osm_78265e30e8,openstreetmap,node,10888640476,osm:node:10888640476,https://www.openstreetmap.org/node/10888640476,JTHM Church santhiveli,Batticaloa,Church,active_unverified
pl_osm_e48e1a2e51,openstreetmap,node,10888671355,osm:node:10888671355,https://www.openstreetmap.org/node/10888671355,Jesus is Lord Ministry. Church,Batticaloa,Church,active_unverified
pl_osm_1816a1bcfb,openstreetmap,way,219752991,osm:way:219752991,https://www.openstreetmap.org/way/219752991,Iruthayapuram Church,Batticaloa,Church,active_unverified
pl_osm_0f608b6577,openstreetmap,way,219997394,osm:way:219997394,https://www.openstreetmap.org/way/219997394,St. Ignatius Church,Batticaloa,Church,active_unverified
pl_osm_32a155d6ee,openstreetmap,way,220418880,osm:way:220418880,https://www.openstreetmap.org/way/220418880,Our Lady of Velankanni,Batticaloa,Church,active_unverified
pl_osm_64c0b0bdec,openstreetmap,way,220439340,osm:way:220439340,https://www.openstreetmap.org/way/220439340,St.Anthony's Church,Batticaloa,Church,active_unverified
pl_osm_338b50c862,openstreetmap,way,220696890,osm:way:220696890,https://www.openstreetmap.org/way/220696890,Mary's Church,Batticaloa,Church,active_unverified
pl_osm_48129713d9,openstreetmap,way,221424497,osm:way:221424497,https://www.openstreetmap.org/way/221424497,Lankamatha Church,Batticaloa,Church,active_unverified
pl_osm_1eafc5c33f,openstreetmap,way,221454023,osm:way:221454023,https://www.openstreetmap.org/way/221454023,Our Lady of All Nations,Batticaloa,Church,active_unverified
pl_osm_c87e039c8d,openstreetmap,way,222260521,osm:way:222260521,https://www.openstreetmap.org/way/222260521,Kappalenthiyan Matha Church,Batticaloa,Church,active_unverified
pl_osm_6f116feec0,openstreetmap,way,222438964,osm:way:222438964,https://www.openstreetmap.org/way/222438964,Ceylon Missionary Church,Batticaloa,Church,active_unverified
pl_osm_f0c62a175b,openstreetmap,way,222594968,osm:way:222594968,https://www.openstreetmap.org/way/222594968,Village Gospel Church,Batticaloa,Church,active_unverified
pl_osm_6833655f5f,openstreetmap,way,223253065,osm:way:223253065,https://www.openstreetmap.org/way/223253065,Assembly of God,Batticaloa,Church,active_unverified
pl_osm_c3993a2448,openstreetmap,way,223259810,osm:way:223259810,https://www.openstreetmap.org/way/223259810,Soosaiyappar Church,Batticaloa,Church,active_unverified
pl_osm_15b41b154f,openstreetmap,way,223380342,osm:way:223380342,https://www.openstreetmap.org/way/223380342,Cherche,Batticaloa,Church,active_unverified
pl_osm_4c076884d2,openstreetmap,way,223503945,osm:way:223503945,https://www.openstreetmap.org/way/223503945,Kingdom Hall Of Jehovah’s Witnesses - Batticaloa,Batticaloa,Church,active_unverified
pl_osm_e32cb4228c,openstreetmap,way,227640233,osm:way:227640233,https://www.openstreetmap.org/way/227640233,Infant Jesus Church,Batticaloa,Church,active_unverified
pl_osm_67810dd726,openstreetmap,way,229380190,osm:way:229380190,https://www.openstreetmap.org/way/229380190,Glory of God,Batticaloa,Church,active_unverified
pl_osm_4eb8515151,openstreetmap,way,233371744,osm:way:233371744,https://www.openstreetmap.org/way/233371744,St.Mary's Church,Batticaloa,Church,active_unverified
pl_osm_15dc3be990,openstreetmap,way,238423280,osm:way:238423280,https://www.openstreetmap.org/way/238423280,St. Mary's Cathedral,Batticaloa,Church,active_unverified
pl_osm_d7b276c7e9,openstreetmap,way,385960611,osm:way:385960611,https://www.openstreetmap.org/way/385960611,St.Antanish church,Batticaloa,Church,active_unverified
pl_osm_5d9bf47653,openstreetmap,way,385992572,osm:way:385992572,https://www.openstreetmap.org/way/385992572,ST/Peater Church Vaharai,Batticaloa,Church,active_unverified
pl_osm_91eb3e4d28,openstreetmap,way,387079237,osm:way:387079237,https://www.openstreetmap.org/way/387079237,Living christian assembly church,Batticaloa,Church,active_unverified
pl_osm_772cdb8158,openstreetmap,way,405439669,osm:way:405439669,https://www.openstreetmap.org/way/405439669,Annai Satha Sahaya Matha Church,Batticaloa,Church,active_unverified
pl_osm_66bf85c470,openstreetmap,way,451914274,osm:way:451914274,https://www.openstreetmap.org/way/451914274,Assambly Of God Church,Batticaloa,Church,active_unverified
pl_osm_8506cabc23,openstreetmap,way,452021048,osm:way:452021048,https://www.openstreetmap.org/way/452021048,Maatha Aalayam,Batticaloa,Church,active_unverified
pl_osm_776b320a32,openstreetmap,way,452184137,osm:way:452184137,https://www.openstreetmap.org/way/452184137,St. Anthonys Church,Batticaloa,Church,active_unverified
pl_osm_645f151007,openstreetmap,way,452186659,osm:way:452186659,https://www.openstreetmap.org/way/452186659,Heavenly Vision Revival Harvest Church Kithul,Batticaloa,Church,active_unverified
pl_osm_bad4d2e6a4,openstreetmap,way,452188373,osm:way:452188373,https://www.openstreetmap.org/way/452188373,Church Building,Batticaloa,Church,active_unverified
pl_osm_50fa30af5d,openstreetmap,way,452196868,osm:way:452196868,https://www.openstreetmap.org/way/452196868,Joseph Baas Church,Batticaloa,Church,active_unverified
pl_osm_cb9af80421,openstreetmap,way,452374704,osm:way:452374704,https://www.openstreetmap.org/way/452374704,Nicholos Church,Batticaloa,Church,active_unverified
pl_osm_7c47d0afda,openstreetmap,way,452591881,osm:way:452591881,https://www.openstreetmap.org/way/452591881,Angels montessori church,Batticaloa,Church,active_unverified
pl_osm_d0b9a4dbfd,openstreetmap,way,453467957,osm:way:453467957,https://www.openstreetmap.org/way/453467957,NRC Church,Batticaloa,Church,active_unverified
pl_osm_6e0ead9bbd,openstreetmap,way,453903952,osm:way:453903952,https://www.openstreetmap.org/way/453903952,Antonyar Church,Batticaloa,Church,active_unverified
pl_osm_93d77cb251,openstreetmap,way,456305695,osm:way:456305695,https://www.openstreetmap.org/way/456305695,St. Antony Church,Batticaloa,Church,active_unverified
pl_osm_a41f0c0ff9,openstreetmap,way,457808021,osm:way:457808021,https://www.openstreetmap.org/way/457808021,Methetis church,Batticaloa,Church,active_unverified
pl_osm_a25ca7a4b9,openstreetmap,way,457817719,osm:way:457817719,https://www.openstreetmap.org/way/457817719,Kokkadichcholai Church,Batticaloa,Church,active_unverified
pl_osm_0e5572d5e2,openstreetmap,way,458207550,osm:way:458207550,https://www.openstreetmap.org/way/458207550,Leving Church,Batticaloa,Church,active_unverified
pl_osm_d0a7d7680b,openstreetmap,way,458243185,osm:way:458243185,https://www.openstreetmap.org/way/458243185,Living Church,Batticaloa,Church,active_unverified
pl_osm_f2c0665498,openstreetmap,way,458248200,osm:way:458248200,https://www.openstreetmap.org/way/458248200,American Mission Church,Batticaloa,Church,active_unverified
pl_osm_a31630fb63,openstreetmap,way,458421758,osm:way:458421758,https://www.openstreetmap.org/way/458421758,Mission House,Batticaloa,Church,active_unverified
pl_osm_6d5abd3d2c,openstreetmap,way,460468647,osm:way:460468647,https://www.openstreetmap.org/way/460468647,Pray Hall,Batticaloa,Church,active_unverified
pl_osm_c97399c75f,openstreetmap,way,462696261,osm:way:462696261,https://www.openstreetmap.org/way/462696261,Sahaya Maatha Pallachenai,Batticaloa,Church,active_unverified
pl_osm_daffbff404,openstreetmap,way,483172665,osm:way:483172665,https://www.openstreetmap.org/way/483172665,Punitha Yahappar Kovil,Batticaloa,Church,active_unverified
pl_osm_163565d71b,openstreetmap,way,483367699,osm:way:483367699,https://www.openstreetmap.org/way/483367699,Powlas Church,Batticaloa,Church,active_unverified
pl_osm_6aee4ae7bf,openstreetmap,way,483386499,osm:way:483386499,https://www.openstreetmap.org/way/483386499,Kalvari church,Batticaloa,Church,active_unverified
pl_osm_bbb542b335,openstreetmap,way,483625530,osm:way:483625530,https://www.openstreetmap.org/way/483625530,Angiliccan,Batticaloa,Church,active_unverified
pl_osm_a43100f49f,openstreetmap,way,487608250,osm:way:487608250,https://www.openstreetmap.org/way/487608250,s,Batticaloa,Church,active_unverified
pl_osm_dbc63ab320,openstreetmap,way,487645772,osm:way:487645772,https://www.openstreetmap.org/way/487645772,Christa Seva Ashram,Batticaloa,Church,active_unverified
pl_osm_2c0d697a35,openstreetmap,way,488171242,osm:way:488171242,https://www.openstreetmap.org/way/488171242,Faul Church,Batticaloa,Church,active_unverified
pl_osm_504b4bb0e0,openstreetmap,way,488180226,osm:way:488180226,https://www.openstreetmap.org/way/488180226,C,Batticaloa,Church,active_unverified
pl_osm_d6d62c33ea,openstreetmap,way,488189012,osm:way:488189012,https://www.openstreetmap.org/way/488189012,Church Manse,Batticaloa,Church,active_unverified
pl_osm_3f16f62ff3,openstreetmap,way,488391386,osm:way:488391386,https://www.openstreetmap.org/way/488391386,LOH Church,Batticaloa,Church,active_unverified
pl_osm_1ae8747fe1,openstreetmap,way,489034818,osm:way:489034818,https://www.openstreetmap.org/way/489034818,Assampili overcode Church,Batticaloa,Church,active_unverified
pl_osm_12f137b55d,openstreetmap,way,489034821,osm:way:489034821,https://www.openstreetmap.org/way/489034821,Asirvatha kudaram Church,Batticaloa,Church,active_unverified
pl_osm_3c5b568aa5,openstreetmap,way,489728490,osm:way:489728490,https://www.openstreetmap.org/way/489728490,Brera bre House,Batticaloa,Church,active_unverified
pl_osm_3898125ede,openstreetmap,way,489756879,osm:way:489756879,https://www.openstreetmap.org/way/489756879,Viduthalaik Koodaaram,Batticaloa,Church,active_unverified
pl_osm_243dcebf40,openstreetmap,way,489999710,osm:way:489999710,https://www.openstreetmap.org/way/489999710,St/ Jons Church,Batticaloa,Church,active_unverified
pl_osm_f62f85e308,openstreetmap,way,490030075,osm:way:490030075,https://www.openstreetmap.org/way/490030075,Sri Shiththi Vinayakar Kovil,Batticaloa,Church,active_unverified
pl_osm_6d971996b4,openstreetmap,way,491521111,osm:way:491521111,https://www.openstreetmap.org/way/491521111,Our Lady of Good Health Church Kalkudha,Batticaloa,Church,active_unverified
pl_osm_673f17a68c,openstreetmap,way,493615075,osm:way:493615075,https://www.openstreetmap.org/way/493615075,Mahiladithivu Church,Batticaloa,Church,active_unverified
pl_osm_4cf0bc27e2,openstreetmap,way,494335694,osm:way:494335694,https://www.openstreetmap.org/way/494335694,Nallaseer Maatha Church,Batticaloa,Church,active_unverified
pl_osm_3eb6d5264e,openstreetmap,way,494569124,osm:way:494569124,https://www.openstreetmap.org/way/494569124,Beliebrs Church,Batticaloa,Church,active_unverified
pl_osm_d167259a1c,openstreetmap,way,495796069,osm:way:495796069,https://www.openstreetmap.org/way/495796069,House of prayer ministries,Batticaloa,Church,active_unverified
pl_osm_c07d761876,openstreetmap,way,1156899168,osm:way:1156899168,https://www.openstreetmap.org/way/1156899168,Barathipuram Church,Batticaloa,Church,active_unverified
pl_osm_9d932ac928,openstreetmap,way,1169320837,osm:way:1169320837,https://www.openstreetmap.org/way/1169320837,Zion Church,Batticaloa,Church,active_unverified
pl_osm_e44b6c01d1,openstreetmap,way,1277958200,osm:way:1277958200,https://www.openstreetmap.org/way/1277958200,Divine Mercy Shrine,Batticaloa,Church,active_unverified
pl_osm_da00c858ea,openstreetmap,way,1286521836,osm:way:1286521836,https://www.openstreetmap.org/way/1286521836,"Church, Eastern University",Batticaloa,Church,active_unverified
pl_osm_947d037b9b,openstreetmap,node,1880451582,osm:node:1880451582,https://www.openstreetmap.org/node/1880451582,Sri Munai Murukan Kovil,Batticaloa,Kovil,active_unverified
pl_osm_02276e23a5,openstreetmap,node,3341096460,osm:node:3341096460,https://www.openstreetmap.org/node/3341096460,Kannaki Ampal,Batticaloa,Kovil,active_unverified
pl_osm_75d4fdcdb7,openstreetmap,node,3341096461,osm:node:3341096461,https://www.openstreetmap.org/node/3341096461,Vishnu Temple,Batticaloa,Kovil,active_unverified
pl_osm_6f746e298e,openstreetmap,node,3865116616,osm:node:3865116616,https://www.openstreetmap.org/node/3865116616,Kurukallmadam Pillayar Kovil,Batticaloa,Kovil,active_unverified
pl_osm_24291028da,openstreetmap,node,4763728523,osm:node:4763728523,https://www.openstreetmap.org/node/4763728523,Nakathampiran Kovil Thampanamvely,Batticaloa,Kovil,active_unverified
pl_osm_3adf434bfa,openstreetmap,node,5099998621,osm:node:5099998621,https://www.openstreetmap.org/node/5099998621,Narayanan kovil,Batticaloa,Kovil,active_unverified
pl_osm_52f282aee0,openstreetmap,node,9774013336,osm:node:9774013336,https://www.openstreetmap.org/node/9774013336,Manikkap pillayar kovil,Batticaloa,Kovil,active_unverified
pl_osm_39555dc375,openstreetmap,node,9774013340,osm:node:9774013340,https://www.openstreetmap.org/node/9774013340,Vammiyadi Pillayar Kovil,Batticaloa,Kovil,active_unverified
pl_osm_de8bb75178,openstreetmap,node,9774013342,osm:node:9774013342,https://www.openstreetmap.org/node/9774013342,Verapaththirar kovil,Batticaloa,Kovil,active_unverified
pl_osm_d2108580a5,openstreetmap,node,9774013345,osm:node:9774013345,https://www.openstreetmap.org/node/9774013345,Attputhap pillayar kovil,Batticaloa,Kovil,active_unverified
pl_osm_0f9525fb3c,openstreetmap,node,9774427830,osm:node:9774427830,https://www.openstreetmap.org/node/9774427830,Valaichenai Kailayapillayar Kovil,Batticaloa,Kovil,active_unverified
pl_osm_6d55bb3531,openstreetmap,node,11256668419,osm:node:11256668419,https://www.openstreetmap.org/node/11256668419,Velofumalai Murugan temple,Batticaloa,Kovil,active_unverified
pl_osm_e0ec0dfde5,openstreetmap,node,11436812447,osm:node:11436812447,https://www.openstreetmap.org/node/11436812447,PUTHUR KATHIRAVELY VINAYAGAR TEMPLE,Batticaloa,Kovil,active_unverified
pl_osm_2a34248f0c,openstreetmap,node,11436812448,osm:node:11436812448,https://www.openstreetmap.org/node/11436812448,KAALI TEMPLE,Batticaloa,Kovil,active_unverified
pl_osm_bffbfabe3e,openstreetmap,node,11436812450,osm:node:11436812450,https://www.openstreetmap.org/node/11436812450,GANAPATHI KOVIL,Batticaloa,Kovil,active_unverified
pl_osm_55cdf8e15f,openstreetmap,node,11950003636,osm:node:11950003636,https://www.openstreetmap.org/node/11950003636,Arasadi pillaiyar kovil,Batticaloa,Kovil,active_unverified
pl_osm_f423ba436b,openstreetmap,node,11950003643,osm:node:11950003643,https://www.openstreetmap.org/node/11950003643,Punnayampathi sri maha mariyamman,Batticaloa,Kovil,active_unverified
pl_osm_8f986eebbf,openstreetmap,way,220347710,osm:way:220347710,https://www.openstreetmap.org/way/220347710,Urani Kali Kovil,Batticaloa,Kovil,active_unverified
pl_osm_bd11de4803,openstreetmap,way,220697101,osm:way:220697101,https://www.openstreetmap.org/way/220697101,Kannakai Amman Kovil and Sitti Vinayagar Kovil,Batticaloa,Kovil,active_unverified
pl_osm_2f9ae335db,openstreetmap,way,221300798,osm:way:221300798,https://www.openstreetmap.org/way/221300798,Mariyamman Kovil Stage,Batticaloa,Kovil,active_unverified
pl_osm_895f3d2607,openstreetmap,way,221310609,osm:way:221310609,https://www.openstreetmap.org/way/221310609,Kadalachchi Amman Kovil,Batticaloa,Kovil,active_unverified
pl_osm_4219ff2b21,openstreetmap,way,221310611,osm:way:221310611,https://www.openstreetmap.org/way/221310611,Sri Murukan Kovil,Batticaloa,Kovil,active_unverified
pl_osm_47b5f9df8a,openstreetmap,way,221428899,osm:way:221428899,https://www.openstreetmap.org/way/221428899,Pilliyar Kovil,Batticaloa,Kovil,active_unverified
pl_osm_3b1946aaed,openstreetmap,way,221931482,osm:way:221931482,https://www.openstreetmap.org/way/221931482,Pillyar Kovil,Batticaloa,Kovil,active_unverified
pl_osm_9e452954d5,openstreetmap,way,222260615,osm:way:222260615,https://www.openstreetmap.org/way/222260615,Manika Pillaiyar Kovil,Batticaloa,Kovil,active_unverified
pl_osm_ba2001ae66,openstreetmap,way,222418062,osm:way:222418062,https://www.openstreetmap.org/way/222418062,Puthunagar Sri Siththi Vinayagar Kovil,Batticaloa,Kovil,active_unverified
pl_osm_954c5e9f3c,openstreetmap,way,222620648,osm:way:222620648,https://www.openstreetmap.org/way/222620648,Mamangam Pillayar Kovil,Batticaloa,Kovil,active_unverified
pl_osm_1966bb6409,openstreetmap,way,223251173,osm:way:223251173,https://www.openstreetmap.org/way/223251173,Vinayagar kovil,Batticaloa,Kovil,active_unverified
pl_osm_a63d4e6e84,openstreetmap,way,223500313,osm:way:223500313,https://www.openstreetmap.org/way/223500313,Kovil,Batticaloa,Kovil,active_unverified
pl_osm_dedf466962,openstreetmap,way,223500732,osm:way:223500732,https://www.openstreetmap.org/way/223500732,Pillaiyar tample vavunathivu,Batticaloa,Kovil,active_unverified
pl_osm_8e6921d1c9,openstreetmap,way,227640149,osm:way:227640149,https://www.openstreetmap.org/way/227640149,Vampady Pilliyar Kovil & Sivamuthu Mariyamman Kovil,Batticaloa,Kovil,active_unverified
pl_osm_ed7e5173b1,openstreetmap,way,229380195,osm:way:229380195,https://www.openstreetmap.org/way/229380195,Veer Pathini Amman Kovil,Batticaloa,Kovil,active_unverified
pl_osm_3941f4b20f,openstreetmap,way,229514327,osm:way:229514327,https://www.openstreetmap.org/way/229514327,Nagathambiran Kovil,Batticaloa,Kovil,active_unverified
pl_osm_1a5ed4cc82,openstreetmap,way,229982099,osm:way:229982099,https://www.openstreetmap.org/way/229982099,Anumar Kovil,Batticaloa,Kovil,active_unverified
pl_osm_723838324b,openstreetmap,way,230081117,osm:way:230081117,https://www.openstreetmap.org/way/230081117,Kallady Arasady Pillayar Kovil,Batticaloa,Kovil,active_unverified
pl_osm_9ea1b0043a,openstreetmap,way,230305604,osm:way:230305604,https://www.openstreetmap.org/way/230305604,Gayathri Amman Kovil,Batticaloa,Kovil,active_unverified
pl_osm_b192973be4,openstreetmap,way,231801808,osm:way:231801808,https://www.openstreetmap.org/way/231801808,Sri Santhi Pillayar Kovil,Batticaloa,Kovil,active_unverified
pl_osm_42f41e0bba,openstreetmap,way,232403915,osm:way:232403915,https://www.openstreetmap.org/way/232403915,Mahamariyamman Temple,Batticaloa,Kovil,active_unverified
pl_osm_5e4c9f345f,openstreetmap,way,232605951,osm:way:232605951,https://www.openstreetmap.org/way/232605951,Veerapathiran Kovil,Batticaloa,Kovil,active_unverified
pl_osm_72f2c6041b,openstreetmap,way,232732537,osm:way:232732537,https://www.openstreetmap.org/way/232732537,Mavady Pilaiyar Kovil,Batticaloa,Kovil,active_unverified
pl_osm_fa4eb1a759,openstreetmap,way,232754828,osm:way:232754828,https://www.openstreetmap.org/way/232754828,Vairavar Kovil,Batticaloa,Kovil,active_unverified
pl_osm_5ab6348f13,openstreetmap,way,232761546,osm:way:232761546,https://www.openstreetmap.org/way/232761546,Anaipanthi Pillaiyar Kovil,Batticaloa,Kovil,active_unverified
pl_osm_144098def3,openstreetmap,way,233208036,osm:way:233208036,https://www.openstreetmap.org/way/233208036,Kulakadu Kannaki Amman Kovil,Batticaloa,Kovil,active_unverified
pl_osm_075d4df7b5,openstreetmap,way,233223180,osm:way:233223180,https://www.openstreetmap.org/way/233223180,Veerapathirar Kovil,Batticaloa,Kovil,active_unverified
pl_osm_0c9bfa927f,openstreetmap,way,233226451,osm:way:233226451,https://www.openstreetmap.org/way/233226451,Koththukulathu Maariyamman Kovil,Batticaloa,Kovil,active_unverified
pl_osm_d98d1bbc0e,openstreetmap,way,233496364,osm:way:233496364,https://www.openstreetmap.org/way/233496364,Sai Baba,Batticaloa,Kovil,active_unverified
pl_osm_b12e4891de,openstreetmap,way,233591720,osm:way:233591720,https://www.openstreetmap.org/way/233591720,Maariamman Kovil,Batticaloa,Kovil,active_unverified
pl_osm_df4655f4af,openstreetmap,way,235106233,osm:way:235106233,https://www.openstreetmap.org/way/235106233,Krishnan Kovil,Batticaloa,Kovil,active_unverified
pl_osm_7157c1e9aa,openstreetmap,way,235260303,osm:way:235260303,https://www.openstreetmap.org/way/235260303,Nagthamparan Kovil,Batticaloa,Kovil,active_unverified
pl_osm_91c283570e,openstreetmap,way,238429936,osm:way:238429936,https://www.openstreetmap.org/way/238429936,Sithi Vinayakar Kovil,Batticaloa,Kovil,active_unverified
pl_osm_443f3e3233,openstreetmap,way,385514135,osm:way:385514135,https://www.openstreetmap.org/way/385514135,Paththiniamman Kovil,Batticaloa,Kovil,active_unverified
pl_osm_64899fbf7a,openstreetmap,way,385790432,osm:way:385790432,https://www.openstreetmap.org/way/385790432,kathiraveli Church,Batticaloa,Kovil,active_unverified
pl_osm_5c38a3eb1d,openstreetmap,way,385793963,osm:way:385793963,https://www.openstreetmap.org/way/385793963,Sri Paththini amman kovi,Batticaloa,Kovil,active_unverified
pl_osm_ac9ee958e8,openstreetmap,way,385800413,osm:way:385800413,https://www.openstreetmap.org/way/385800413,sri katpaka vinayakar kovil,Batticaloa,Kovil,active_unverified
pl_osm_25065cef5c,openstreetmap,way,385810806,osm:way:385810806,https://www.openstreetmap.org/way/385810806,Nahakanni Amman Temple,Batticaloa,Kovil,active_unverified
pl_osm_fe6c640132,openstreetmap,way,386018073,osm:way:386018073,https://www.openstreetmap.org/way/386018073,Amman Temple,Batticaloa,Kovil,active_unverified
pl_osm_c6849949ef,openstreetmap,way,386197261,osm:way:386197261,https://www.openstreetmap.org/way/386197261,Pirambaditheevu pillayaar temple,Batticaloa,Kovil,active_unverified
pl_osm_f59baa2269,openstreetmap,way,388362326,osm:way:388362326,https://www.openstreetmap.org/way/388362326,Sri Vayatkari Vinayagar Kovil,Batticaloa,Kovil,active_unverified
pl_osm_8482391aab,openstreetmap,way,388375264,osm:way:388375264,https://www.openstreetmap.org/way/388375264,Theertha Kulam,Batticaloa,Kovil,active_unverified
pl_osm_253e8f4510,openstreetmap,way,388375321,osm:way:388375321,https://www.openstreetmap.org/way/388375321,Paala vinayagar Kovil,Batticaloa,Kovil,active_unverified
pl_osm_97a9707483,openstreetmap,way,388381147,osm:way:388381147,https://www.openstreetmap.org/way/388381147,Nagathampiraan Kovil,Batticaloa,Kovil,active_unverified
pl_osm_3a2c003c6a,openstreetmap,way,388418171,osm:way:388418171,https://www.openstreetmap.org/way/388418171,Periyathambiraan Kovil,Batticaloa,Kovil,active_unverified
pl_osm_8d9a938800,openstreetmap,way,388418350,osm:way:388418350,https://www.openstreetmap.org/way/388418350,Iththiyady Sithi Vinayagar Kovil,Batticaloa,Kovil,active_unverified
pl_osm_4f730f0113,openstreetmap,way,388605931,osm:way:388605931,https://www.openstreetmap.org/way/388605931,Nagathampuran temple,Batticaloa,Kovil,active_unverified
pl_osm_26f1dcc2cb,openstreetmap,way,388607282,osm:way:388607282,https://www.openstreetmap.org/way/388607282,Nagathampiran Kovil,Batticaloa,Kovil,active_unverified
pl_osm_6f21c0df7e,openstreetmap,way,388634971,osm:way:388634971,https://www.openstreetmap.org/way/388634971,Nagathampitan Kovil,Batticaloa,Kovil,active_unverified
pl_osm_f3c794e6df,openstreetmap,way,388635031,osm:way:388635031,https://www.openstreetmap.org/way/388635031,Maari Amman Kovil,Batticaloa,Kovil,active_unverified
pl_osm_bab6d3598a,openstreetmap,way,388710619,osm:way:388710619,https://www.openstreetmap.org/way/388710619,Santhy sellapillayar temple,Batticaloa,Kovil,active_unverified
pl_osm_c48828641c,openstreetmap,way,389561481,osm:way:389561481,https://www.openstreetmap.org/way/389561481,Periya Thampiran Kovil,Batticaloa,Kovil,active_unverified
pl_osm_2d35f83415,openstreetmap,way,390372212,osm:way:390372212,https://www.openstreetmap.org/way/390372212,Veerakaththi Vinaayagar Temple,Batticaloa,Kovil,active_unverified
pl_osm_3b69007273,openstreetmap,way,390554153,osm:way:390554153,https://www.openstreetmap.org/way/390554153,Vinaayahar Temple,Batticaloa,Kovil,active_unverified
pl_osm_ab5dad56f8,openstreetmap,way,392544810,osm:way:392544810,https://www.openstreetmap.org/way/392544810,Naahathambiraan Temple,Batticaloa,Kovil,active_unverified
pl_osm_60bec0700c,openstreetmap,way,392545247,osm:way:392545247,https://www.openstreetmap.org/way/392545247,Periya swami Temple,Batticaloa,Kovil,active_unverified
pl_osm_dd2076598a,openstreetmap,way,392727665,osm:way:392727665,https://www.openstreetmap.org/way/392727665,Maari Amman Temple,Batticaloa,Kovil,active_unverified
pl_osm_b35209d46a,openstreetmap,way,399631114,osm:way:399631114,https://www.openstreetmap.org/way/399631114,Manmunai Sri Paththirakali Amman Kovil,Batticaloa,Kovil,active_unverified
pl_osm_8ee202ee4f,openstreetmap,way,450555138,osm:way:450555138,https://www.openstreetmap.org/way/450555138,Kantha Swamy Kovil,Batticaloa,Kovil,active_unverified
pl_osm_5140944121,openstreetmap,way,450704697,osm:way:450704697,https://www.openstreetmap.org/way/450704697,Sri Muthumariyamman Temple,Batticaloa,Kovil,active_unverified
pl_osm_f161832964,openstreetmap,way,450705100,osm:way:450705100,https://www.openstreetmap.org/way/450705100,Muniswarar Temple,Batticaloa,Kovil,active_unverified
pl_osm_38ee2c669d,openstreetmap,way,450711079,osm:way:450711079,https://www.openstreetmap.org/way/450711079,Pillaiyara Kovil,Batticaloa,Kovil,active_unverified
pl_osm_ad7f37bed6,openstreetmap,way,450720130,osm:way:450720130,https://www.openstreetmap.org/way/450720130,Periyathambiran Kovil,Batticaloa,Kovil,active_unverified
pl_osm_7b9f8c3b66,openstreetmap,way,450732042,osm:way:450732042,https://www.openstreetmap.org/way/450732042,Mariyamman Temple,Batticaloa,Kovil,active_unverified
pl_osm_d042d40d9e,openstreetmap,way,451027535,osm:way:451027535,https://www.openstreetmap.org/way/451027535,Pillaiyar Kovil Nellikadu,Batticaloa,Kovil,active_unverified
pl_osm_69c0447583,openstreetmap,way,451289224,osm:way:451289224,https://www.openstreetmap.org/way/451289224,Nachsimar Pillayar Temple,Batticaloa,Kovil,active_unverified
pl_osm_48bf259dda,openstreetmap,way,451289228,osm:way:451289228,https://www.openstreetmap.org/way/451289228,Naachshivan Pillaiyar Kovil,Batticaloa,Kovil,active_unverified
pl_osm_f469913125,openstreetmap,way,451757627,osm:way:451757627,https://www.openstreetmap.org/way/451757627,Kali Kovil Karaiyakkanthivu,Batticaloa,Kovil,active_unverified
pl_osm_ac4c930845,openstreetmap,way,451757635,osm:way:451757635,https://www.openstreetmap.org/way/451757635,Pillaiyar Kovil Karaiyakanthivu,Batticaloa,Kovil,active_unverified
pl_osm_6d6012381c,openstreetmap,way,451818357,osm:way:451818357,https://www.openstreetmap.org/way/451818357,"Sivan Kovil , Pavtkodichani",Batticaloa,Kovil,active_unverified
pl_osm_839add5539,openstreetmap,way,451820067,osm:way:451820067,https://www.openstreetmap.org/way/451820067,Maanikkappillaiyar Temple,Batticaloa,Kovil,active_unverified
pl_osm_5d2e2ce7c1,openstreetmap,way,451906233,osm:way:451906233,https://www.openstreetmap.org/way/451906233,Sri Maha Vishnu Kovil,Batticaloa,Kovil,active_unverified
pl_osm_ec611fcc98,openstreetmap,way,452024733,osm:way:452024733,https://www.openstreetmap.org/way/452024733,Naka Posani Amman Kovil,Batticaloa,Kovil,active_unverified
pl_osm_ece064d1f3,openstreetmap,way,452184393,osm:way:452184393,https://www.openstreetmap.org/way/452184393,Punaruththana Vairavar Kovil,Batticaloa,Kovil,active_unverified
pl_osm_1cdcb615a0,openstreetmap,way,452184437,osm:way:452184437,https://www.openstreetmap.org/way/452184437,Pilliayar Kovil,Batticaloa,Kovil,active_unverified
pl_osm_3bcf6b97a0,openstreetmap,way,452194192,osm:way:452194192,https://www.openstreetmap.org/way/452194192,Theevu Pillayar Kovil,Batticaloa,Kovil,active_unverified
pl_osm_6d32c29b99,openstreetmap,way,452194270,osm:way:452194270,https://www.openstreetmap.org/way/452194270,Sri Arasady Mathurapury Amman Temple,Batticaloa,Kovil,active_unverified
pl_osm_c4f44879e3,openstreetmap,way,452217222,osm:way:452217222,https://www.openstreetmap.org/way/452217222,Periapullumalai Mariyamman Kovil,Batticaloa,Kovil,active_unverified
pl_osm_798ab9dc27,openstreetmap,way,452358325,osm:way:452358325,https://www.openstreetmap.org/way/452358325,Sri Siththy Vinayakar Kovil,Batticaloa,Kovil,active_unverified
pl_osm_ddbb24f0f0,openstreetmap,way,452358741,osm:way:452358741,https://www.openstreetmap.org/way/452358741,Sri Kaali Kovil,Batticaloa,Kovil,active_unverified
pl_osm_94f3d89dca,openstreetmap,way,452373139,osm:way:452373139,https://www.openstreetmap.org/way/452373139,Sri Maha Priyathambiran Temple,Batticaloa,Kovil,active_unverified
pl_osm_fbf19181fa,openstreetmap,way,452376162,osm:way:452376162,https://www.openstreetmap.org/way/452376162,Vashuki amman Kovil at Nellur,Batticaloa,Kovil,active_unverified
pl_osm_e950bc9b60,openstreetmap,way,452384347,osm:way:452384347,https://www.openstreetmap.org/way/452384347,Vilavadduvan Pechchiyamman Temple,Batticaloa,Kovil,active_unverified
pl_osm_6aaed287d9,openstreetmap,way,452389270,osm:way:452389270,https://www.openstreetmap.org/way/452389270,Sithi Vinayagar Kovil,Batticaloa,Kovil,active_unverified
pl_osm_423070025a,openstreetmap,way,452390713,osm:way:452390713,https://www.openstreetmap.org/way/452390713,Sridevi Kovil,Batticaloa,Kovil,active_unverified
pl_osm_58e6a18e23,openstreetmap,way,452390907,osm:way:452390907,https://www.openstreetmap.org/way/452390907,Sri Pathrakali Amman Kovil,Batticaloa,Kovil,active_unverified
pl_osm_ddfeb0aa05,openstreetmap,way,452398770,osm:way:452398770,https://www.openstreetmap.org/way/452398770,Karuppasami Kovil,Batticaloa,Kovil,active_unverified
pl_osm_69e1fb18c7,openstreetmap,node,4462730689,osm:node:4462730689,https://www.openstreetmap.org/node/4462730689,M A N D U R,Batticaloa,Other,active_unverified
pl_osm_88a1da8cc2,openstreetmap,node,4470675790,osm:node:4470675790,https://www.openstreetmap.org/node/4470675790,Palugamam,Batticaloa,Other,active_unverified
pl_osm_95bbc72c3f,openstreetmap,node,4470686789,osm:node:4470686789,https://www.openstreetmap.org/node/4470686789,Porativu,Batticaloa,Other,active_unverified
pl_osm_e200c82c11,openstreetmap,node,4470686790,osm:node:4470686790,https://www.openstreetmap.org/node/4470686790,Kaluthawalai,Batticaloa,Other,active_unverified
pl_osm_eb02e7d05f,openstreetmap,way,816573828,osm:way:816573828,https://www.openstreetmap.org/way/816573828,Kadakan Kal,Batticaloa,Other,active_unverified
pl_osm_4ff942e816,openstreetmap,node,3860677088,osm:node:3860677088,https://www.openstreetmap.org/node/3860677088,Place in Gurukulmadam Visited By Guru Nanak in Early 16th Century during Sri Lanka visit,Batticaloa,Temple,active_unverified
pl_osm_66715d8ec9,openstreetmap,node,4071057076,osm:node:4071057076,https://www.openstreetmap.org/node/4071057076,Meera Meththai Grand Mosque,Batticaloa,Temple,active_unverified
pl_osm_4a020dbeb8,openstreetmap,node,4424650589,osm:node:4424650589,https://www.openstreetmap.org/node/4424650589,CPM,Batticaloa,Temple,active_unverified
pl_osm_276977ccb1,openstreetmap,node,5711222032,osm:node:5711222032,https://www.openstreetmap.org/node/5711222032,Massive ganeesha,Batticaloa,Temple,active_unverified
pl_osm_c7bd6ff452,openstreetmap,node,6259374923,osm:node:6259374923,https://www.openstreetmap.org/node/6259374923,JAMIUL AKBAR JUMMA MOSQUE,Batticaloa,Temple,active_unverified
pl_osm_8275398767,openstreetmap,node,6384734585,osm:node:6384734585,https://www.openstreetmap.org/node/6384734585,Mandur murkan kovill,Batticaloa,Temple,active_unverified
pl_osm_e81b5092e6,openstreetmap,node,8625088935,osm:node:8625088935,https://www.openstreetmap.org/node/8625088935,Masjithul Hutha,Batticaloa,Temple,active_unverified
pl_osm_b9170f0059,openstreetmap,node,9347781432,osm:node:9347781432,https://www.openstreetmap.org/node/9347781432,Abdul Rahuman Musjid,Batticaloa,Temple,active_unverified
pl_osm_1a520c90ba,openstreetmap,node,11693712643,osm:node:11693712643,https://www.openstreetmap.org/node/11693712643,Jamie's Sabeel,Batticaloa,Temple,active_unverified
pl_osm_31f55db2bb,openstreetmap,node,11693728552,osm:node:11693728552,https://www.openstreetmap.org/node/11693728552,Jamius Sabeel,Batticaloa,Temple,active_unverified
pl_osm_27324504f1,openstreetmap,node,12947453476,osm:node:12947453476,https://www.openstreetmap.org/node/12947453476,Masjidussunnah,Batticaloa,Temple,active_unverified
pl_osm_867924aa00,openstreetmap,node,12947463205,osm:node:12947463205,https://www.openstreetmap.org/node/12947463205,Masjid ar Rasool,Batticaloa,Temple,active_unverified
pl_osm_d667b5e47d,openstreetmap,node,12947466683,osm:node:12947466683,https://www.openstreetmap.org/node/12947466683,Mohideen Jummah Mosque,Batticaloa,Temple,active_unverified
pl_osm_9d54f3a93a,openstreetmap,node,12947468713,osm:node:12947468713,https://www.openstreetmap.org/node/12947468713,Masjid Al Minan,Batticaloa,Temple,active_unverified
pl_osm_668cc5c8c3,openstreetmap,node,12947469580,osm:node:12947469580,https://www.openstreetmap.org/node/12947469580,Darussunnah Annabawiyya Thowheed Masjith,Batticaloa,Temple,active_unverified
pl_osm_4930ce9235,openstreetmap,way,219754257,osm:way:219754257,https://www.openstreetmap.org/way/219754257,Mangalarama Vihara,Batticaloa,Temple,active_unverified
pl_osm_c53eee3d58,openstreetmap,way,220690846,osm:way:220690846,https://www.openstreetmap.org/way/220690846,Husainiya Mosque,Batticaloa,Temple,active_unverified
pl_osm_f4529d8c86,openstreetmap,way,220862852,osm:way:220862852,https://www.openstreetmap.org/way/220862852,Jamius Salam Jummah Masjith,Batticaloa,Temple,active_unverified
pl_osm_06d47d2295,openstreetmap,way,222602589,osm:way:222602589,https://www.openstreetmap.org/way/222602589,Four Square Church,Batticaloa,Temple,active_unverified
pl_osm_c83124a4b8,openstreetmap,way,232112792,osm:way:232112792,https://www.openstreetmap.org/way/232112792,Jayathipura Buddhist Temple,Batticaloa,Temple,active_unverified
pl_osm_a5aa589366,openstreetmap,way,385998218,osm:way:385998218,https://www.openstreetmap.org/way/385998218,Masjidus Salihath,Batticaloa,Temple,active_unverified
pl_osm_ded15bb570,openstreetmap,way,386099600,osm:way:386099600,https://www.openstreetmap.org/way/386099600,"Aaysha Masjid, Valaichcenai",Batticaloa,Temple,active_unverified
pl_osm_6e47466bdc,openstreetmap,way,386102811,osm:way:386102811,https://www.openstreetmap.org/way/386102811,Masjidul Hairath,Batticaloa,Temple,active_unverified
pl_osm_e1195bf741,openstreetmap,way,386203783,osm:way:386203783,https://www.openstreetmap.org/way/386203783,Baduriya Masjid,Batticaloa,Temple,active_unverified
pl_osm_dcb88fa6a6,openstreetmap,way,386580028,osm:way:386580028,https://www.openstreetmap.org/way/386580028,Markaz Masjid,Batticaloa,Temple,active_unverified
pl_osm_ef8b0e8f2e,openstreetmap,way,386582948,osm:way:386582948,https://www.openstreetmap.org/way/386582948,Huda Jumma Masjid,Batticaloa,Temple,active_unverified
pl_osm_b50bc08fad,openstreetmap,way,388385261,osm:way:388385261,https://www.openstreetmap.org/way/388385261,Buhary Mosque,Batticaloa,Temple,active_unverified
pl_osm_d1dc318a43,openstreetmap,way,48893708,osm:way:48893708,https://www.openstreetmap.org/way/48893708,National Zoological Gardens,Colombo,Adventure Park,active_unverified
pl_osm_605bbbef66,openstreetmap,way,231068282,osm:way:231068282,https://www.openstreetmap.org/way/231068282,Excel World,Colombo,Adventure Park,active_unverified
pl_osm_28eb68eac8,openstreetmap,way,421149622,osm:way:421149622,https://www.openstreetmap.org/way/421149622,Leisure World Entertainment Park,Colombo,Adventure Park,active_unverified
pl_osm_83468bfc59,openstreetmap,node,12585161277,osm:node:12585161277,https://www.openstreetmap.org/node/12585161277,Dehiwala Beach,Colombo,Sandy Beach,active_unverified
pl_osm_52016ef7c9,openstreetmap,way,1132625000,osm:way:1132625000,https://www.openstreetmap.org/way/1132625000,Wellawatte Beach,Colombo,Sandy Beach,active_unverified
pl_osm_f69c9e998c,openstreetmap,way,1357708800,osm:way:1357708800,https://www.openstreetmap.org/way/1357708800,Golden Beach,Colombo,Sandy Beach,active_unverified
pl_osm_f5eba1d6e3,openstreetmap,node,599762371,osm:node:599762371,https://www.openstreetmap.org/node/599762371,Sri Wijayatilakaramaya,Colombo,Buddhist Temple,active_unverified
pl_osm_d0dfaef43f,openstreetmap,node,599762408,osm:node:599762408,https://www.openstreetmap.org/node/599762408,Sri Wardhanaramaya,Colombo,Buddhist Temple,active_unverified
pl_osm_3ea2c40c59,openstreetmap,node,599762445,osm:node:599762445,https://www.openstreetmap.org/node/599762445,Makumbura Purana Viharaya,Colombo,Buddhist Temple,active_unverified
pl_osm_24a971de7d,openstreetmap,node,619963184,osm:node:619963184,https://www.openstreetmap.org/node/619963184,Sri Naga Viharaya,Colombo,Buddhist Temple,active_unverified
pl_osm_19dc737007,openstreetmap,node,620403475,osm:node:620403475,https://www.openstreetmap.org/node/620403475,Dharmaramaya,Colombo,Buddhist Temple,active_unverified
pl_osm_bba01a7c18,openstreetmap,node,621179349,osm:node:621179349,https://www.openstreetmap.org/node/621179349,Kolonnawa Rajamaha Viharaya,Colombo,Buddhist Temple,active_unverified
pl_osm_1fdae7d99e,openstreetmap,node,621817276,osm:node:621817276,https://www.openstreetmap.org/node/621817276,Sri Abhayaramaya,Colombo,Buddhist Temple,active_unverified
pl_osm_e15e030329,openstreetmap,node,621940730,osm:node:621940730,https://www.openstreetmap.org/node/621940730,Sri Subodharama Raja Maha Viharaya,Colombo,Buddhist Temple,active_unverified
pl_osm_dea4066168,openstreetmap,node,622293225,osm:node:622293225,https://www.openstreetmap.org/node/622293225,Pepiliyana Sunethra Devi Pirivena,Colombo,Buddhist Temple,active_unverified
pl_osm_2afd54fe51,openstreetmap,node,637566079,osm:node:637566079,https://www.openstreetmap.org/node/637566079,Vajiraramya Buddhis Temple,Colombo,Buddhist Temple,active_unverified
pl_osm_0887cb0e4d,openstreetmap,node,642981927,osm:node:642981927,https://www.openstreetmap.org/node/642981927,Isipathanarama Temple,Colombo,Buddhist Temple,active_unverified
pl_osm_c52c80cf07,openstreetmap,node,642994300,osm:node:642994300,https://www.openstreetmap.org/node/642994300,Sri Visuddharamaya,Colombo,Buddhist Temple,active_unverified
pl_osm_e89c159ed0,openstreetmap,node,666855408,osm:node:666855408,https://www.openstreetmap.org/node/666855408,Walukarama Temple,Colombo,Buddhist Temple,active_unverified
pl_osm_49d6fa38a5,openstreetmap,node,666903865,osm:node:666903865,https://www.openstreetmap.org/node/666903865,Balapokuna Purana Viharaya,Colombo,Buddhist Temple,active_unverified
pl_osm_c8ae1201e1,openstreetmap,node,673069752,osm:node:673069752,https://www.openstreetmap.org/node/673069752,Dharma Nikethanaya Temple,Colombo,Buddhist Temple,active_unverified
pl_osm_b2c8f65458,openstreetmap,node,673924700,osm:node:673924700,https://www.openstreetmap.org/node/673924700,Hathbodiya Temple,Colombo,Buddhist Temple,active_unverified
pl_osm_3affcbaf76,openstreetmap,node,673953425,osm:node:673953425,https://www.openstreetmap.org/node/673953425,Sumanarama Temple,Colombo,Buddhist Temple,active_unverified
pl_osm_638c78bb53,openstreetmap,node,674898000,osm:node:674898000,https://www.openstreetmap.org/node/674898000,Vidya Vijaya aramaya,Colombo,Buddhist Temple,active_unverified
pl_osm_e7c98c1624,openstreetmap,node,674943715,osm:node:674943715,https://www.openstreetmap.org/node/674943715,sri sumanaramaya,Colombo,Buddhist Temple,active_unverified
pl_osm_d7cc01edb3,openstreetmap,node,678342993,osm:node:678342993,https://www.openstreetmap.org/node/678342993,Mattarama Buddhist Temple,Colombo,Buddhist Temple,active_unverified
pl_osm_0a0fbf2b97,openstreetmap,node,678692751,osm:node:678692751,https://www.openstreetmap.org/node/678692751,Sri Maha Viharaya,Colombo,Buddhist Temple,active_unverified
pl_osm_9b46cf944d,openstreetmap,node,679007498,osm:node:679007498,https://www.openstreetmap.org/node/679007498,Sri Bauddhaloka Maha Viharaya,Colombo,Buddhist Temple,active_unverified
pl_osm_382a6071e8,openstreetmap,node,679008484,osm:node:679008484,https://www.openstreetmap.org/node/679008484,Sri Sambodhi Viharaya,Colombo,Buddhist Temple,active_unverified
pl_osm_f4c343adbf,openstreetmap,node,679023678,osm:node:679023678,https://www.openstreetmap.org/node/679023678,Veherakanda Temple,Colombo,Buddhist Temple,active_unverified
pl_osm_570003ac5c,openstreetmap,node,681217993,osm:node:681217993,https://www.openstreetmap.org/node/681217993,Subadrarama Temple,Colombo,Buddhist Temple,active_unverified
pl_osm_bf243ad510,openstreetmap,node,681253289,osm:node:681253289,https://www.openstreetmap.org/node/681253289,Sri Devram Maha Viharaya,Colombo,Buddhist Temple,active_unverified
pl_osm_b37455e586,openstreetmap,node,681871598,osm:node:681871598,https://www.openstreetmap.org/node/681871598,Mahabodi Samagama,Colombo,Buddhist Temple,active_unverified
pl_osm_afd7e22c9b,openstreetmap,node,682080653,osm:node:682080653,https://www.openstreetmap.org/node/682080653,Somaramaya,Colombo,Buddhist Temple,active_unverified
pl_osm_5cf6719a1a,openstreetmap,node,683783951,osm:node:683783951,https://www.openstreetmap.org/node/683783951,Sri Vijayaramaya Buddhist Temple,Colombo,Buddhist Temple,active_unverified
pl_osm_4817fbcf6e,openstreetmap,node,683788943,osm:node:683788943,https://www.openstreetmap.org/node/683788943,Sudharmaramaya Purana Viharaya,Colombo,Buddhist Temple,active_unverified
pl_osm_801ec57cbe,openstreetmap,node,696458414,osm:node:696458414,https://www.openstreetmap.org/node/696458414,Sri Wickramasingharamaya,Colombo,Buddhist Temple,active_unverified
pl_osm_1bce973727,openstreetmap,node,696497074,osm:node:696497074,https://www.openstreetmap.org/node/696497074,Purana Maha Viharaya,Colombo,Buddhist Temple,active_unverified
pl_osm_9b4377bbe3,openstreetmap,node,767862378,osm:node:767862378,https://www.openstreetmap.org/node/767862378,Abhinawaramaya,Colombo,Buddhist Temple,active_unverified
pl_osm_26efa4ac45,openstreetmap,node,913095566,osm:node:913095566,https://www.openstreetmap.org/node/913095566,Parama Dhamma Viharaya,Colombo,Buddhist Temple,active_unverified
pl_osm_4eed7686e7,openstreetmap,node,971827272,osm:node:971827272,https://www.openstreetmap.org/node/971827272,Yashodhararamaya,Colombo,Buddhist Temple,active_unverified
pl_osm_1d44cf0c60,openstreetmap,node,974334115,osm:node:974334115,https://www.openstreetmap.org/node/974334115,Susilaramaya,Colombo,Buddhist Temple,active_unverified
pl_osm_6fe6d792c5,openstreetmap,node,1131884363,osm:node:1131884363,https://www.openstreetmap.org/node/1131884363,Keththarama Temple,Colombo,Buddhist Temple,active_unverified
pl_osm_e1e0a64d05,openstreetmap,node,1261072496,osm:node:1261072496,https://www.openstreetmap.org/node/1261072496,Pinwathe Temple,Colombo,Buddhist Temple,active_unverified
pl_osm_45c4a8e808,openstreetmap,node,1272979810,osm:node:1272979810,https://www.openstreetmap.org/node/1272979810,Dharma Sri Maha Bodhi Temple,Colombo,Buddhist Temple,active_unverified
pl_osm_aec115bee1,openstreetmap,node,1275845209,osm:node:1275845209,https://www.openstreetmap.org/node/1275845209,Bodhirukkaramaya,Colombo,Buddhist Temple,active_unverified
pl_osm_eb30656c6e,openstreetmap,node,1275858060,osm:node:1275858060,https://www.openstreetmap.org/node/1275858060,Shaila Bimbarama,Colombo,Buddhist Temple,active_unverified
pl_osm_571958f35c,openstreetmap,node,1523694052,osm:node:1523694052,https://www.openstreetmap.org/node/1523694052,Vipashyarama Temple,Colombo,Buddhist Temple,active_unverified
pl_osm_5a01e977c2,openstreetmap,node,1523727182,osm:node:1523727182,https://www.openstreetmap.org/node/1523727182,Bogahawatta Temple,Colombo,Buddhist Temple,active_unverified
pl_osm_e455755dcf,openstreetmap,node,1526697944,osm:node:1526697944,https://www.openstreetmap.org/node/1526697944,Neelammahara Temple,Colombo,Buddhist Temple,active_unverified
pl_osm_ec38d84df5,openstreetmap,node,1528654167,osm:node:1528654167,https://www.openstreetmap.org/node/1528654167,Anu-Subodharamaya Temple,Colombo,Buddhist Temple,active_unverified
pl_osm_0cb47ef5d0,openstreetmap,node,1600082505,osm:node:1600082505,https://www.openstreetmap.org/node/1600082505,Jothika Ramaya,Colombo,Buddhist Temple,active_unverified
pl_osm_d8d03f8fd1,openstreetmap,node,1600085617,osm:node:1600085617,https://www.openstreetmap.org/node/1600085617,Chittha Viveka Asramaya,Colombo,Buddhist Temple,active_unverified
pl_osm_4f9217c322,openstreetmap,node,1642781006,osm:node:1642781006,https://www.openstreetmap.org/node/1642781006,Parama Dhamma Chethiya Pirivena,Colombo,Buddhist Temple,active_unverified
pl_osm_fd09eee752,openstreetmap,node,1650091390,osm:node:1650091390,https://www.openstreetmap.org/node/1650091390,Sri Pagnatilakaramaya,Colombo,Buddhist Temple,active_unverified
pl_osm_228df4d957,openstreetmap,node,1651212802,osm:node:1651212802,https://www.openstreetmap.org/node/1651212802,Isipathanaramaya,Colombo,Buddhist Temple,active_unverified
pl_osm_45460e1b2e,openstreetmap,node,1651294563,osm:node:1651294563,https://www.openstreetmap.org/node/1651294563,Bodhimalu Viharaya,Colombo,Buddhist Temple,active_unverified
pl_osm_047d3ebbe7,openstreetmap,node,1651318450,osm:node:1651318450,https://www.openstreetmap.org/node/1651318450,Vidyalankara Pirivena,Colombo,Buddhist Temple,active_unverified
pl_osm_5b127304a2,openstreetmap,node,1654174017,osm:node:1654174017,https://www.openstreetmap.org/node/1654174017,Siri Mangalaramaya,Colombo,Buddhist Temple,active_unverified
pl_osm_bdb7fb10a6,openstreetmap,node,1654305500,osm:node:1654305500,https://www.openstreetmap.org/node/1654305500,Thapodhanaramaya,Colombo,Buddhist Temple,active_unverified
pl_osm_409c68250e,openstreetmap,node,1655728802,osm:node:1655728802,https://www.openstreetmap.org/node/1655728802,Sri Poorvaramaya,Colombo,Buddhist Temple,active_unverified
pl_osm_dc57dd02d7,openstreetmap,node,1670775465,osm:node:1670775465,https://www.openstreetmap.org/node/1670775465,Sri Bodhi Piriven Temple,Colombo,Buddhist Temple,active_unverified
pl_osm_5a47ee8eb4,openstreetmap,node,1672991075,osm:node:1672991075,https://www.openstreetmap.org/node/1672991075,Dhamma Gaweshi Monastry,Colombo,Buddhist Temple,active_unverified
pl_osm_8e46ea3aab,openstreetmap,node,1672991076,osm:node:1672991076,https://www.openstreetmap.org/node/1672991076,Sri Kalyana Dharma Peramuna,Colombo,Buddhist Temple,active_unverified
pl_osm_2da2edb355,openstreetmap,node,1673007839,osm:node:1673007839,https://www.openstreetmap.org/node/1673007839,Wickremasingharamaya,Colombo,Buddhist Temple,active_unverified
pl_osm_f2d2b5386e,openstreetmap,node,1673021345,osm:node:1673021345,https://www.openstreetmap.org/node/1673021345,Sri Dhammarama Viharaya,Colombo,Buddhist Temple,active_unverified
pl_osm_9360fd73ee,openstreetmap,node,1673031664,osm:node:1673031664,https://www.openstreetmap.org/node/1673031664,Nawinna Raja Maha Viharaya,Colombo,Buddhist Temple,active_unverified
pl_osm_96449b81ec,openstreetmap,node,1673065576,osm:node:1673065576,https://www.openstreetmap.org/node/1673065576,Sri Chandrasekararamaya,Colombo,Buddhist Temple,active_unverified
pl_osm_1e0ccddee2,openstreetmap,node,1673065585,osm:node:1673065585,https://www.openstreetmap.org/node/1673065585,Indraramaya Temple,Colombo,Buddhist Temple,active_unverified
pl_osm_8d6ad9b5b2,openstreetmap,node,1684190295,osm:node:1684190295,https://www.openstreetmap.org/node/1684190295,Sri Vivekaramaya,Colombo,Buddhist Temple,active_unverified
pl_osm_6889155cba,openstreetmap,node,1695899008,osm:node:1695899008,https://www.openstreetmap.org/node/1695899008,Pagnodayaramaya,Colombo,Buddhist Temple,active_unverified
pl_osm_862798f012,openstreetmap,node,1695899014,osm:node:1695899014,https://www.openstreetmap.org/node/1695899014,Sri Wijayarama Raja Maha Viharaya,Colombo,Buddhist Temple,active_unverified
pl_osm_946470ed62,openstreetmap,node,1736059684,osm:node:1736059684,https://www.openstreetmap.org/node/1736059684,Malapalla Temple,Colombo,Buddhist Temple,active_unverified
pl_osm_e8efa2f34c,openstreetmap,node,1736081350,osm:node:1736081350,https://www.openstreetmap.org/node/1736081350,Polwatte Temple,Colombo,Buddhist Temple,active_unverified
pl_osm_85a39a4b8e,openstreetmap,node,1778850409,osm:node:1778850409,https://www.openstreetmap.org/node/1778850409,Ambulgama Purana Raja Maha Viharaya,Colombo,Buddhist Temple,active_unverified
pl_osm_503656fea3,openstreetmap,node,1788224810,osm:node:1788224810,https://www.openstreetmap.org/node/1788224810,Pitipana Purana Maha Viharaya,Colombo,Buddhist Temple,active_unverified
pl_osm_ccbca54177,openstreetmap,node,1788297088,osm:node:1788297088,https://www.openstreetmap.org/node/1788297088,Sri Punyaloka Viharaya,Colombo,Buddhist Temple,active_unverified
pl_osm_92a56135f5,openstreetmap,node,1788326237,osm:node:1788326237,https://www.openstreetmap.org/node/1788326237,Pitumpe Temple,Colombo,Buddhist Temple,active_unverified
pl_osm_f7c6f4ab1e,openstreetmap,node,1793993591,osm:node:1793993591,https://www.openstreetmap.org/node/1793993591,Sri Nikethanaramaya,Colombo,Buddhist Temple,active_unverified
pl_osm_9accef7315,openstreetmap,node,1794009721,osm:node:1794009721,https://www.openstreetmap.org/node/1794009721,Sri Sangarama Maha Viharaya,Colombo,Buddhist Temple,active_unverified
pl_osm_71cdd07e0f,openstreetmap,node,1803805821,osm:node:1803805821,https://www.openstreetmap.org/node/1803805821,Raja Maha Viharaya,Colombo,Buddhist Temple,active_unverified
pl_osm_5c2a71d551,openstreetmap,node,1838424077,osm:node:1838424077,https://www.openstreetmap.org/node/1838424077,Int. Buddhist Centre,Colombo,Buddhist Temple,active_unverified
pl_osm_69381ca979,openstreetmap,node,1838453760,osm:node:1838453760,https://www.openstreetmap.org/node/1838453760,Dharmaraja Temple,Colombo,Buddhist Temple,active_unverified
pl_osm_2075e45788,openstreetmap,node,1838532106,osm:node:1838532106,https://www.openstreetmap.org/node/1838532106,Mallikaramaya,Colombo,Buddhist Temple,active_unverified
pl_osm_d44b1c897e,openstreetmap,node,1839459853,osm:node:1839459853,https://www.openstreetmap.org/node/1839459853,Maha Pirivena (Ode Pansala),Colombo,Buddhist Temple,active_unverified
pl_osm_67151f1310,openstreetmap,node,1839468676,osm:node:1839468676,https://www.openstreetmap.org/node/1839468676,Sunethrarama Viharaya,Colombo,Buddhist Temple,active_unverified
pl_osm_301377b365,openstreetmap,node,1839468735,osm:node:1839468735,https://www.openstreetmap.org/node/1839468735,Mahindaramaya,Colombo,Buddhist Temple,active_unverified
pl_osm_f6ed2193f0,openstreetmap,node,1839503039,osm:node:1839503039,https://www.openstreetmap.org/node/1839503039,Eeyam Poruwa Raja Maha Viharaya,Colombo,Buddhist Temple,active_unverified
pl_osm_c3e13fc143,openstreetmap,node,1843534073,osm:node:1843534073,https://www.openstreetmap.org/node/1843534073,Sankha Pitti Viharaya,Colombo,Buddhist Temple,active_unverified
pl_osm_b685af7e34,openstreetmap,node,1862625132,osm:node:1862625132,https://www.openstreetmap.org/node/1862625132,Kaluaggala Raja Maha Viharaya,Colombo,Buddhist Temple,active_unverified
pl_osm_525129e320,openstreetmap,node,1862711677,osm:node:1862711677,https://www.openstreetmap.org/node/1862711677,Sri Subhadraramaya,Colombo,Buddhist Temple,active_unverified
pl_osm_845441cc69,openstreetmap,node,1862855079,osm:node:1862855079,https://www.openstreetmap.org/node/1862855079,Saylabimbarama Temple,Colombo,Buddhist Temple,active_unverified
pl_osm_58d21bd1bf,openstreetmap,node,1895968921,osm:node:1895968921,https://www.openstreetmap.org/node/1895968921,Soysaramaya,Colombo,Buddhist Temple,active_unverified
pl_osm_521941b785,openstreetmap,node,1907040475,osm:node:1907040475,https://www.openstreetmap.org/node/1907040475,Dharma Wijayaloka Temple,Colombo,Buddhist Temple,active_unverified
pl_osm_a202f58a28,openstreetmap,node,1908190603,osm:node:1908190603,https://www.openstreetmap.org/node/1908190603,Dhawalasingharamaya,Colombo,Buddhist Temple,active_unverified
pl_osm_3b2446f9b3,openstreetmap,node,1918165065,osm:node:1918165065,https://www.openstreetmap.org/node/1918165065,Sri Nagharukkharamaya,Colombo,Buddhist Temple,active_unverified
pl_osm_b14774c0d4,openstreetmap,node,1918165067,osm:node:1918165067,https://www.openstreetmap.org/node/1918165067,Dharma Rakshitharamaya,Colombo,Buddhist Temple,active_unverified
pl_osm_48ec64f1ba,openstreetmap,node,1918165070,osm:node:1918165070,https://www.openstreetmap.org/node/1918165070,Sri Vimalaramaya,Colombo,Buddhist Temple,active_unverified
pl_osm_efb16be9c7,openstreetmap,node,1934706179,osm:node:1934706179,https://www.openstreetmap.org/node/1934706179,Meththaramaya,Colombo,Buddhist Temple,active_unverified
pl_osm_268e39e0b2,openstreetmap,node,1941158945,osm:node:1941158945,https://www.openstreetmap.org/node/1941158945,Dampe Purana Temple,Colombo,Buddhist Temple,active_unverified
pl_osm_0225a9bef1,openstreetmap,node,1967937200,osm:node:1967937200,https://www.openstreetmap.org/node/1967937200,Vipassana Meditation Center,Colombo,Buddhist Temple,active_unverified
pl_osm_c0fb28fed2,openstreetmap,node,1967937273,osm:node:1967937273,https://www.openstreetmap.org/node/1967937273,Mawathgama Sri Vishuddharamaya,Colombo,Buddhist Temple,active_unverified
pl_osm_bd9457113f,openstreetmap,node,1967937337,osm:node:1967937337,https://www.openstreetmap.org/node/1967937337,Sasanawardanaramaya,Colombo,Buddhist Temple,active_unverified
pl_osm_cee46cd720,openstreetmap,node,2034242950,osm:node:2034242950,https://www.openstreetmap.org/node/2034242950,Sri Lankarama Maha Viharaya,Colombo,Buddhist Temple,active_unverified
pl_osm_588c9f3251,openstreetmap,node,2045794937,osm:node:2045794937,https://www.openstreetmap.org/node/2045794937,Doowe Purana Rajamaha Viharaya,Colombo,Buddhist Temple,active_unverified
pl_osm_7d9e5af39b,openstreetmap,node,2045876058,osm:node:2045876058,https://www.openstreetmap.org/node/2045876058,Sri Punyabhiwardanaramaya,Colombo,Buddhist Temple,active_unverified
pl_osm_6f5bcfa6a2,openstreetmap,node,2051587827,osm:node:2051587827,https://www.openstreetmap.org/node/2051587827,Sri Saddharma Nikethanaramaya,Colombo,Buddhist Temple,active_unverified
pl_osm_23d18d1e54,openstreetmap,node,2071116348,osm:node:2071116348,https://www.openstreetmap.org/node/2071116348,Jayagath Yogashramaya,Colombo,Buddhist Temple,active_unverified
pl_osm_9549af525d,openstreetmap,node,2091831614,osm:node:2091831614,https://www.openstreetmap.org/node/2091831614,Abesingharamaya,Colombo,Buddhist Temple,active_unverified
pl_osm_007c928dc0,openstreetmap,node,2091833347,osm:node:2091833347,https://www.openstreetmap.org/node/2091833347,Wimalaramaya,Colombo,Buddhist Temple,active_unverified
pl_osm_08df8072f2,openstreetmap,node,2094306174,osm:node:2094306174,https://www.openstreetmap.org/node/2094306174,Sri Vajirasramaya,Colombo,Buddhist Temple,active_unverified
pl_osm_b65dddd03c,openstreetmap,node,2094306185,osm:node:2094306185,https://www.openstreetmap.org/node/2094306185,Punchi Borella Bodhiya,Colombo,Buddhist Temple,active_unverified
pl_osm_a5cc29e546,openstreetmap,node,2094306210,osm:node:2094306210,https://www.openstreetmap.org/node/2094306210,Sri Sumangalaramaya,Colombo,Buddhist Temple,active_unverified
pl_osm_55df048026,openstreetmap,node,2094641185,osm:node:2094641185,https://www.openstreetmap.org/node/2094641185,Mihindu Viharaya,Colombo,Buddhist Temple,active_unverified
pl_osm_f2fb8681b6,openstreetmap,node,2099315044,osm:node:2099315044,https://www.openstreetmap.org/node/2099315044,Sri Paramadharmavardanaramaya,Colombo,Buddhist Temple,active_unverified
pl_osm_373c0224e8,openstreetmap,node,2099417957,osm:node:2099417957,https://www.openstreetmap.org/node/2099417957,Sri Chandrarama Viharaya,Colombo,Buddhist Temple,active_unverified
pl_osm_3752496368,openstreetmap,node,2146160343,osm:node:2146160343,https://www.openstreetmap.org/node/2146160343,Thunmodara Sri Sumana Pirivena,Colombo,Buddhist Temple,active_unverified
pl_osm_ccb6403227,openstreetmap,node,2221776550,osm:node:2221776550,https://www.openstreetmap.org/node/2221776550,Sri Jayawardanaramaya,Colombo,Buddhist Temple,active_unverified
pl_osm_5dc4d9254b,openstreetmap,node,2320506059,osm:node:2320506059,https://www.openstreetmap.org/node/2320506059,Thripitaka Pirivena,Colombo,Buddhist Temple,active_unverified
pl_osm_5338022149,openstreetmap,node,2386004442,osm:node:2386004442,https://www.openstreetmap.org/node/2386004442,Wijayamangalaramaya,Colombo,Buddhist Temple,active_unverified
pl_osm_6b47b79afb,openstreetmap,node,2386004483,osm:node:2386004483,https://www.openstreetmap.org/node/2386004483,Saranath Buddhist Centre,Colombo,Buddhist Temple,active_unverified
pl_osm_f9b9ec650a,openstreetmap,node,2386004486,osm:node:2386004486,https://www.openstreetmap.org/node/2386004486,Pushparamaya Temple,Colombo,Buddhist Temple,active_unverified
pl_osm_a00fe5a048,openstreetmap,node,2386004498,osm:node:2386004498,https://www.openstreetmap.org/node/2386004498,Sunethra Maha Devi Temple,Colombo,Buddhist Temple,active_unverified
pl_osm_767455977f,openstreetmap,node,2393564227,osm:node:2393564227,https://www.openstreetmap.org/node/2393564227,Sri Piyadassinaramaya,Colombo,Buddhist Temple,active_unverified
pl_osm_9d2bd57e60,openstreetmap,node,2400546634,osm:node:2400546634,https://www.openstreetmap.org/node/2400546634,Ganewatte Purana Viharaya,Colombo,Buddhist Temple,active_unverified
pl_osm_5d61c0db8c,openstreetmap,node,2400579886,osm:node:2400579886,https://www.openstreetmap.org/node/2400579886,Sri Sudarshanaramaya,Colombo,Buddhist Temple,active_unverified
pl_osm_dafe87bd46,openstreetmap,node,2408611439,osm:node:2408611439,https://www.openstreetmap.org/node/2408611439,Diyawanna Purana Temple,Colombo,Buddhist Temple,active_unverified
pl_osm_83c8cd3cb8,openstreetmap,node,2422459412,osm:node:2422459412,https://www.openstreetmap.org/node/2422459412,Wijayamangalarama Temple,Colombo,Buddhist Temple,active_unverified
pl_osm_0ce7676b3a,openstreetmap,node,2423771608,osm:node:2423771608,https://www.openstreetmap.org/node/2423771608,Devadhara Temple,Colombo,Buddhist Temple,active_unverified
pl_osm_fa36387d06,openstreetmap,node,2423798294,osm:node:2423798294,https://www.openstreetmap.org/node/2423798294,Sri Dhamminda Temple,Colombo,Buddhist Temple,active_unverified
pl_osm_1feb8d83b3,openstreetmap,node,2428900941,osm:node:2428900941,https://www.openstreetmap.org/node/2428900941,Gangarama Temple,Colombo,Buddhist Temple,active_unverified
pl_osm_e7a19aece8,openstreetmap,node,2431948774,osm:node:2431948774,https://www.openstreetmap.org/node/2431948774,Madagodalanda Ancient Royal Temple,Colombo,Buddhist Temple,active_unverified
pl_osm_453b9707a4,openstreetmap,node,2444095203,osm:node:2444095203,https://www.openstreetmap.org/node/2444095203,Duwa Temple,Colombo,Buddhist Temple,active_unverified
pl_osm_37db8a610a,openstreetmap,node,2499032369,osm:node:2499032369,https://www.openstreetmap.org/node/2499032369,Hiripitiya Temple,Colombo,Buddhist Temple,active_unverified
pl_osm_7d7f50bf43,openstreetmap,node,2512765331,osm:node:2512765331,https://www.openstreetmap.org/node/2512765331,"""API"" Buddha Shrine",Colombo,Buddhist Temple,active_unverified
pl_osm_66f5b569b2,openstreetmap,node,2527546964,osm:node:2527546964,https://www.openstreetmap.org/node/2527546964,Statue of Lord Buddha,Colombo,Buddhist Temple,active_unverified
pl_osm_104e57e71a,openstreetmap,node,2577741047,osm:node:2577741047,https://www.openstreetmap.org/node/2577741047,Nigrodharama purana viharaya,Colombo,Buddhist Temple,active_unverified
pl_osm_4e3f3b9bc8,openstreetmap,node,2578264690,osm:node:2578264690,https://www.openstreetmap.org/node/2578264690,Sri Gnanawasa Thripitaka Vidyayathanaya,Colombo,Buddhist Temple,active_unverified
pl_osm_89de252f5b,openstreetmap,node,2622452535,osm:node:2622452535,https://www.openstreetmap.org/node/2622452535,Hedigama Sri Sudarshanaramaya,Colombo,Buddhist Temple,active_unverified
pl_osm_f2db13052e,openstreetmap,node,2724797113,osm:node:2724797113,https://www.openstreetmap.org/node/2724797113,Dharma Wijaya Asramaya,Colombo,Buddhist Temple,active_unverified
pl_osm_1d58f410f1,openstreetmap,node,2724797182,osm:node:2724797182,https://www.openstreetmap.org/node/2724797182,Sri Shilaanthayathana Purana Viharaya,Colombo,Buddhist Temple,active_unverified
pl_osm_572eb60edf,openstreetmap,node,2739082528,osm:node:2739082528,https://www.openstreetmap.org/node/2739082528,Hanwella Bo Tree,Colombo,Buddhist Temple,active_unverified
pl_osm_36c3fe2499,openstreetmap,node,2741745599,osm:node:2741745599,https://www.openstreetmap.org/node/2741745599,Godagama Purana Viharaya,Colombo,Buddhist Temple,active_unverified
pl_osm_2dcc99a0ab,openstreetmap,node,2747538049,osm:node:2747538049,https://www.openstreetmap.org/node/2747538049,Sri Saddharmarama Purana Viharaya,Colombo,Buddhist Temple,active_unverified
pl_osm_2efb2fd1a5,openstreetmap,node,2753063932,osm:node:2753063932,https://www.openstreetmap.org/node/2753063932,Pahathgama Bodi Tree,Colombo,Buddhist Temple,active_unverified
pl_osm_800ff71ccf,openstreetmap,node,2913308653,osm:node:2913308653,https://www.openstreetmap.org/node/2913308653,Sri Pushparama Viharaya,Colombo,Buddhist Temple,active_unverified
pl_osm_b01816b67b,openstreetmap,node,3074716181,osm:node:3074716181,https://www.openstreetmap.org/node/3074716181,Kahanthota Temple,Colombo,Buddhist Temple,active_unverified
pl_osm_0077e48dbf,openstreetmap,node,3077737133,osm:node:3077737133,https://www.openstreetmap.org/node/3077737133,Buddhist Center,Colombo,Buddhist Temple,active_unverified
pl_osm_d148301c56,openstreetmap,node,3077741528,osm:node:3077741528,https://www.openstreetmap.org/node/3077741528,Piyarathanarama Temple,Colombo,Buddhist Temple,active_unverified
pl_osm_35e53b809e,openstreetmap,node,3077742797,osm:node:3077742797,https://www.openstreetmap.org/node/3077742797,Galvihara Temple,Colombo,Buddhist Temple,active_unverified
pl_osm_56fd1d1548,openstreetmap,node,3116456777,osm:node:3116456777,https://www.openstreetmap.org/node/3116456777,Bodhiraja Viharaya,Colombo,Buddhist Temple,active_unverified
pl_osm_5027443068,openstreetmap,node,3116467851,osm:node:3116467851,https://www.openstreetmap.org/node/3116467851,Thalahena,Colombo,Buddhist Temple,active_unverified
pl_osm_f844cb92dd,openstreetmap,node,3127180945,osm:node:3127180945,https://www.openstreetmap.org/node/3127180945,Borella Bodiya,Colombo,Buddhist Temple,active_unverified
pl_osm_6468ec9e1b,openstreetmap,node,3127443960,osm:node:3127443960,https://www.openstreetmap.org/node/3127443960,Jayashekararamaya Kuppiyawatte,Colombo,Buddhist Temple,active_unverified
pl_osm_84babe9739,openstreetmap,node,3133210394,osm:node:3133210394,https://www.openstreetmap.org/node/3133210394,Lumbini Monastery,Colombo,Buddhist Temple,active_unverified
pl_osm_c171d92c28,openstreetmap,node,3150373177,osm:node:3150373177,https://www.openstreetmap.org/node/3150373177,Sri Vinayalankararamaya Temple,Colombo,Buddhist Temple,active_unverified
pl_osm_02f22c0f5c,openstreetmap,node,3152529661,osm:node:3152529661,https://www.openstreetmap.org/node/3152529661,Siri Perakumba Viharaya,Colombo,Buddhist Temple,active_unverified
pl_osm_c0dd81d5d0,openstreetmap,node,3224851419,osm:node:3224851419,https://www.openstreetmap.org/node/3224851419,Tapodaramaya Temple,Colombo,Buddhist Temple,active_unverified
pl_osm_19ed35aae4,openstreetmap,node,3247298754,osm:node:3247298754,https://www.openstreetmap.org/node/3247298754,Sri Sambuddhaloka Viharaya,Colombo,Buddhist Temple,active_unverified
pl_osm_652ea0f6cb,openstreetmap,node,3247320167,osm:node:3247320167,https://www.openstreetmap.org/node/3247320167,Vivekaramaya Temple,Colombo,Buddhist Temple,active_unverified
pl_osm_07e7addbe5,openstreetmap,node,3247327833,osm:node:3247327833,https://www.openstreetmap.org/node/3247327833,Khethumathi Viharaya,Colombo,Buddhist Temple,active_unverified
pl_osm_b3321a09fc,openstreetmap,node,3254701935,osm:node:3254701935,https://www.openstreetmap.org/node/3254701935,Mahamevnawa Bodhignana Monastery,Colombo,Buddhist Temple,active_unverified
pl_osm_cc048fbda8,openstreetmap,node,618491025,osm:node:618491025,https://www.openstreetmap.org/node/618491025,Ananda College,Colombo,Building,active_unverified
pl_osm_68129a2436,openstreetmap,node,620382353,osm:node:620382353,https://www.openstreetmap.org/node/620382353,Independence Square,Colombo,Building,active_unverified
pl_osm_a94a4ca12a,openstreetmap,node,3516467775,osm:node:3516467775,https://www.openstreetmap.org/node/3516467775,Srimath Anagarika Dharmapala Statue,Colombo,Building,active_unverified
pl_osm_ed26d10518,openstreetmap,node,3516468007,osm:node:3516468007,https://www.openstreetmap.org/node/3516468007,Veediye Bandara Statue,Colombo,Building,active_unverified
pl_osm_3fdf640031,openstreetmap,node,3922519072,osm:node:3922519072,https://www.openstreetmap.org/node/3922519072,Horse made out of vehicle parts,Colombo,Building,active_unverified
pl_osm_5d470258bd,openstreetmap,node,5242147923,osm:node:5242147923,https://www.openstreetmap.org/node/5242147923,buddha statue,Colombo,Building,active_unverified
pl_osm_78350c1264,openstreetmap,node,10160885071,osm:node:10160885071,https://www.openstreetmap.org/node/10160885071,Golden Jubilee 1917-1967,Colombo,Building,active_unverified
pl_osm_edb445ad45,openstreetmap,node,11134292004,osm:node:11134292004,https://www.openstreetmap.org/node/11134292004,Jayawadanagama Monument,Colombo,Building,active_unverified
pl_osm_51adc6a032,openstreetmap,way,303909847,osm:way:303909847,https://www.openstreetmap.org/way/303909847,Independence Memorial Hall,Colombo,Building,active_unverified
pl_osm_6a5375ba6e,openstreetmap,way,322189134,osm:way:322189134,https://www.openstreetmap.org/way/322189134,War Heroes Monument,Colombo,Building,active_unverified
pl_osm_06023fb82b,openstreetmap,node,1128188500,osm:node:1128188500,https://www.openstreetmap.org/node/1128188500,Dr. N. M. Perera,Colombo,Building,active_unverified
pl_osm_3cf876f2ba,openstreetmap,node,1316824020,osm:node:1316824020,https://www.openstreetmap.org/node/1316824020,War Memorial,Colombo,Building,active_unverified
pl_osm_2bd9ff12b4,openstreetmap,node,1684193285,osm:node:1684193285,https://www.openstreetmap.org/node/1684193285,Kohuwala Cemetery,Colombo,Building,active_unverified
pl_osm_4b7fe9e056,openstreetmap,node,2624302580,osm:node:2624302580,https://www.openstreetmap.org/node/2624302580,Memorial Catalina,Colombo,Building,active_unverified
pl_osm_f92a9aa27b,openstreetmap,node,3825169557,osm:node:3825169557,https://www.openstreetmap.org/node/3825169557,Sri Lanka Telecom Monument,Colombo,Building,active_unverified
pl_osm_14b6d23896,openstreetmap,node,6152700385,osm:node:6152700385,https://www.openstreetmap.org/node/6152700385,Felix Reginald Dias Bandaranaike,Colombo,Building,active_unverified
pl_osm_905f3f9a79,openstreetmap,node,6744992599,osm:node:6744992599,https://www.openstreetmap.org/node/6744992599,Sir Oliver Ernest Goonatilake,Colombo,Building,active_unverified
pl_osm_cd83baab3f,openstreetmap,node,8016433755,osm:node:8016433755,https://www.openstreetmap.org/node/8016433755,Frederick Richard Senanayaka,Colombo,Building,active_unverified
pl_osm_fd846b2aaf,openstreetmap,node,8244359466,osm:node:8244359466,https://www.openstreetmap.org/node/8244359466,Amara Indika Rupasinghe Gunawardena,Colombo,Building,active_unverified
pl_osm_1a323bd3c5,openstreetmap,node,10137897158,osm:node:10137897158,https://www.openstreetmap.org/node/10137897158,T.B. Ilangararne,Colombo,Building,active_unverified
pl_osm_3e0126950a,openstreetmap,node,10793137786,osm:node:10793137786,https://www.openstreetmap.org/node/10793137786,Nalanda War Memorial,Colombo,Building,active_unverified
pl_osm_482e71dd21,openstreetmap,node,13447631674,osm:node:13447631674,https://www.openstreetmap.org/node/13447631674,Henry Steel Olcott,Colombo,Building,active_unverified
pl_osm_70cc516a26,openstreetmap,way,678839006,osm:way:678839006,https://www.openstreetmap.org/way/678839006,Indian Peace Keeping Force (1987-2000),Colombo,Building,active_unverified
pl_osm_4208e738fd,openstreetmap,way,1030875657,osm:way:1030875657,https://www.openstreetmap.org/way/1030875657,Cenotaph War Memorial,Colombo,Building,active_unverified
pl_osm_ce64a1460a,openstreetmap,node,667278638,osm:node:667278638,https://www.openstreetmap.org/node/667278638,St. Paul's Church,Colombo,Church,active_unverified
pl_osm_de8b9a2fa6,openstreetmap,node,673953424,osm:node:673953424,https://www.openstreetmap.org/node/673953424,St.Anthoney's Church,Colombo,Church,active_unverified
pl_osm_60d8262ffb,openstreetmap,node,674889509,osm:node:674889509,https://www.openstreetmap.org/node/674889509,Methodist Church Wellawatta,Colombo,Church,active_unverified
pl_osm_60bf2487b1,openstreetmap,node,681802854,osm:node:681802854,https://www.openstreetmap.org/node/681802854,Fathima Church,Colombo,Church,active_unverified
pl_osm_7182ae2f23,openstreetmap,node,681802920,osm:node:681802920,https://www.openstreetmap.org/node/681802920,Dutch Reform Church,Colombo,Church,active_unverified
pl_osm_2ac5aba40f,openstreetmap,node,682652569,osm:node:682652569,https://www.openstreetmap.org/node/682652569,Wolvendaal Church,Colombo,Church,active_unverified
pl_osm_4957b57b1d,openstreetmap,node,683783949,osm:node:683783949,https://www.openstreetmap.org/node/683783949,Sacred Heart Church,Colombo,Church,active_unverified
pl_osm_bff8c18352,openstreetmap,node,683788944,osm:node:683788944,https://www.openstreetmap.org/node/683788944,St.Stephen's Church,Colombo,Church,active_unverified
pl_osm_8e145052ab,openstreetmap,node,1076355955,osm:node:1076355955,https://www.openstreetmap.org/node/1076355955,"St. Mary's Church, Welivita",Colombo,Church,active_unverified
pl_osm_ed4af652f6,openstreetmap,node,1138324902,osm:node:1138324902,https://www.openstreetmap.org/node/1138324902,St. Joseph Church,Colombo,Church,active_unverified
pl_osm_f6e4b07c0d,openstreetmap,node,1252487341,osm:node:1252487341,https://www.openstreetmap.org/node/1252487341,St. Matthias Church,Colombo,Church,active_unverified
pl_osm_110fc3a38d,openstreetmap,node,1665544394,osm:node:1665544394,https://www.openstreetmap.org/node/1665544394,Baptists Church,Colombo,Church,active_unverified
pl_osm_7491a66d06,openstreetmap,node,1672927312,osm:node:1672927312,https://www.openstreetmap.org/node/1672927312,Church of the Good Shepherd,Colombo,Church,active_unverified
pl_osm_96ea09d1ac,openstreetmap,node,1794115805,osm:node:1794115805,https://www.openstreetmap.org/node/1794115805,St.Mary's Church,Colombo,Church,active_unverified
pl_osm_c3f8b97024,openstreetmap,node,1804690740,osm:node:1804690740,https://www.openstreetmap.org/node/1804690740,Church of Christ,Colombo,Church,active_unverified
pl_osm_01a979fa39,openstreetmap,node,1819715434,osm:node:1819715434,https://www.openstreetmap.org/node/1819715434,St Thomas,Colombo,Church,active_unverified
pl_osm_0313872f04,openstreetmap,node,1838453797,osm:node:1838453797,https://www.openstreetmap.org/node/1838453797,Christian Reformed Church,Colombo,Church,active_unverified
pl_osm_0d064eee14,openstreetmap,node,1862625130,osm:node:1862625130,https://www.openstreetmap.org/node/1862625130,Pahathgama Paptist Church,Colombo,Church,active_unverified
pl_osm_fdec658068,openstreetmap,node,1862625150,osm:node:1862625150,https://www.openstreetmap.org/node/1862625150,Our Lady Sorrow Church,Colombo,Church,active_unverified
pl_osm_c759bbb83b,openstreetmap,node,1863871401,osm:node:1863871401,https://www.openstreetmap.org/node/1863871401,Calvary,Colombo,Church,active_unverified
pl_osm_6f8de0098b,openstreetmap,node,2021549325,osm:node:2021549325,https://www.openstreetmap.org/node/2021549325,Penrith Estate Catholic Church,Colombo,Church,active_unverified
pl_osm_8b20f11f52,openstreetmap,node,2034219328,osm:node:2034219328,https://www.openstreetmap.org/node/2034219328,Peoples Church,Colombo,Church,active_unverified
pl_osm_24fb869699,openstreetmap,node,2386004480,osm:node:2386004480,https://www.openstreetmap.org/node/2386004480,Bethany Christian Life Centre,Colombo,Church,active_unverified
pl_osm_de39aa612e,openstreetmap,node,2591169579,osm:node:2591169579,https://www.openstreetmap.org/node/2591169579,Suduwella Methodhist Church,Colombo,Church,active_unverified
pl_osm_bebbf10a63,openstreetmap,node,3416948084,osm:node:3416948084,https://www.openstreetmap.org/node/3416948084,St. Annes Church,Colombo,Church,active_unverified
pl_osm_9bf608f131,openstreetmap,node,3418988056,osm:node:3418988056,https://www.openstreetmap.org/node/3418988056,Bethel Chapel,Colombo,Church,active_unverified
pl_osm_816ad29823,openstreetmap,node,3516471133,osm:node:3516471133,https://www.openstreetmap.org/node/3516471133,Fatima Church,Colombo,Church,active_unverified
pl_osm_431699f6b6,openstreetmap,node,3753204381,osm:node:3753204381,https://www.openstreetmap.org/node/3753204381,St Peter's Church,Colombo,Church,active_unverified
pl_osm_a3bdcd09bd,openstreetmap,node,3753210488,osm:node:3753210488,https://www.openstreetmap.org/node/3753210488,St Andrew's Church,Colombo,Church,active_unverified
pl_osm_c15030827a,openstreetmap,node,3965538336,osm:node:3965538336,https://www.openstreetmap.org/node/3965538336,St. Mark's church,Colombo,Church,active_unverified
pl_osm_e93d4d23e9,openstreetmap,node,4059547804,osm:node:4059547804,https://www.openstreetmap.org/node/4059547804,Baptist church,Colombo,Church,active_unverified
pl_osm_4bfbca0a81,openstreetmap,node,4101097707,osm:node:4101097707,https://www.openstreetmap.org/node/4101097707,St. Joseph's Church,Colombo,Church,active_unverified
pl_osm_3a0d3d4f61,openstreetmap,node,4304782810,osm:node:4304782810,https://www.openstreetmap.org/node/4304782810,St. Lucia Church,Colombo,Church,active_unverified
pl_osm_be2dbcaef2,openstreetmap,node,5036856121,osm:node:5036856121,https://www.openstreetmap.org/node/5036856121,Christ Church of Galle,Colombo,Church,active_unverified
pl_osm_45f0172bf2,openstreetmap,node,5351161421,osm:node:5351161421,https://www.openstreetmap.org/node/5351161421,Ceylon Pentecostal Mission,Colombo,Church,active_unverified
pl_osm_75b8fd64cc,openstreetmap,node,5874599085,osm:node:5874599085,https://www.openstreetmap.org/node/5874599085,ADC Apostolic Diocese Ceylon,Colombo,Church,active_unverified
pl_osm_cc86bc850f,openstreetmap,node,6416456698,osm:node:6416456698,https://www.openstreetmap.org/node/6416456698,Union Bank,Colombo,Church,active_unverified
pl_osm_07cd73d9e8,openstreetmap,node,6507133024,osm:node:6507133024,https://www.openstreetmap.org/node/6507133024,St James Church,Colombo,Church,active_unverified
pl_osm_021aab8ca5,openstreetmap,node,6536265073,osm:node:6536265073,https://www.openstreetmap.org/node/6536265073,Shrine of St. Padre Pio,Colombo,Church,active_unverified
pl_osm_06cf1090b3,openstreetmap,node,6615719508,osm:node:6615719508,https://www.openstreetmap.org/node/6615719508,Carmalite Sisters' Convent,Colombo,Church,active_unverified
pl_osm_8ab97278d7,openstreetmap,node,6615719509,osm:node:6615719509,https://www.openstreetmap.org/node/6615719509,7th Day Adventist Church,Colombo,Church,active_unverified
pl_osm_89376071fa,openstreetmap,node,6615719530,osm:node:6615719530,https://www.openstreetmap.org/node/6615719530,Jesus Lives International Ministry,Colombo,Church,active_unverified
pl_osm_5e3ff2d22a,openstreetmap,node,6615719566,osm:node:6615719566,https://www.openstreetmap.org/node/6615719566,Mizpah Missionary Church,Colombo,Church,active_unverified
pl_osm_0e22902ea9,openstreetmap,node,6615789527,osm:node:6615789527,https://www.openstreetmap.org/node/6615789527,Church,Colombo,Church,active_unverified
pl_osm_5299100070,openstreetmap,node,6626986859,osm:node:6626986859,https://www.openstreetmap.org/node/6626986859,Christ Church,Colombo,Church,active_unverified
pl_osm_7f102f11bd,openstreetmap,node,6657839301,osm:node:6657839301,https://www.openstreetmap.org/node/6657839301,St. Paul's Church Linyawala,Colombo,Church,active_unverified
pl_osm_1ddcd5ec52,openstreetmap,node,6765543323,osm:node:6765543323,https://www.openstreetmap.org/node/6765543323,Nugegoda Baptist Church,Colombo,Church,active_unverified
pl_osm_9020636892,openstreetmap,node,7005955648,osm:node:7005955648,https://www.openstreetmap.org/node/7005955648,Cavalry Church,Colombo,Church,active_unverified
pl_osm_7e10c4b303,openstreetmap,node,8069066653,osm:node:8069066653,https://www.openstreetmap.org/node/8069066653,Our Lady of Assumption Church,Colombo,Church,active_unverified
pl_osm_99caaf72bc,openstreetmap,node,8675861559,osm:node:8675861559,https://www.openstreetmap.org/node/8675861559,Kanthawatte Methodist Church,Colombo,Church,active_unverified
pl_osm_38890bcc44,openstreetmap,way,228985622,osm:way:228985622,https://www.openstreetmap.org/way/228985622,St. Andrew's Presbyterian Church,Colombo,Church,active_unverified
pl_osm_17c91d2926,openstreetmap,way,232603503,osm:way:232603503,https://www.openstreetmap.org/way/232603503,Cathedral of Christ the Living Saviour,Colombo,Church,active_unverified
pl_osm_dcfbb2185b,openstreetmap,way,365845862,osm:way:365845862,https://www.openstreetmap.org/way/365845862,St. Theresa's Catholic Church,Colombo,Church,active_unverified
pl_osm_5af75ac218,openstreetmap,way,371553112,osm:way:371553112,https://www.openstreetmap.org/way/371553112,Holy Emmanuel Church,Colombo,Church,active_unverified
pl_osm_0feb90bc5f,openstreetmap,way,377697948,osm:way:377697948,https://www.openstreetmap.org/way/377697948,St.anthony's church,Colombo,Church,active_unverified
pl_osm_9d34ff830b,openstreetmap,way,391954331,osm:way:391954331,https://www.openstreetmap.org/way/391954331,St.Joseph's College Chapel,Colombo,Church,active_unverified
pl_osm_c4398e2136,openstreetmap,way,392160945,osm:way:392160945,https://www.openstreetmap.org/way/392160945,De la Salle Church,Colombo,Church,active_unverified
pl_osm_86f7dd85c1,openstreetmap,way,392170134,osm:way:392170134,https://www.openstreetmap.org/way/392170134,St. Jame's Church,Colombo,Church,active_unverified
pl_osm_af3874ff06,openstreetmap,way,419684295,osm:way:419684295,https://www.openstreetmap.org/way/419684295,Sta. Teresa of Avila Church,Colombo,Church,active_unverified
pl_osm_2258096e3b,openstreetmap,way,529634038,osm:way:529634038,https://www.openstreetmap.org/way/529634038,All Saints' Church,Colombo,Church,active_unverified
pl_osm_0d54e39cc1,openstreetmap,way,531886608,osm:way:531886608,https://www.openstreetmap.org/way/531886608,Church of Holy Rosary,Colombo,Church,active_unverified
pl_osm_97da1cfe17,openstreetmap,way,597135570,osm:way:597135570,https://www.openstreetmap.org/way/597135570,Lake Church,Colombo,Church,active_unverified
pl_osm_6b8f50dac0,openstreetmap,way,610498561,osm:way:610498561,https://www.openstreetmap.org/way/610498561,Boralesgamuwa Church,Colombo,Church,active_unverified
pl_osm_ae40d668a9,openstreetmap,way,611009154,osm:way:611009154,https://www.openstreetmap.org/way/611009154,St. Matthias Church Boralesgamuwa,Colombo,Church,active_unverified
pl_osm_5547557adb,openstreetmap,way,682185302,osm:way:682185302,https://www.openstreetmap.org/way/682185302,Church of St. Michael & All angels,Colombo,Church,active_unverified
pl_osm_eb1cd3fb9d,openstreetmap,way,692913490,osm:way:692913490,https://www.openstreetmap.org/way/692913490,Methodist Church Kollupitiya,Colombo,Church,active_unverified
pl_osm_63917252dd,openstreetmap,way,736940123,osm:way:736940123,https://www.openstreetmap.org/way/736940123,Our Lady of Lourdes Church,Colombo,Church,active_unverified
pl_osm_9416a1764d,openstreetmap,way,801352261,osm:way:801352261,https://www.openstreetmap.org/way/801352261,Church of St. John Dal Bastone,Colombo,Church,active_unverified
pl_osm_31b6188bae,openstreetmap,way,875694704,osm:way:875694704,https://www.openstreetmap.org/way/875694704,Kosgama Church,Colombo,Church,active_unverified
pl_osm_431b4c55d2,openstreetmap,way,922173044,osm:way:922173044,https://www.openstreetmap.org/way/922173044,Queen of Angels Church,Colombo,Church,active_unverified
pl_osm_4698fd04fe,openstreetmap,way,1023143295,osm:way:1023143295,https://www.openstreetmap.org/way/1023143295,St. Lawrence Church,Colombo,Church,active_unverified
pl_osm_aaf92c5125,openstreetmap,way,1026595325,osm:way:1026595325,https://www.openstreetmap.org/way/1026595325,Colombo Gospel Tabernacle,Colombo,Church,active_unverified
pl_osm_b30c683117,openstreetmap,way,1026894864,osm:way:1026894864,https://www.openstreetmap.org/way/1026894864,Cinnamon Gardens Baptist Church,Colombo,Church,active_unverified
pl_osm_da5b09c9cb,openstreetmap,way,1029379760,osm:way:1029379760,https://www.openstreetmap.org/way/1029379760,All Saints Church,Colombo,Church,active_unverified
pl_osm_4b41db96cb,openstreetmap,way,1084105022,osm:way:1084105022,https://www.openstreetmap.org/way/1084105022,"Christian Reformed Church, Wellawatte",Colombo,Church,active_unverified
pl_osm_5754142066,openstreetmap,way,1150364146,osm:way:1150364146,https://www.openstreetmap.org/way/1150364146,St Phillip Neri Church,Colombo,Church,active_unverified
pl_osm_307058d648,openstreetmap,way,1543203620,osm:way:1543203620,https://www.openstreetmap.org/way/1543203620,Bethany Christian Life Center,Colombo,Church,active_unverified
pl_osm_7b9622e048,openstreetmap,way,1543203666,osm:way:1543203666,https://www.openstreetmap.org/way/1543203666,Our Lady of Perpetual Help,Colombo,Church,active_unverified
pl_osm_86073b74a9,openstreetmap,node,637566077,osm:node:637566077,https://www.openstreetmap.org/node/637566077,Palaya Kathiresan Kovil,Colombo,Kovil,active_unverified
pl_osm_90599d8e49,openstreetmap,node,667271921,osm:node:667271921,https://www.openstreetmap.org/node/667271921,Ramakrishna Mission,Colombo,Kovil,active_unverified
pl_osm_75829efe54,openstreetmap,node,673918205,osm:node:673918205,https://www.openstreetmap.org/node/673918205,Mayura Kovil,Colombo,Kovil,active_unverified
pl_osm_30b259b567,openstreetmap,node,676008027,osm:node:676008027,https://www.openstreetmap.org/node/676008027,Sri Venkateshwara Maha Vishnu Kovil,Colombo,Kovil,active_unverified
pl_osm_f5756e7e31,openstreetmap,node,678259132,osm:node:678259132,https://www.openstreetmap.org/node/678259132,Sive Subramaniya Kovil Slave Island,Colombo,Kovil,active_unverified
pl_osm_9f91f61359,openstreetmap,node,682652715,osm:node:682652715,https://www.openstreetmap.org/node/682652715,New Kathiresan Kovil,Colombo,Kovil,active_unverified
pl_osm_4527f9227c,openstreetmap,node,2021549315,osm:node:2021549315,https://www.openstreetmap.org/node/2021549315,Lower Davidson Kovil,Colombo,Kovil,active_unverified
pl_osm_cf39fd5a5e,openstreetmap,node,2021549320,osm:node:2021549320,https://www.openstreetmap.org/node/2021549320,Sri Mutrhumariamman Kovil,Colombo,Kovil,active_unverified
pl_osm_6c9e09503b,openstreetmap,node,3401467538,osm:node:3401467538,https://www.openstreetmap.org/node/3401467538,Aishwari Amman Temple,Colombo,Kovil,active_unverified
pl_osm_a581029215,openstreetmap,node,3753190794,osm:node:3753190794,https://www.openstreetmap.org/node/3753190794,Sri Venkateshwara Hindu Temple,Colombo,Kovil,active_unverified
pl_osm_84b5292ef8,openstreetmap,node,3753192238,osm:node:3753192238,https://www.openstreetmap.org/node/3753192238,Pillaiyar Kovil,Colombo,Kovil,active_unverified
pl_osm_421e0046a2,openstreetmap,node,3753194491,osm:node:3753194491,https://www.openstreetmap.org/node/3753194491,Temple of Siva,Colombo,Kovil,active_unverified
pl_osm_f5eb11e36e,openstreetmap,node,3772780658,osm:node:3772780658,https://www.openstreetmap.org/node/3772780658,Sri Vishnu Temple,Colombo,Kovil,active_unverified
pl_osm_7ae484054c,openstreetmap,node,3954317069,osm:node:3954317069,https://www.openstreetmap.org/node/3954317069,Sri Maha Kaliamman Temple,Colombo,Kovil,active_unverified
pl_osm_4bfd760b8f,openstreetmap,node,3954317215,osm:node:3954317215,https://www.openstreetmap.org/node/3954317215,Siri Nandanaramaya,Colombo,Kovil,active_unverified
pl_osm_a1764d836e,openstreetmap,node,4009326706,osm:node:4009326706,https://www.openstreetmap.org/node/4009326706,Sammangodu Sri Kathirvelayutha Swamy Kovil,Colombo,Kovil,active_unverified
pl_osm_59ea9013ec,openstreetmap,node,5206254358,osm:node:5206254358,https://www.openstreetmap.org/node/5206254358,Sri Vekkali Amman Kovil,Colombo,Kovil,active_unverified
pl_osm_99cd1f0dc1,openstreetmap,node,5848092487,osm:node:5848092487,https://www.openstreetmap.org/node/5848092487,New Kathiresan Temple,Colombo,Kovil,active_unverified
pl_osm_1db33f5729,openstreetmap,node,6487513407,osm:node:6487513407,https://www.openstreetmap.org/node/6487513407,Iyngaran Pillayar Kovil,Colombo,Kovil,active_unverified
pl_osm_05a3318e32,openstreetmap,node,6487517423,osm:node:6487517423,https://www.openstreetmap.org/node/6487517423,Mariamman Kovil,Colombo,Kovil,active_unverified
pl_osm_61289e1f12,openstreetmap,node,6615719558,osm:node:6615719558,https://www.openstreetmap.org/node/6615719558,Kaali Kovil Vinayahar Temple,Colombo,Kovil,active_unverified
pl_osm_22063fe6d4,openstreetmap,node,6615719561,osm:node:6615719561,https://www.openstreetmap.org/node/6615719561,Maha Kali Amman Kovil Modara,Colombo,Kovil,active_unverified
pl_osm_fe0e959d1b,openstreetmap,node,6615719583,osm:node:6615719583,https://www.openstreetmap.org/node/6615719583,Sri Badhrakaali Amman Temple,Colombo,Kovil,active_unverified
pl_osm_09f6d8147c,openstreetmap,node,10099456833,osm:node:10099456833,https://www.openstreetmap.org/node/10099456833,Visa Pillaiyar,Colombo,Kovil,active_unverified
pl_osm_018005b556,openstreetmap,way,204880025,osm:way:204880025,https://www.openstreetmap.org/way/204880025,New Kathirasan Kovil,Colombo,Kovil,active_unverified
pl_osm_f0944580e9,openstreetmap,way,204880026,osm:way:204880026,https://www.openstreetmap.org/way/204880026,Manika Pillayar Kovil,Colombo,Kovil,active_unverified
pl_osm_cbc984bedb,openstreetmap,way,224060331,osm:way:224060331,https://www.openstreetmap.org/way/224060331,Captain's Garden Hindu Temple,Colombo,Kovil,active_unverified
pl_osm_15913a761c,openstreetmap,way,1427116021,osm:way:1427116021,https://www.openstreetmap.org/way/1427116021,Sri Vithaga Vinayagar Kovil,Colombo,Kovil,active_unverified
pl_osm_ab03ca9027,openstreetmap,node,678259136,osm:node:678259136,https://www.openstreetmap.org/node/678259136,Masjidul Akbar Jumma Mosque Slave Island,Colombo,Mosque,active_unverified
pl_osm_ff800541ef,openstreetmap,node,1261071452,osm:node:1261071452,https://www.openstreetmap.org/node/1261071452,Dehiwala Jumma Masjid,Colombo,Mosque,active_unverified
pl_osm_d50705352c,openstreetmap,node,1378992432,osm:node:1378992432,https://www.openstreetmap.org/node/1378992432,Panchikawatte Masjid,Colombo,Mosque,active_unverified
pl_osm_66e5d65a32,openstreetmap,node,1838419598,osm:node:1838419598,https://www.openstreetmap.org/node/1838419598,Borah Mosque,Colombo,Mosque,active_unverified
pl_osm_14079aaf53,openstreetmap,node,2406769219,osm:node:2406769219,https://www.openstreetmap.org/node/2406769219,Nawala Jumma Mosque,Colombo,Mosque,active_unverified
pl_osm_af1f9a236d,openstreetmap,node,2826701432,osm:node:2826701432,https://www.openstreetmap.org/node/2826701432,Masjid Muhiadeen Khadiriya Thakiya,Colombo,Mosque,active_unverified
pl_osm_3ac47b363a,openstreetmap,node,3401467574,osm:node:3401467574,https://www.openstreetmap.org/node/3401467574,Dehiwala Town Jumma Mosque,Colombo,Mosque,active_unverified
pl_osm_f66801f2be,openstreetmap,node,3403161441,osm:node:3403161441,https://www.openstreetmap.org/node/3403161441,Kohilawatte Jumma Mosque,Colombo,Mosque,active_unverified
pl_osm_806d284001,openstreetmap,node,3658423027,osm:node:3658423027,https://www.openstreetmap.org/node/3658423027,Dawson Street Mosque,Colombo,Mosque,active_unverified
pl_osm_3b37b240c8,openstreetmap,node,3658423139,osm:node:3658423139,https://www.openstreetmap.org/node/3658423139,Java Lane Mosque,Colombo,Mosque,active_unverified
pl_osm_980207a435,openstreetmap,node,3658423938,osm:node:3658423938,https://www.openstreetmap.org/node/3658423938,Tholappu Garden Mosque,Colombo,Mosque,active_unverified
pl_osm_386ecddd9d,openstreetmap,node,3954317061,osm:node:3954317061,https://www.openstreetmap.org/node/3954317061,Masjidur Rahumaniya Mosque,Colombo,Mosque,active_unverified
pl_osm_44b75fe7e8,openstreetmap,node,3954317070,osm:node:3954317070,https://www.openstreetmap.org/node/3954317070,Al Masidua Islahiya Mosque,Colombo,Mosque,active_unverified
pl_osm_3f64ec155f,openstreetmap,node,4310401289,osm:node:4310401289,https://www.openstreetmap.org/node/4310401289,Masjidhul Salam,Colombo,Mosque,active_unverified
pl_osm_2f745d41b1,openstreetmap,node,4879900416,osm:node:4879900416,https://www.openstreetmap.org/node/4879900416,Nooraniya Jummah Masjid,Colombo,Mosque,active_unverified
pl_osm_0f57518b31,openstreetmap,node,4883984421,osm:node:4883984421,https://www.openstreetmap.org/node/4883984421,Boralesgamuwa mosque,Colombo,Mosque,active_unverified
pl_osm_a0cce3dc7a,openstreetmap,node,6615719499,osm:node:6615719499,https://www.openstreetmap.org/node/6615719499,Zavia Mosque,Colombo,Mosque,active_unverified
pl_osm_1c2f5aea30,openstreetmap,node,6615719500,osm:node:6615719500,https://www.openstreetmap.org/node/6615719500,Zaviyathul Khairiya Jumma Masjid,Colombo,Mosque,active_unverified
pl_osm_ebfd537dc9,openstreetmap,node,6615719519,osm:node:6615719519,https://www.openstreetmap.org/node/6615719519,MASJID UL BADRIYA,Colombo,Mosque,active_unverified
pl_osm_d39d6d0765,openstreetmap,node,6615719992,osm:node:6615719992,https://www.openstreetmap.org/node/6615719992,Noor Mosque,Colombo,Mosque,active_unverified
pl_osm_30893c98fb,openstreetmap,node,6615720004,osm:node:6615720004,https://www.openstreetmap.org/node/6615720004,Al Masjidhul Ilahiya Mosque,Colombo,Mosque,active_unverified
pl_osm_f144b3514f,openstreetmap,node,11435013308,osm:node:11435013308,https://www.openstreetmap.org/node/11435013308,Ahmadiyya Community Centre,Colombo,Mosque,active_unverified
pl_osm_14221c9e1c,openstreetmap,node,12880219605,osm:node:12880219605,https://www.openstreetmap.org/node/12880219605,Masjidun Noor Jumma Mosque,Colombo,Mosque,active_unverified
pl_osm_216b00fe9d,openstreetmap,way,224062633,osm:way:224062633,https://www.openstreetmap.org/way/224062633,Maradana Jummah Mosque,Colombo,Mosque,active_unverified
pl_osm_a3d45af41f,openstreetmap,way,390255882,osm:way:390255882,https://www.openstreetmap.org/way/390255882,Wellawatte Jumma Masjid,Colombo,Mosque,active_unverified
pl_osm_44a200cd0a,openstreetmap,way,392160940,osm:way:392160940,https://www.openstreetmap.org/way/392160940,Mutwal Jumma Mosque,Colombo,Mosque,active_unverified
pl_osm_712b2388b8,openstreetmap,way,434316706,osm:way:434316706,https://www.openstreetmap.org/way/434316706,Jawatte Jumma Masjid,Colombo,Mosque,active_unverified
pl_osm_4517214dd0,openstreetmap,way,514045884,osm:way:514045884,https://www.openstreetmap.org/way/514045884,Wekanfa Jumma Mosque,Colombo,Mosque,active_unverified
pl_osm_ddabc72fee,openstreetmap,way,528705064,osm:way:528705064,https://www.openstreetmap.org/way/528705064,Noor Jumma Mosque,Colombo,Mosque,active_unverified
pl_osm_1d001ac7f0,openstreetmap,way,533352957,osm:way:533352957,https://www.openstreetmap.org/way/533352957,Shahul Hameedhiya Jumma Musjidh,Colombo,Mosque,active_unverified
pl_osm_80285c1b90,openstreetmap,way,578109630,osm:way:578109630,https://www.openstreetmap.org/way/578109630,Zeyneb Jumma Mosque,Colombo,Mosque,active_unverified
pl_osm_4fecfeb083,openstreetmap,way,685043382,osm:way:685043382,https://www.openstreetmap.org/way/685043382,Grand Mosque,Colombo,Mosque,active_unverified
pl_osm_c38004d8bf,openstreetmap,way,1348668146,osm:way:1348668146,https://www.openstreetmap.org/way/1348668146,Jumma Mosque Kollupitiya,Colombo,Mosque,active_unverified
pl_osm_4f8fb607af,openstreetmap,way,1466879256,osm:way:1466879256,https://www.openstreetmap.org/way/1466879256,Dawatagaha Mosque,Colombo,Mosque,active_unverified
pl_osm_a6ccca8315,openstreetmap,node,662919724,osm:node:662919724,https://www.openstreetmap.org/node/662919724,National Art Gallery,Colombo,Museum,active_unverified
pl_osm_424ecb98e8,openstreetmap,node,682747849,osm:node:682747849,https://www.openstreetmap.org/node/682747849,Old General Post Office Fort,Colombo,Museum,active_unverified
pl_osm_c449249d6d,openstreetmap,node,1523621150,osm:node:1523621150,https://www.openstreetmap.org/node/1523621150,Railway Museum,Colombo,Museum,active_unverified
pl_osm_ac7c8f5da8,openstreetmap,node,1730307197,osm:node:1730307197,https://www.openstreetmap.org/node/1730307197,National Puppet Museum,Colombo,Museum,active_unverified
pl_osm_d51df747ca,openstreetmap,node,4354445603,osm:node:4354445603,https://www.openstreetmap.org/node/4354445603,Dutch Colonial Museum,Colombo,Museum,active_unverified
pl_osm_6b5c3af000,openstreetmap,node,5172712575,osm:node:5172712575,https://www.openstreetmap.org/node/5172712575,Archaeological Museum of Kotte,Colombo,Museum,active_unverified
pl_osm_8767e5dfed,openstreetmap,node,6235337387,osm:node:6235337387,https://www.openstreetmap.org/node/6235337387,W A Silva Museum,Colombo,Museum,active_unverified
pl_osm_63e3337b4a,openstreetmap,way,138991603,osm:way:138991603,https://www.openstreetmap.org/way/138991603,National Museum of Natural History,Colombo,Museum,active_unverified
pl_osm_e525c893f6,openstreetmap,way,138991604,osm:way:138991604,https://www.openstreetmap.org/way/138991604,National Museum of Colombo,Colombo,Museum,active_unverified
pl_osm_33ad4caf42,openstreetmap,way,151583409,osm:way:151583409,https://www.openstreetmap.org/way/151583409,Sri Lanka Air Force Museum,Colombo,Museum,active_unverified
pl_osm_6d3fec9388,openstreetmap,way,303295581,osm:way:303295581,https://www.openstreetmap.org/way/303295581,Authority Maritime Museum,Colombo,Museum,active_unverified
pl_osm_0ce2bb64b6,openstreetmap,way,381878144,osm:way:381878144,https://www.openstreetmap.org/way/381878144,National Planetarium,Colombo,Museum,active_unverified
pl_osm_3d802f29b0,openstreetmap,way,1000695194,osm:way:1000695194,https://www.openstreetmap.org/way/1000695194,Geoffrey Bawa House No.11,Colombo,Museum,active_unverified
pl_osm_5c378c0718,openstreetmap,way,467373493,osm:way:467373493,https://www.openstreetmap.org/way/467373493,Flamingos,Colombo,National Park,active_unverified
pl_osm_033588a49c,openstreetmap,way,467373513,osm:way:467373513,https://www.openstreetmap.org/way/467373513,Natural Forest Patch,Colombo,National Park,active_unverified
pl_osm_c2d06e76b8,openstreetmap,way,547013201,osm:way:547013201,https://www.openstreetmap.org/way/547013201,Attidiya Bird Sanctuary,Colombo,National Park,active_unverified
pl_osm_b8be2606c8,openstreetmap,node,2141657994,osm:node:2141657994,https://www.openstreetmap.org/node/2141657994,Thummodara Ranmudu Ella,Colombo,Other,active_unverified
pl_osm_fc63038039,openstreetmap,node,2141663842,osm:node:2141663842,https://www.openstreetmap.org/node/2141663842,Ella Uda Ella,Colombo,Other,active_unverified
pl_osm_aaa827067f,openstreetmap,node,4732044624,osm:node:4732044624,https://www.openstreetmap.org/node/4732044624,Fishing at Bolgoda Lake,Colombo,Other,active_unverified
pl_osm_07818c632a,openstreetmap,node,5102778721,osm:node:5102778721,https://www.openstreetmap.org/node/5102778721,Urban Ruin,Colombo,Other,active_unverified
pl_osm_f3c06ef369,openstreetmap,node,5317654427,osm:node:5317654427,https://www.openstreetmap.org/node/5317654427,Okada Temple,Colombo,Other,active_unverified
pl_osm_14b59c9758,openstreetmap,node,5915271185,osm:node:5915271185,https://www.openstreetmap.org/node/5915271185,Pettah Market,Colombo,Other,active_unverified
pl_osm_5cce3db17f,openstreetmap,node,6486247688,osm:node:6486247688,https://www.openstreetmap.org/node/6486247688,Island Scuba,Colombo,Other,active_unverified
pl_osm_01b6454253,openstreetmap,node,10107620993,osm:node:10107620993,https://www.openstreetmap.org/node/10107620993,Sathutu Uyana,Colombo,Other,active_unverified
pl_osm_0b84dda789,openstreetmap,node,10204233717,osm:node:10204233717,https://www.openstreetmap.org/node/10204233717,Moratuwa Clock Tower,Colombo,Other,active_unverified
pl_osm_dab7397812,openstreetmap,node,13011179161,osm:node:13011179161,https://www.openstreetmap.org/node/13011179161,Good Market fair trade and organic market,Colombo,Other,active_unverified
pl_osm_e79fedcf6c,openstreetmap,way,262531868,osm:way:262531868,https://www.openstreetmap.org/way/262531868,White Triangle Building,Colombo,Other,active_unverified
pl_osm_78d4ffea95,openstreetmap,way,303907118,osm:way:303907118,https://www.openstreetmap.org/way/303907118,Pettah Floating Market,Colombo,Other,active_unverified
pl_osm_dc0b0fa584,openstreetmap,way,374793744,osm:way:374793744,https://www.openstreetmap.org/way/374793744,Historic Cargills building,Colombo,Other,active_unverified
pl_osm_a8776cec61,openstreetmap,way,374793746,osm:way:374793746,https://www.openstreetmap.org/way/374793746,Lloyds Building,Colombo,Other,active_unverified
pl_osm_7522591c0f,openstreetmap,way,588953435,osm:way:588953435,https://www.openstreetmap.org/way/588953435,Arcade Independence Square Park,Colombo,Other,active_unverified
pl_osm_154b875aa4,openstreetmap,way,999318938,osm:way:999318938,https://www.openstreetmap.org/way/999318938,G L P Bird Park,Colombo,Other,active_unverified
pl_osm_b350cf65a3,openstreetmap,way,1465741240,osm:way:1465741240,https://www.openstreetmap.org/way/1465741240,Old Colombo Lighthouse;Chatham Street Clock Tower,Colombo,Other,active_unverified
pl_osm_9b616c06b8,openstreetmap,node,6626986805,osm:node:6626986805,https://www.openstreetmap.org/node/6626986805,Alakeshwara Palace Or Tombstone,Colombo,Ruins,active_unverified
pl_osm_59067fcbf3,openstreetmap,node,653114085,osm:node:653114085,https://www.openstreetmap.org/node/653114085,St. Luke's Church,Colombo,Temple,active_unverified
pl_osm_4d268bf04c,openstreetmap,node,673953427,osm:node:673953427,https://www.openstreetmap.org/node/673953427,Shashtrananda School,Colombo,Temple,active_unverified
pl_osm_b86d69cc73,openstreetmap,node,673953430,osm:node:673953430,https://www.openstreetmap.org/node/673953430,Prathibimbaramaya Temple,Colombo,Temple,active_unverified
pl_osm_2a2c9752d1,openstreetmap,node,675994028,osm:node:675994028,https://www.openstreetmap.org/node/675994028,Pattini Devalaya,Colombo,Temple,active_unverified
pl_osm_414587106d,openstreetmap,node,678591928,osm:node:678591928,https://www.openstreetmap.org/node/678591928,Sri Punyawardanaramaya Temple,Colombo,Temple,active_unverified
pl_osm_cc79e97f0f,openstreetmap,node,683787577,osm:node:683787577,https://www.openstreetmap.org/node/683787577,Sri Amaraviharaya,Colombo,Temple,active_unverified
pl_osm_b6cffcbd02,openstreetmap,node,683789964,osm:node:683789964,https://www.openstreetmap.org/node/683789964,Edirisingharamaya,Colombo,Temple,active_unverified
pl_osm_101942a97e,openstreetmap,node,683789965,osm:node:683789965,https://www.openstreetmap.org/node/683789965,Anandaramaya,Colombo,Temple,active_unverified
pl_osm_2a736b940b,openstreetmap,node,683793259,osm:node:683793259,https://www.openstreetmap.org/node/683793259,Sri Suramyaramaya,Colombo,Temple,active_unverified
pl_osm_4056400a95,openstreetmap,node,973582533,osm:node:973582533,https://www.openstreetmap.org/node/973582533,Shalukaramaya,Colombo,Temple,active_unverified
pl_osm_dedd9d77cb,openstreetmap,node,1272998532,osm:node:1272998532,https://www.openstreetmap.org/node/1272998532,Gangarama Purana Viharasthanaya,Colombo,Temple,active_unverified
pl_osm_d4ad37c426,openstreetmap,node,1526697840,osm:node:1526697840,https://www.openstreetmap.org/node/1526697840,Parama Dhamma Visuddharamaya,Colombo,Temple,active_unverified
pl_osm_5cd98f0caa,openstreetmap,node,1934839419,osm:node:1934839419,https://www.openstreetmap.org/node/1934839419,Saddhathissa,Colombo,Temple,active_unverified
pl_osm_8b1e8fb1f0,openstreetmap,node,3307527165,osm:node:3307527165,https://www.openstreetmap.org/node/3307527165,Lotus Tower,Colombo,Viewpoint,active_unverified
pl_osm_545d348ca3,openstreetmap,node,4109157989,osm:node:4109157989,https://www.openstreetmap.org/node/4109157989,Maradana Railway Station,Colombo,Viewpoint,active_unverified
pl_osm_b6273d857b,openstreetmap,node,13233966301,osm:node:13233966301,https://www.openstreetmap.org/node/13233966301,Train Viewpoint,Colombo,Viewpoint,active_unverified
pl_osm_7c508a67de,openstreetmap,node,1763166087,osm:node:1763166087,https://www.openstreetmap.org/node/1763166087,Sea Turtle Hatchery,Galle,Adventure Park,active_unverified
pl_osm_9c67abada9,openstreetmap,node,5164700323,osm:node:5164700323,https://www.openstreetmap.org/node/5164700323,Turtle Farm,Galle,Adventure Park,active_unverified
pl_osm_7d4a71e070,openstreetmap,node,5222767724,osm:node:5222767724,https://www.openstreetmap.org/node/5222767724,Turtle Hatchery Hikkaduwa,Galle,Adventure Park,active_unverified
pl_osm_32cb407a4c,openstreetmap,node,6250973513,osm:node:6250973513,https://www.openstreetmap.org/node/6250973513,Sea Turtle Conservation Project,Galle,Adventure Park,active_unverified
pl_osm_520527f18a,openstreetmap,way,148998476,osm:way:148998476,https://www.openstreetmap.org/way/148998476,Sea Turtle Research Project,Galle,Adventure Park,active_unverified
pl_osm_7a9f5ede63,openstreetmap,way,710797650,osm:way:710797650,https://www.openstreetmap.org/way/710797650,Victor Hasselblad Sea Turtle Research & Conservation Center,Galle,Adventure Park,active_unverified
pl_osm_e4aef26d73,openstreetmap,way,1471796692,osm:way:1471796692,https://www.openstreetmap.org/way/1471796692,Turtle Hatchery,Galle,Adventure Park,active_unverified
pl_osm_363befd357,openstreetmap,node,2564533026,osm:node:2564533026,https://www.openstreetmap.org/node/2564533026,Hiyare Biodiversity Research Center,Galle,Adventure Park,active_unverified
pl_osm_97bddf73c4,openstreetmap,way,1316589705,osm:way:1316589705,https://www.openstreetmap.org/way/1316589705,Alonish Resturant & Resort,Galle,Sandy Beach,active_unverified
pl_osm_8992f841ef,openstreetmap,node,84048507,osm:node:84048507,https://www.openstreetmap.org/node/84048507,Tuwakugala Temple,Galle,Buddhist Temple,active_unverified
pl_osm_10ba15c952,openstreetmap,node,84048508,osm:node:84048508,https://www.openstreetmap.org/node/84048508,Wijayananda Temple,Galle,Buddhist Temple,active_unverified
pl_osm_c638a515d6,openstreetmap,node,165988404,osm:node:165988404,https://www.openstreetmap.org/node/165988404,Galwadugoda Temple,Galle,Buddhist Temple,active_unverified
pl_osm_890528055d,openstreetmap,node,248048979,osm:node:248048979,https://www.openstreetmap.org/node/248048979,Thelwatta Temple,Galle,Buddhist Temple,active_unverified
pl_osm_3e5b47c07b,openstreetmap,node,248049292,osm:node:248049292,https://www.openstreetmap.org/node/248049292,Nigrodarama Maha Viharaya,Galle,Buddhist Temple,active_unverified
pl_osm_749f2f2131,openstreetmap,node,253606105,osm:node:253606105,https://www.openstreetmap.org/node/253606105,Didiswatta,Galle,Buddhist Temple,active_unverified
pl_osm_7f90ac55c8,openstreetmap,node,255477008,osm:node:255477008,https://www.openstreetmap.org/node/255477008,Sri Sadhatissaramaya,Galle,Buddhist Temple,active_unverified
pl_osm_35b0f62311,openstreetmap,node,652615712,osm:node:652615712,https://www.openstreetmap.org/node/652615712,Sri Jinendraramaya,Galle,Buddhist Temple,active_unverified
pl_osm_d6127abdcb,openstreetmap,node,1674307315,osm:node:1674307315,https://www.openstreetmap.org/node/1674307315,Vilegoda DhammaYoukthikarmaya,Galle,Buddhist Temple,active_unverified
pl_osm_d35b76053c,openstreetmap,node,1674310560,osm:node:1674310560,https://www.openstreetmap.org/node/1674310560,Sugatha Bimbaramaya,Galle,Buddhist Temple,active_unverified
pl_osm_6cd768654e,openstreetmap,node,1674373410,osm:node:1674373410,https://www.openstreetmap.org/node/1674373410,Sri Pawarindaramaya,Galle,Buddhist Temple,active_unverified
pl_osm_c41488241d,openstreetmap,node,1674460565,osm:node:1674460565,https://www.openstreetmap.org/node/1674460565,Shayilathalarama Viharaya,Galle,Buddhist Temple,active_unverified
pl_osm_345a39f892,openstreetmap,node,1763161420,osm:node:1763161420,https://www.openstreetmap.org/node/1763161420,Welle Devalaya Temple,Galle,Buddhist Temple,active_unverified
pl_osm_5b0e448e2b,openstreetmap,node,1789586174,osm:node:1789586174,https://www.openstreetmap.org/node/1789586174,Indipalegoda Sri Visuddharamaya,Galle,Buddhist Temple,active_unverified
pl_osm_837caf9bea,openstreetmap,node,1792917072,osm:node:1792917072,https://www.openstreetmap.org/node/1792917072,Parama Visuddharamaya,Galle,Buddhist Temple,active_unverified
pl_osm_59f14dc91e,openstreetmap,node,1971439195,osm:node:1971439195,https://www.openstreetmap.org/node/1971439195,Ananda Pirivena,Galle,Buddhist Temple,active_unverified
pl_osm_ed69d61247,openstreetmap,node,1980792440,osm:node:1980792440,https://www.openstreetmap.org/node/1980792440,Gintota Devol Devalaya,Galle,Buddhist Temple,active_unverified
pl_osm_5056103244,openstreetmap,node,1980792457,osm:node:1980792457,https://www.openstreetmap.org/node/1980792457,Kovilagodella Temple,Galle,Buddhist Temple,active_unverified
pl_osm_b562b9f932,openstreetmap,node,1980792473,osm:node:1980792473,https://www.openstreetmap.org/node/1980792473,Thunmahal Maha Viharaya,Galle,Buddhist Temple,active_unverified
pl_osm_e10cf20ab9,openstreetmap,node,1980792474,osm:node:1980792474,https://www.openstreetmap.org/node/1980792474,Mahamudalindarama Viharaya,Galle,Buddhist Temple,active_unverified
pl_osm_0d783bc4ce,openstreetmap,node,1980792511,osm:node:1980792511,https://www.openstreetmap.org/node/1980792511,Thuparama Viharaya,Galle,Buddhist Temple,active_unverified
pl_osm_cb5fbc64e8,openstreetmap,node,2155827021,osm:node:2155827021,https://www.openstreetmap.org/node/2155827021,Dharmapala Viharaya,Galle,Buddhist Temple,active_unverified
pl_osm_ee86f8317a,openstreetmap,node,2465273837,osm:node:2465273837,https://www.openstreetmap.org/node/2465273837,Bodhirukkarama Viharaya,Galle,Buddhist Temple,active_unverified
pl_osm_efa9293930,openstreetmap,node,2465286909,osm:node:2465286909,https://www.openstreetmap.org/node/2465286909,Yatagala Raja Maha Viharaya,Galle,Buddhist Temple,active_unverified
pl_osm_35009577fd,openstreetmap,node,2465307316,osm:node:2465307316,https://www.openstreetmap.org/node/2465307316,Maligakanda Raja Maha Viharaya,Galle,Buddhist Temple,active_unverified
pl_osm_f2ae711967,openstreetmap,node,2465309901,osm:node:2465309901,https://www.openstreetmap.org/node/2465309901,Polduwa Sri Sunandaramaya,Galle,Buddhist Temple,active_unverified
pl_osm_c663084340,openstreetmap,node,2465351012,osm:node:2465351012,https://www.openstreetmap.org/node/2465351012,Sri Dhammaramaya,Galle,Buddhist Temple,active_unverified
pl_osm_c83a5a7443,openstreetmap,node,2643423774,osm:node:2643423774,https://www.openstreetmap.org/node/2643423774,Sri Sudarshanaramaya,Galle,Buddhist Temple,active_unverified
pl_osm_478e538a9a,openstreetmap,node,2643487664,osm:node:2643487664,https://www.openstreetmap.org/node/2643487664,Ahangama Kande Viharaya,Galle,Buddhist Temple,active_unverified
pl_osm_69178dff9a,openstreetmap,node,2678406368,osm:node:2678406368,https://www.openstreetmap.org/node/2678406368,Samudraramaya Ahungalla,Galle,Buddhist Temple,active_unverified
pl_osm_6b6d545a57,openstreetmap,node,2683033696,osm:node:2683033696,https://www.openstreetmap.org/node/2683033696,Madhuwa Temple,Galle,Buddhist Temple,active_unverified
pl_osm_51a6702fa6,openstreetmap,node,2683331258,osm:node:2683331258,https://www.openstreetmap.org/node/2683331258,Sanga Raja Maha Viharaya,Galle,Buddhist Temple,active_unverified
pl_osm_13c2deb8e5,openstreetmap,node,2683331290,osm:node:2683331290,https://www.openstreetmap.org/node/2683331290,Seluththarama Viharaya,Galle,Buddhist Temple,active_unverified
pl_osm_d34a19cdea,openstreetmap,node,2683331291,osm:node:2683331291,https://www.openstreetmap.org/node/2683331291,Sri Naga Pushparama Viharaya,Galle,Buddhist Temple,active_unverified
pl_osm_a6ba28231e,openstreetmap,node,2755666271,osm:node:2755666271,https://www.openstreetmap.org/node/2755666271,Wijaya Sri Mudalindaramaya,Galle,Buddhist Temple,active_unverified
pl_osm_624a1da816,openstreetmap,node,2827497996,osm:node:2827497996,https://www.openstreetmap.org/node/2827497996,Rumassala Sri Viwekarama Vihara,Galle,Buddhist Temple,active_unverified
pl_osm_96014fb1da,openstreetmap,node,2902181680,osm:node:2902181680,https://www.openstreetmap.org/node/2902181680,Neegrodharama Viharaya,Galle,Buddhist Temple,active_unverified
pl_osm_42629cf7c5,openstreetmap,node,2907470908,osm:node:2907470908,https://www.openstreetmap.org/node/2907470908,Gothatuwa Temple,Galle,Buddhist Temple,active_unverified
pl_osm_6b796524d1,openstreetmap,node,2913710046,osm:node:2913710046,https://www.openstreetmap.org/node/2913710046,New city Budu Madhura,Galle,Buddhist Temple,active_unverified
pl_osm_8d490f068c,openstreetmap,node,2921350120,osm:node:2921350120,https://www.openstreetmap.org/node/2921350120,Dutugemunu Raja Maha Viharaya,Galle,Buddhist Temple,active_unverified
pl_osm_ac16e3fe66,openstreetmap,node,2921358199,osm:node:2921358199,https://www.openstreetmap.org/node/2921358199,Sripada Godalla Temple,Galle,Buddhist Temple,active_unverified
pl_osm_9f7617f39e,openstreetmap,node,2990556220,osm:node:2990556220,https://www.openstreetmap.org/node/2990556220,Neegrodharamaya,Galle,Buddhist Temple,active_unverified
pl_osm_6cb1d4fb68,openstreetmap,node,3053064341,osm:node:3053064341,https://www.openstreetmap.org/node/3053064341,Maha Viharaya Ahangama,Galle,Buddhist Temple,active_unverified
pl_osm_191643e7fb,openstreetmap,node,3053064429,osm:node:3053064429,https://www.openstreetmap.org/node/3053064429,Vidyachandra Pirivena,Galle,Buddhist Temple,active_unverified
pl_osm_a0e3fde3b8,openstreetmap,node,3054767000,osm:node:3054767000,https://www.openstreetmap.org/node/3054767000,Chethiya Aramaya,Galle,Buddhist Temple,active_unverified
pl_osm_98db2caa46,openstreetmap,node,3054767754,osm:node:3054767754,https://www.openstreetmap.org/node/3054767754,Harumalgoda Mandalaramaya,Galle,Buddhist Temple,active_unverified
pl_osm_adb76cca16,openstreetmap,node,3054767833,osm:node:3054767833,https://www.openstreetmap.org/node/3054767833,Pulinathalarama Purana Viharaya,Galle,Buddhist Temple,active_unverified
pl_osm_6ee5f329b6,openstreetmap,node,3054837296,osm:node:3054837296,https://www.openstreetmap.org/node/3054837296,Pilana Raja Maha Viharaya,Galle,Buddhist Temple,active_unverified
pl_osm_cbc86c31db,openstreetmap,node,3054837691,osm:node:3054837691,https://www.openstreetmap.org/node/3054837691,Sri Sumangala Viharaya,Galle,Buddhist Temple,active_unverified
pl_osm_970353d469,openstreetmap,node,3054837738,osm:node:3054837738,https://www.openstreetmap.org/node/3054837738,Dorape Sri Premananda Viharaya,Galle,Buddhist Temple,active_unverified
pl_osm_40f72c9a17,openstreetmap,node,3056993410,osm:node:3056993410,https://www.openstreetmap.org/node/3056993410,Sri Wimalaramaya,Galle,Buddhist Temple,active_unverified
pl_osm_480441fd96,openstreetmap,node,3074417038,osm:node:3074417038,https://www.openstreetmap.org/node/3074417038,Ariyakara Maha Pirivena,Galle,Buddhist Temple,active_unverified
pl_osm_dcb066dd1b,openstreetmap,node,3081242187,osm:node:3081242187,https://www.openstreetmap.org/node/3081242187,Shethrarama Viharaya,Galle,Buddhist Temple,active_unverified
pl_osm_3db6a2631a,openstreetmap,node,3081634048,osm:node:3081634048,https://www.openstreetmap.org/node/3081634048,Galketiya Temple,Galle,Buddhist Temple,active_unverified
pl_osm_30870be066,openstreetmap,node,3081634109,osm:node:3081634109,https://www.openstreetmap.org/node/3081634109,Siyambalagahawatte Sri Vijitharamaya,Galle,Buddhist Temple,active_unverified
pl_osm_2ca2be27c9,openstreetmap,node,3090259022,osm:node:3090259022,https://www.openstreetmap.org/node/3090259022,Sri Rathnodayarama Purana Viharaya,Galle,Buddhist Temple,active_unverified
pl_osm_71363bda0a,openstreetmap,node,3194223521,osm:node:3194223521,https://www.openstreetmap.org/node/3194223521,Pinikahana Buddhist Center,Galle,Buddhist Temple,active_unverified
pl_osm_99483241a3,openstreetmap,node,3247442137,osm:node:3247442137,https://www.openstreetmap.org/node/3247442137,Susilachara Temple,Galle,Buddhist Temple,active_unverified
pl_osm_aa4b5cc38c,openstreetmap,node,3247497051,osm:node:3247497051,https://www.openstreetmap.org/node/3247497051,Shaila Bimbarama Viharaya,Galle,Buddhist Temple,active_unverified
pl_osm_e5498896c8,openstreetmap,node,3248862461,osm:node:3248862461,https://www.openstreetmap.org/node/3248862461,Siri Khettarama Maha Viharaya,Galle,Buddhist Temple,active_unverified
pl_osm_03f77cf43e,openstreetmap,node,3248881433,osm:node:3248881433,https://www.openstreetmap.org/node/3248881433,Sri Shylathalaramaya,Galle,Buddhist Temple,active_unverified
pl_osm_9eb6eea290,openstreetmap,node,3249060557,osm:node:3249060557,https://www.openstreetmap.org/node/3249060557,Jananandharamaya,Galle,Buddhist Temple,active_unverified
pl_osm_976a168395,openstreetmap,node,3257659173,osm:node:3257659173,https://www.openstreetmap.org/node/3257659173,Naga Viharaya,Galle,Buddhist Temple,active_unverified
pl_osm_84cde6ad2f,openstreetmap,node,3257863196,osm:node:3257863196,https://www.openstreetmap.org/node/3257863196,Udawatte Pirivena,Galle,Buddhist Temple,active_unverified
pl_osm_f69bee7931,openstreetmap,node,3257864492,osm:node:3257864492,https://www.openstreetmap.org/node/3257864492,Sri Dharmakara Viharaya,Galle,Buddhist Temple,active_unverified
pl_osm_e0338ca93d,openstreetmap,node,3380999861,osm:node:3380999861,https://www.openstreetmap.org/node/3380999861,Galapatha Raja Maha Viharaya,Galle,Buddhist Temple,active_unverified
pl_osm_3d85476077,openstreetmap,node,3381010498,osm:node:3381010498,https://www.openstreetmap.org/node/3381010498,Siri Sumanarama Temple,Galle,Buddhist Temple,active_unverified
pl_osm_b375dc1c87,openstreetmap,node,3483855641,osm:node:3483855641,https://www.openstreetmap.org/node/3483855641,Paragoda Raja Maha Viharaya,Galle,Buddhist Temple,active_unverified
pl_osm_855fc5a321,openstreetmap,node,3493140354,osm:node:3493140354,https://www.openstreetmap.org/node/3493140354,Horadugoda puran viharaya,Galle,Buddhist Temple,active_unverified
pl_osm_bc2799afc6,openstreetmap,node,3493212692,osm:node:3493212692,https://www.openstreetmap.org/node/3493212692,Andugoda puran viharaya,Galle,Buddhist Temple,active_unverified
pl_osm_487786353e,openstreetmap,node,3558210000,osm:node:3558210000,https://www.openstreetmap.org/node/3558210000,Sri Sudarshanaaraamaya,Galle,Buddhist Temple,active_unverified
pl_osm_fbff1ae4a3,openstreetmap,node,3656015373,osm:node:3656015373,https://www.openstreetmap.org/node/3656015373,Sri Subhadraramaya Temple,Galle,Buddhist Temple,active_unverified
pl_osm_88b89e20f7,openstreetmap,node,3656033452,osm:node:3656033452,https://www.openstreetmap.org/node/3656033452,Sri Buddhadatta Temple,Galle,Buddhist Temple,active_unverified
pl_osm_2ce6f7711e,openstreetmap,node,3726458025,osm:node:3726458025,https://www.openstreetmap.org/node/3726458025,Kalupe Purana Maha Viharaya,Galle,Buddhist Temple,active_unverified
pl_osm_424373d272,openstreetmap,node,3726462637,osm:node:3726462637,https://www.openstreetmap.org/node/3726462637,Sri Subhadrarama Purana Maha Viharaya,Galle,Buddhist Temple,active_unverified
pl_osm_54d663858a,openstreetmap,node,3728660287,osm:node:3728660287,https://www.openstreetmap.org/node/3728660287,Sri Sudharmaramaya - Hapugala,Galle,Buddhist Temple,active_unverified
pl_osm_f594f07e08,openstreetmap,node,3729382301,osm:node:3729382301,https://www.openstreetmap.org/node/3729382301,Boo tree,Galle,Buddhist Temple,active_unverified
pl_osm_cae02607a2,openstreetmap,node,3748921998,osm:node:3748921998,https://www.openstreetmap.org/node/3748921998,Kuleegoda Temple,Galle,Buddhist Temple,active_unverified
pl_osm_cc84dd2c96,openstreetmap,node,3748967481,osm:node:3748967481,https://www.openstreetmap.org/node/3748967481,Chethiyagiriya Purana Raja Maha Viharaya,Galle,Buddhist Temple,active_unverified
pl_osm_05d0a2be6b,openstreetmap,node,3749053726,osm:node:3749053726,https://www.openstreetmap.org/node/3749053726,Kande Temple,Galle,Buddhist Temple,active_unverified
pl_osm_eb69082c71,openstreetmap,node,3749093585,osm:node:3749093585,https://www.openstreetmap.org/node/3749093585,Pathiraja Manthindharamaya,Galle,Buddhist Temple,active_unverified
pl_osm_64a6edfe38,openstreetmap,node,3749109163,osm:node:3749109163,https://www.openstreetmap.org/node/3749109163,Sri Thapodanaramaya,Galle,Buddhist Temple,active_unverified
pl_osm_53b0c69072,openstreetmap,node,3925585385,osm:node:3925585385,https://www.openstreetmap.org/node/3925585385,Sri Vijayarama Viharaya,Galle,Buddhist Temple,active_unverified
pl_osm_e8728c4cd4,openstreetmap,node,4235197308,osm:node:4235197308,https://www.openstreetmap.org/node/4235197308,Wathuruwila Aranya Senasanaya,Galle,Buddhist Temple,active_unverified
pl_osm_342b5d622a,openstreetmap,node,4525853534,osm:node:4525853534,https://www.openstreetmap.org/node/4525853534,Gnanawimala Buddhist Center,Galle,Buddhist Temple,active_unverified
pl_osm_3c942c2634,openstreetmap,node,4526077324,osm:node:4526077324,https://www.openstreetmap.org/node/4526077324,Sri Pushparamaya,Galle,Buddhist Temple,active_unverified
pl_osm_64ad5151e3,openstreetmap,node,4526140763,osm:node:4526140763,https://www.openstreetmap.org/node/4526140763,Karuwalabedda Temple,Galle,Buddhist Temple,active_unverified
pl_osm_bc2799bcc2,openstreetmap,node,4526140951,osm:node:4526140951,https://www.openstreetmap.org/node/4526140951,Sri Priyadarshanaramaya,Galle,Buddhist Temple,active_unverified
pl_osm_ac9043603d,openstreetmap,node,4717718745,osm:node:4717718745,https://www.openstreetmap.org/node/4717718745,Sri Thilakawardhanaramaya,Galle,Buddhist Temple,active_unverified
pl_osm_f241b8242d,openstreetmap,node,4833923097,osm:node:4833923097,https://www.openstreetmap.org/node/4833923097,Sri Sudarshi Dhamma School,Galle,Buddhist Temple,active_unverified
pl_osm_2254019dc1,openstreetmap,node,5265641784,osm:node:5265641784,https://www.openstreetmap.org/node/5265641784,Weduwa Buddhist Monastery,Galle,Buddhist Temple,active_unverified
pl_osm_c2f6bd54f4,openstreetmap,node,5265641785,osm:node:5265641785,https://www.openstreetmap.org/node/5265641785,Talatuduwa Buddhist Temple & Meditation Centre.,Galle,Buddhist Temple,active_unverified
pl_osm_4bbe786ed6,openstreetmap,node,5265641786,osm:node:5265641786,https://www.openstreetmap.org/node/5265641786,Akkara Panaha Monastery,Galle,Buddhist Temple,active_unverified
pl_osm_55ee695ffb,openstreetmap,node,5265641790,osm:node:5265641790,https://www.openstreetmap.org/node/5265641790,Maluwegoda Aranya Senasanaya,Galle,Buddhist Temple,active_unverified
pl_osm_491dada144,openstreetmap,node,5265734681,osm:node:5265734681,https://www.openstreetmap.org/node/5265734681,Kottawa Nagaaranya Aranya Senasanaya,Galle,Buddhist Temple,active_unverified
pl_osm_a1ff30120e,openstreetmap,node,5282048942,osm:node:5282048942,https://www.openstreetmap.org/node/5282048942,Polgasduwa Aranya Senasanaya,Galle,Buddhist Temple,active_unverified
pl_osm_9052129dd2,openstreetmap,node,5282048944,osm:node:5282048944,https://www.openstreetmap.org/node/5282048944,Divankaralena Aranya Senasanaya,Galle,Buddhist Temple,active_unverified
pl_osm_cab2259ec4,openstreetmap,node,5282048945,osm:node:5282048945,https://www.openstreetmap.org/node/5282048945,Digalena Aranya Senasanaya,Galle,Buddhist Temple,active_unverified
pl_osm_dcf4bb92ca,openstreetmap,node,5282071687,osm:node:5282071687,https://www.openstreetmap.org/node/5282071687,Sirimanna Bikshu Vivekaramaya,Galle,Buddhist Temple,active_unverified
pl_osm_b6d0c45a29,openstreetmap,node,6269905348,osm:node:6269905348,https://www.openstreetmap.org/node/6269905348,Meegoda Sri Poorwaramaya,Galle,Buddhist Temple,active_unverified
pl_osm_e53b2f7b40,openstreetmap,node,6409373416,osm:node:6409373416,https://www.openstreetmap.org/node/6409373416,Welikonda Sri Sandassanarama Viharaya,Galle,Buddhist Temple,active_unverified
pl_osm_df84589e72,openstreetmap,node,6545699531,osm:node:6545699531,https://www.openstreetmap.org/node/6545699531,Sri Sudarmarama Purana Viharaya,Galle,Buddhist Temple,active_unverified
pl_osm_baff0a5237,openstreetmap,node,6552390567,osm:node:6552390567,https://www.openstreetmap.org/node/6552390567,Sri Nigrodharamaya,Galle,Buddhist Temple,active_unverified
pl_osm_72457f98b0,openstreetmap,node,6827970718,osm:node:6827970718,https://www.openstreetmap.org/node/6827970718,Samadhi Sri Sambuddha Viharaya,Galle,Buddhist Temple,active_unverified
pl_osm_442fc959ce,openstreetmap,node,7775247977,osm:node:7775247977,https://www.openstreetmap.org/node/7775247977,Ashokaramaya Temple,Galle,Buddhist Temple,active_unverified
pl_osm_448f02fa1a,openstreetmap,node,7775397115,osm:node:7775397115,https://www.openstreetmap.org/node/7775397115,Matthaka Sri Bodhi Nigrodharamaya,Galle,Buddhist Temple,active_unverified
pl_osm_a4177cce33,openstreetmap,node,7775414124,osm:node:7775414124,https://www.openstreetmap.org/node/7775414124,Dewapriya Aramaya,Galle,Buddhist Temple,active_unverified
pl_osm_30a1e813ec,openstreetmap,node,7777240650,osm:node:7777240650,https://www.openstreetmap.org/node/7777240650,"Sri Sudharmaramaya,Gallandala",Galle,Buddhist Temple,active_unverified
pl_osm_d2384a0c90,openstreetmap,node,7777278761,osm:node:7777278761,https://www.openstreetmap.org/node/7777278761,Gangaramaya Temple,Galle,Buddhist Temple,active_unverified
pl_osm_5d692ab3b9,openstreetmap,node,7777677655,osm:node:7777677655,https://www.openstreetmap.org/node/7777677655,"Mahamewnawa Bawana Asapuwa,Thalangalla.",Galle,Buddhist Temple,active_unverified
pl_osm_657ff81dd2,openstreetmap,node,7777690054,osm:node:7777690054,https://www.openstreetmap.org/node/7777690054,"Sri Pantharama Temple,weerwpana,Opatha.",Galle,Buddhist Temple,active_unverified
pl_osm_e6776e14fb,openstreetmap,node,7777942554,osm:node:7777942554,https://www.openstreetmap.org/node/7777942554,Subhashitharama Temple Road,Galle,Buddhist Temple,active_unverified
pl_osm_b9bc2b007e,openstreetmap,node,7779803059,osm:node:7779803059,https://www.openstreetmap.org/node/7779803059,Sri Vijayakanda Rajamaha Viharaya,Galle,Buddhist Temple,active_unverified
pl_osm_1aadd2df22,openstreetmap,node,7780308977,osm:node:7780308977,https://www.openstreetmap.org/node/7780308977,Habarakada Jethwanaramaya,Galle,Buddhist Temple,active_unverified
pl_osm_90b48839c1,openstreetmap,node,7780684026,osm:node:7780684026,https://www.openstreetmap.org/node/7780684026,"Nagala Aranya Temple,Eppala.",Galle,Buddhist Temple,active_unverified
pl_osm_17330ea404,openstreetmap,node,7781410224,osm:node:7781410224,https://www.openstreetmap.org/node/7781410224,Hiniduma Shasanodaramaya,Galle,Buddhist Temple,active_unverified
pl_osm_e31dd112ae,openstreetmap,node,7781439460,osm:node:7781439460,https://www.openstreetmap.org/node/7781439460,Otunugala Aranya Yogashramaya.,Galle,Buddhist Temple,active_unverified
pl_osm_74e501e8e4,openstreetmap,node,8326720866,osm:node:8326720866,https://www.openstreetmap.org/node/8326720866,Woodlandwatta Buddhist Centre,Galle,Buddhist Temple,active_unverified
pl_osm_11077ea93f,openstreetmap,node,9046850561,osm:node:9046850561,https://www.openstreetmap.org/node/9046850561,Meth Boo Sewana Meditation Center,Galle,Buddhist Temple,active_unverified
pl_osm_23bde91fb4,openstreetmap,node,9125521641,osm:node:9125521641,https://www.openstreetmap.org/node/9125521641,Sri Sumanarama Viharaya,Galle,Buddhist Temple,active_unverified
pl_osm_44824f2d73,openstreetmap,node,9128438465,osm:node:9128438465,https://www.openstreetmap.org/node/9128438465,Sinha Lena Thapo Wanaya Aranya Senasuna,Galle,Buddhist Temple,active_unverified
pl_osm_7b54c3b9c6,openstreetmap,node,9139616493,osm:node:9139616493,https://www.openstreetmap.org/node/9139616493,Sri Sunandaramaya Temple,Galle,Buddhist Temple,active_unverified
pl_osm_3f0443c1ce,openstreetmap,node,9139626447,osm:node:9139626447,https://www.openstreetmap.org/node/9139626447,Randola Viharaya,Galle,Buddhist Temple,active_unverified
pl_osm_1a593c1167,openstreetmap,node,9139651867,osm:node:9139651867,https://www.openstreetmap.org/node/9139651867,Sri Vijayaramaya,Galle,Buddhist Temple,active_unverified
pl_osm_f4bd8ca420,openstreetmap,node,250132315,osm:node:250132315,https://www.openstreetmap.org/node/250132315,Tsunami Honganji Vihara,Galle,Building,active_unverified
pl_osm_e9b6f1d2ef,openstreetmap,node,2423958681,osm:node:2423958681,https://www.openstreetmap.org/node/2423958681,Buddha Statue,Galle,Building,active_unverified
pl_osm_6335308f11,openstreetmap,node,6347257887,osm:node:6347257887,https://www.openstreetmap.org/node/6347257887,Tsunami Monument,Galle,Building,active_unverified
pl_osm_cd9fb3f83f,openstreetmap,way,28239945,osm:way:28239945,https://www.openstreetmap.org/way/28239945,Dutch Warehouse (National Maritime Museum),Galle,Building,active_unverified
pl_osm_3dd4fbf153,openstreetmap,way,137294929,osm:way:137294929,https://www.openstreetmap.org/way/137294929,Old Dutch Hospital (Shopping Precint),Galle,Building,active_unverified
pl_osm_0fb626bf5b,openstreetmap,way,137295707,osm:way:137295707,https://www.openstreetmap.org/way/137295707,Former Queen's House,Galle,Building,active_unverified
pl_osm_e7fbf71df1,openstreetmap,way,137493646,osm:way:137493646,https://www.openstreetmap.org/way/137493646,War Heroes Statue,Galle,Building,active_unverified
pl_osm_a2809b40af,openstreetmap,node,1506190043,osm:node:1506190043,https://www.openstreetmap.org/node/1506190043,Memorial Pillar,Galle,Building,active_unverified
pl_osm_a4c81f5c82,openstreetmap,node,6797696268,osm:node:6797696268,https://www.openstreetmap.org/node/6797696268,Ramasinghe Premadasa,Galle,Building,active_unverified
pl_osm_d6d499a043,openstreetmap,node,7058103709,osm:node:7058103709,https://www.openstreetmap.org/node/7058103709,2004 Tsunami Victims Memorial,Galle,Building,active_unverified
pl_osm_71623f701b,openstreetmap,node,10937162816,osm:node:10937162816,https://www.openstreetmap.org/node/10937162816,Mr. Dewapura Jayasena - Father of hydroelectricity,Galle,Building,active_unverified
pl_osm_0457aac31f,openstreetmap,node,10937162817,osm:node:10937162817,https://www.openstreetmap.org/node/10937162817,Anagarika Dharmapala,Galle,Building,active_unverified
pl_osm_c94d09131f,openstreetmap,node,310167231,osm:node:310167231,https://www.openstreetmap.org/node/310167231,St. Francois Xavier Church,Galle,Church,active_unverified
pl_osm_7e9171ac03,openstreetmap,node,7775648625,osm:node:7775648625,https://www.openstreetmap.org/node/7775648625,Senkulu kanyaramaya,Galle,Church,active_unverified
pl_osm_e9c55935b7,openstreetmap,node,7781410217,osm:node:7781410217,https://www.openstreetmap.org/node/7781410217,Hiniduma Methodist Church,Galle,Church,active_unverified
pl_osm_0dfaac260c,openstreetmap,node,7781410219,osm:node:7781410219,https://www.openstreetmap.org/node/7781410219,Calvary Church Hiniduma,Galle,Church,active_unverified
pl_osm_497e022c4f,openstreetmap,node,9139674353,osm:node:9139674353,https://www.openstreetmap.org/node/9139674353,St. Lucia’s Church Katapola,Galle,Church,active_unverified
pl_osm_1494b45889,openstreetmap,way,328773439,osm:way:328773439,https://www.openstreetmap.org/way/328773439,St. Mary's Cathedral,Galle,Church,active_unverified
pl_osm_d79820d0b7,openstreetmap,way,363681837,osm:way:363681837,https://www.openstreetmap.org/way/363681837,Holy Trinity Church,Galle,Church,active_unverified
pl_osm_db0c7c9c62,openstreetmap,way,398146186,osm:way:398146186,https://www.openstreetmap.org/way/398146186,Dutch Reformed Church (1755),Galle,Church,active_unverified
pl_osm_c847b4524c,openstreetmap,way,537527568,osm:way:537527568,https://www.openstreetmap.org/way/537527568,Richmond Methodist Church,Galle,Church,active_unverified
pl_osm_b09020bfcc,openstreetmap,node,3748967492,osm:node:3748967492,https://www.openstreetmap.org/node/3748967492,Modara Devalaya,Galle,Kovil,active_unverified
pl_osm_87d26c0cdc,openstreetmap,way,137493608,osm:way:137493608,https://www.openstreetmap.org/way/137493608,Shiwa Shiwa Hindu Temple,Galle,Kovil,active_unverified
pl_osm_7e750e816f,openstreetmap,way,137493611,osm:way:137493611,https://www.openstreetmap.org/way/137493611,Shiwa Hindu Temple,Galle,Kovil,active_unverified
pl_osm_10f30ce66f,openstreetmap,way,136487388,osm:way:136487388,https://www.openstreetmap.org/way/136487388,Meeran Jumma Masjid,Galle,Mosque,active_unverified
pl_osm_37553043bc,openstreetmap,way,137089491,osm:way:137089491,https://www.openstreetmap.org/way/137089491,Zaviya Ummul Fuqarah,Galle,Mosque,active_unverified
pl_osm_7e0e652741,openstreetmap,way,137189159,osm:way:137189159,https://www.openstreetmap.org/way/137189159,Jiffry Thaikka,Galle,Mosque,active_unverified
pl_osm_f0fe0aff23,openstreetmap,way,137292932,osm:way:137292932,https://www.openstreetmap.org/way/137292932,Muhiyaddeen Jumma Masjid,Galle,Mosque,active_unverified
pl_osm_3d850e1838,openstreetmap,way,137293026,osm:way:137293026,https://www.openstreetmap.org/way/137293026,Nabaviyya Taikka,Galle,Mosque,active_unverified
pl_osm_8763a8fa39,openstreetmap,way,137826453,osm:way:137826453,https://www.openstreetmap.org/way/137826453,Zaviya Shazuliyyah,Galle,Mosque,active_unverified
pl_osm_25c60feec5,openstreetmap,way,138623967,osm:way:138623967,https://www.openstreetmap.org/way/138623967,Aroosiyathul Qadiriyaa Taikka,Galle,Mosque,active_unverified
pl_osm_bc65d54fc0,openstreetmap,way,287079524,osm:way:287079524,https://www.openstreetmap.org/way/287079524,Balapitiya Mosque,Galle,Mosque,active_unverified
pl_osm_d2a469df22,openstreetmap,way,536698079,osm:way:536698079,https://www.openstreetmap.org/way/536698079,Piyadigama Mosque,Galle,Mosque,active_unverified
pl_osm_55bba2f0ab,openstreetmap,way,563264106,osm:way:563264106,https://www.openstreetmap.org/way/563264106,Haliwala Jumma Masjid,Galle,Mosque,active_unverified
pl_osm_1955ca2c09,openstreetmap,way,565595750,osm:way:565595750,https://www.openstreetmap.org/way/565595750,Hilur Mosque,Galle,Mosque,active_unverified
pl_osm_c47f25d5ac,openstreetmap,way,565655546,osm:way:565655546,https://www.openstreetmap.org/way/565655546,Ginthota Muhiyiddeen Jumma Mosque,Galle,Mosque,active_unverified
pl_osm_2aea583d4f,openstreetmap,way,565706027,osm:way:565706027,https://www.openstreetmap.org/way/565706027,Bawan-Thakkiya Mosque,Galle,Mosque,active_unverified
pl_osm_e66e1fa321,openstreetmap,way,566860189,osm:way:566860189,https://www.openstreetmap.org/way/566860189,Navinna Jumma Masjid,Galle,Mosque,active_unverified
pl_osm_a0ff78b399,openstreetmap,node,3053343646,osm:node:3053343646,https://www.openstreetmap.org/node/3053343646,Martin Wickramasinghe Folk Museum Complex,Galle,Museum,active_unverified
pl_osm_9cd3272977,openstreetmap,node,3749027799,osm:node:3749027799,https://www.openstreetmap.org/node/3749027799,Ariyapala Masks Museum,Galle,Museum,active_unverified
pl_osm_0f03fba327,openstreetmap,node,11169198252,osm:node:11169198252,https://www.openstreetmap.org/node/11169198252,Tukkawadu Mask Museum,Galle,Museum,active_unverified
pl_osm_60c6621a93,openstreetmap,node,12625263101,osm:node:12625263101,https://www.openstreetmap.org/node/12625263101,Tsunami Photo Museum Telwatta,Galle,Museum,active_unverified
pl_osm_4d63a9fdba,openstreetmap,way,136845474,osm:way:136845474,https://www.openstreetmap.org/way/136845474,National Museum Fort,Galle,Museum,active_unverified
pl_osm_7597b417af,openstreetmap,way,819753744,osm:way:819753744,https://www.openstreetmap.org/way/819753744,Puppet Museum,Galle,Museum,active_unverified
pl_osm_ad724d9443,openstreetmap,way,1177275611,osm:way:1177275611,https://www.openstreetmap.org/way/1177275611,General Tsunami Photo Museum,Galle,Museum,active_unverified
pl_osm_3e8cbaa097,openstreetmap,way,1471786475,osm:way:1471786475,https://www.openstreetmap.org/way/1471786475,TSUNAMI PHOTO GALLERY,Galle,Museum,active_unverified
pl_osm_00f2ef437c,openstreetmap,way,1471796696,osm:way:1471796696,https://www.openstreetmap.org/way/1471796696,Community Tsunami Education Center and Tsunami Museum,Galle,Museum,active_unverified
pl_osm_612d959f4c,openstreetmap,way,1207929781,osm:way:1207929781,https://www.openstreetmap.org/way/1207929781,coconut,Galle,National Park,active_unverified
pl_osm_efe8dd3bc4,openstreetmap,node,3563664791,osm:node:3563664791,https://www.openstreetmap.org/node/3563664791,Dooli Ella Waterfall,Galle,Other,active_unverified
pl_osm_87a1850ac3,openstreetmap,node,4550335089,osm:node:4550335089,https://www.openstreetmap.org/node/4550335089,Hikkaduwa Coral Reaf,Galle,Other,active_unverified
pl_osm_de52bb967d,openstreetmap,node,4556165692,osm:node:4556165692,https://www.openstreetmap.org/node/4556165692,Wijala beach,Galle,Other,active_unverified
pl_osm_8f5f794c9b,openstreetmap,node,4556181993,osm:node:4556181993,https://www.openstreetmap.org/node/4556181993,Turtle sanctuary,Galle,Other,active_unverified
pl_osm_df9a328cb2,openstreetmap,node,4620115989,osm:node:4620115989,https://www.openstreetmap.org/node/4620115989,Tea factory Hill garden,Galle,Other,active_unverified
pl_osm_dec6019b1c,openstreetmap,node,4621586590,osm:node:4621586590,https://www.openstreetmap.org/node/4621586590,Tea shop-factory,Galle,Other,active_unverified
pl_osm_05e1e20a6c,openstreetmap,node,4681359813,osm:node:4681359813,https://www.openstreetmap.org/node/4681359813,Induruwa sea turtle farm,Galle,Other,active_unverified
pl_osm_3cd1fbb2f6,openstreetmap,node,4693137589,osm:node:4693137589,https://www.openstreetmap.org/node/4693137589,Jeffry bawa's garden,Galle,Other,active_unverified
pl_osm_cd4c93c8a0,openstreetmap,node,5018097621,osm:node:5018097621,https://www.openstreetmap.org/node/5018097621,Sea Turtle conservation center,Galle,Other,active_unverified
pl_osm_b9778502a1,openstreetmap,node,5137426725,osm:node:5137426725,https://www.openstreetmap.org/node/5137426725,Snorkling Place,Galle,Other,active_unverified
pl_osm_eccd10c928,openstreetmap,node,5319727123,osm:node:5319727123,https://www.openstreetmap.org/node/5319727123,Stick Fishermans,Galle,Other,active_unverified
pl_osm_a813dc68d4,openstreetmap,node,5455788124,osm:node:5455788124,https://www.openstreetmap.org/node/5455788124,tea factory,Galle,Other,active_unverified
pl_osm_25540ca5ef,openstreetmap,node,5469820321,osm:node:5469820321,https://www.openstreetmap.org/node/5469820321,Sea turtle hatchery mahamodara,Galle,Other,active_unverified
pl_osm_8d24dbd651,openstreetmap,node,6151874578,osm:node:6151874578,https://www.openstreetmap.org/node/6151874578,Kottawa Rainforest and Arboretum,Galle,Other,active_unverified
pl_osm_49544d6c31,openstreetmap,node,6273572085,osm:node:6273572085,https://www.openstreetmap.org/node/6273572085,Paid Palm Rope Swing,Galle,Other,active_unverified
pl_osm_a360661512,openstreetmap,node,6273572086,osm:node:6273572086,https://www.openstreetmap.org/node/6273572086,Ship Rock,Galle,Other,active_unverified
pl_osm_3feb62cc95,openstreetmap,node,6325660489,osm:node:6325660489,https://www.openstreetmap.org/node/6325660489,Dive Seenigama Dive Lanka,Galle,Other,active_unverified
pl_osm_7f1ecacaa9,openstreetmap,node,6366843085,osm:node:6366843085,https://www.openstreetmap.org/node/6366843085,Surf Control - Surf School & Stuff,Galle,Other,active_unverified
pl_osm_dab271a031,openstreetmap,node,7108864185,osm:node:7108864185,https://www.openstreetmap.org/node/7108864185,Stick Fishermen,Galle,Other,active_unverified
pl_osm_9c179087af,openstreetmap,node,8777795558,osm:node:8777795558,https://www.openstreetmap.org/node/8777795558,Monkey View,Galle,Other,active_unverified
pl_osm_9db940ab78,openstreetmap,node,9125422618,osm:node:9125422618,https://www.openstreetmap.org/node/9125422618,Andahelena Ella,Galle,Other,active_unverified
pl_osm_88c519be7b,openstreetmap,node,9150634346,osm:node:9150634346,https://www.openstreetmap.org/node/9150634346,Kalu Dola Ella,Galle,Other,active_unverified
pl_osm_d847a03e96,openstreetmap,node,10199094417,osm:node:10199094417,https://www.openstreetmap.org/node/10199094417,Ahungalla Sea Turtles Conservation Project,Galle,Other,active_unverified
pl_osm_f6ce302dc9,openstreetmap,node,10570114947,osm:node:10570114947,https://www.openstreetmap.org/node/10570114947,"Sinharaja, Lankagama Entrance",Galle,Other,active_unverified
pl_osm_687649bf86,openstreetmap,node,10933134956,osm:node:10933134956,https://www.openstreetmap.org/node/10933134956,Flower,Galle,Other,active_unverified
pl_osm_e92f5e3afb,openstreetmap,node,11475829069,osm:node:11475829069,https://www.openstreetmap.org/node/11475829069,Frog Rock,Galle,Other,active_unverified
pl_osm_3ca9a1bcc1,openstreetmap,node,11478088669,osm:node:11478088669,https://www.openstreetmap.org/node/11478088669,Monkeys,Galle,Other,active_unverified
pl_osm_202f77396e,openstreetmap,node,11502316371,osm:node:11502316371,https://www.openstreetmap.org/node/11502316371,Elephant riding,Galle,Other,active_unverified
pl_osm_a05b981c31,openstreetmap,node,12777802101,osm:node:12777802101,https://www.openstreetmap.org/node/12777802101,Stilt fishermen,Galle,Other,active_unverified
pl_osm_759b4b6665,openstreetmap,node,13166897637,osm:node:13166897637,https://www.openstreetmap.org/node/13166897637,Madu River Safari No 07,Galle,Other,active_unverified
pl_osm_93fa66e073,openstreetmap,node,13828686769,osm:node:13828686769,https://www.openstreetmap.org/node/13828686769,Ahangama Secret Beach,Galle,Other,active_unverified
pl_osm_c1e0d5c584,openstreetmap,way,1467344371,osm:way:1467344371,https://www.openstreetmap.org/way/1467344371,Old Hawker 748,Galle,Other,active_unverified
pl_osm_edd17621ae,openstreetmap,way,1470404701,osm:way:1470404701,https://www.openstreetmap.org/way/1470404701,Nature Pool,Galle,Other,active_unverified
pl_osm_6ef6cbcf24,openstreetmap,way,1472051842,osm:way:1472051842,https://www.openstreetmap.org/way/1472051842,Moonstone Mines,Galle,Other,active_unverified
pl_osm_572ec4f076,openstreetmap,node,3377394539,osm:node:3377394539,https://www.openstreetmap.org/node/3377394539,The Moon Bastion,Galle,Ruins,active_unverified
pl_osm_1995aa1c03,openstreetmap,node,3377394540,osm:node:3377394540,https://www.openstreetmap.org/node/3377394540,The Sun Bastion,Galle,Ruins,active_unverified
pl_osm_7411f3ea47,openstreetmap,node,3377399093,osm:node:3377399093,https://www.openstreetmap.org/node/3377399093,The Vismarkt Bastion,Galle,Ruins,active_unverified
pl_osm_3598530b7f,openstreetmap,node,3377399094,osm:node:3377399094,https://www.openstreetmap.org/node/3377399094,The Zwart Bastion,Galle,Ruins,active_unverified
pl_osm_8812aede13,openstreetmap,node,3377399095,osm:node:3377399095,https://www.openstreetmap.org/node/3377399095,The Akersloot Bastion,Galle,Ruins,active_unverified
pl_osm_c90aed700b,openstreetmap,node,3377399096,osm:node:3377399096,https://www.openstreetmap.org/node/3377399096,The Aurora Bastion,Galle,Ruins,active_unverified
pl_osm_9b98e34787,openstreetmap,node,3377399097,osm:node:3377399097,https://www.openstreetmap.org/node/3377399097,Point Utrecht Bastion,Galle,Ruins,active_unverified
pl_osm_24ca944952,openstreetmap,node,3377399099,osm:node:3377399099,https://www.openstreetmap.org/node/3377399099,The Triton Bastion,Galle,Ruins,active_unverified
pl_osm_f4962942c2,openstreetmap,node,3377399100,osm:node:3377399100,https://www.openstreetmap.org/node/3377399100,The Neptune Bastion,Galle,Ruins,active_unverified
pl_osm_bc783ae066,openstreetmap,node,3377399101,osm:node:3377399101,https://www.openstreetmap.org/node/3377399101,Clippenburg Bastion,Galle,Ruins,active_unverified
pl_osm_ee600dd926,openstreetmap,node,3377399141,osm:node:3377399141,https://www.openstreetmap.org/node/3377399141,The Aeolus Bastion,Galle,Ruins,active_unverified
pl_osm_38a1f0a93b,openstreetmap,node,5747162745,osm:node:5747162745,https://www.openstreetmap.org/node/5747162745,The Star Bastion,Galle,Ruins,active_unverified
pl_osm_515b9a6e17,openstreetmap,way,137294932,osm:way:137294932,https://www.openstreetmap.org/way/137294932,Old Gun Powder Magazine,Galle,Ruins,active_unverified
pl_osm_8a3b7dc04d,openstreetmap,way,449260368,osm:way:449260368,https://www.openstreetmap.org/way/449260368,Flag Rock Bastion,Galle,Ruins,active_unverified
pl_osm_f3986f014c,openstreetmap,node,2678406314,osm:node:2678406314,https://www.openstreetmap.org/node/2678406314,Kekiriwatte Temple,Galle,Temple,active_unverified
pl_osm_c5aa3a1ad5,openstreetmap,node,2678439828,osm:node:2678439828,https://www.openstreetmap.org/node/2678439828,Kosgoda Temple,Galle,Temple,active_unverified
pl_osm_fa62f7c172,openstreetmap,node,2678443894,osm:node:2678443894,https://www.openstreetmap.org/node/2678443894,Ganegodella Raja Maha Viharaya,Galle,Temple,active_unverified
pl_osm_ae7af1e1bf,openstreetmap,node,2683033717,osm:node:2683033717,https://www.openstreetmap.org/node/2683033717,Koddhuwa Temple,Galle,Temple,active_unverified
pl_osm_31e3281f59,openstreetmap,node,2683033799,osm:node:2683033799,https://www.openstreetmap.org/node/2683033799,Sri Pulinathalaramaya,Galle,Temple,active_unverified
pl_osm_91fde96cfb,openstreetmap,node,3925585411,osm:node:3925585411,https://www.openstreetmap.org/node/3925585411,Poramba Paththini Devalaya,Galle,Temple,active_unverified
pl_osm_66b63c1b83,openstreetmap,node,5211487021,osm:node:5211487021,https://www.openstreetmap.org/node/5211487021,Sadhaham Madhura,Galle,Temple,active_unverified
pl_osm_e8d7b6b232,openstreetmap,node,2616147812,osm:node:2616147812,https://www.openstreetmap.org/node/2616147812,Kanneliya Rainforest Reserve,Galle,Viewpoint,active_unverified
pl_osm_db3fdd2fcd,openstreetmap,node,4342403191,osm:node:4342403191,https://www.openstreetmap.org/node/4342403191,Bogahagoda,Galle,Viewpoint,active_unverified
pl_osm_0a0a4a66c8,openstreetmap,node,4664842694,osm:node:4664842694,https://www.openstreetmap.org/node/4664842694,Turtle Beach,Galle,Viewpoint,active_unverified
pl_osm_de563f11b5,openstreetmap,node,4736486323,osm:node:4736486323,https://www.openstreetmap.org/node/4736486323,Blowhole,Galle,Viewpoint,active_unverified
pl_osm_d73ea689ac,openstreetmap,node,4825236007,osm:node:4825236007,https://www.openstreetmap.org/node/4825236007,Waterfall,Galle,Viewpoint,active_unverified
pl_osm_5d6bb793a0,openstreetmap,node,5166965479,osm:node:5166965479,https://www.openstreetmap.org/node/5166965479,Lankagama Sangili Palama,Galle,Viewpoint,active_unverified
pl_osm_e3fe044845,openstreetmap,node,6620925485,osm:node:6620925485,https://www.openstreetmap.org/node/6620925485,Spice Island,Galle,Viewpoint,active_unverified
pl_osm_47ce364d2d,openstreetmap,node,7324580577,osm:node:7324580577,https://www.openstreetmap.org/node/7324580577,Shark view point,Galle,Viewpoint,active_unverified
pl_osm_e586d3fd8e,openstreetmap,node,10779286306,osm:node:10779286306,https://www.openstreetmap.org/node/10779286306,Beach views,Galle,Viewpoint,active_unverified
pl_osm_d95d347d11,openstreetmap,node,13031944789,osm:node:13031944789,https://www.openstreetmap.org/node/13031944789,Punchi Sri Padaya Viewpoint,Galle,Viewpoint,active_unverified
pl_osm_4049cd7fcc,openstreetmap,node,5485934622,osm:node:5485934622,https://www.openstreetmap.org/node/5485934622,Turtle Farm,Gampaha,Adventure Park,active_unverified
pl_osm_d140fcfcba,openstreetmap,node,4350574691,osm:node:4350574691,https://www.openstreetmap.org/node/4350574691,Water World Lanka,Gampaha,Adventure Park,active_unverified
pl_osm_de8b6b16fb,openstreetmap,way,343482760,osm:way:343482760,https://www.openstreetmap.org/way/343482760,Al Mubarak Kids Park,Gampaha,Adventure Park,active_unverified
pl_osm_d0bad1224e,openstreetmap,way,424873471,osm:way:424873471,https://www.openstreetmap.org/way/424873471,Children park,Gampaha,Adventure Park,active_unverified
pl_osm_acf8627b5b,openstreetmap,way,940247813,osm:way:940247813,https://www.openstreetmap.org/way/940247813,Preethipura Beach,Gampaha,Sandy Beach,active_unverified
pl_osm_b1af0b7b43,openstreetmap,way,1297421555,osm:way:1297421555,https://www.openstreetmap.org/way/1297421555,Palm Village Hotel,Gampaha,Sandy Beach,active_unverified
pl_osm_d091da7204,openstreetmap,node,633745117,osm:node:633745117,https://www.openstreetmap.org/node/633745117,Ranpokunagama Viharaya,Gampaha,Buddhist Temple,active_unverified
pl_osm_e6d875660c,openstreetmap,node,1269994734,osm:node:1269994734,https://www.openstreetmap.org/node/1269994734,Angurukaramulla Temple,Gampaha,Buddhist Temple,active_unverified
pl_osm_7b3d9e4a61,openstreetmap,node,1270007311,osm:node:1270007311,https://www.openstreetmap.org/node/1270007311,Sri Wisuddarama Viharaya,Gampaha,Buddhist Temple,active_unverified
pl_osm_c5369d68d9,openstreetmap,node,1292892201,osm:node:1292892201,https://www.openstreetmap.org/node/1292892201,Nagawanaram Temple,Gampaha,Buddhist Temple,active_unverified
pl_osm_e01978b20b,openstreetmap,node,1370722305,osm:node:1370722305,https://www.openstreetmap.org/node/1370722305,Ihalagama Sugatharamaya,Gampaha,Buddhist Temple,active_unverified
pl_osm_13388b15f3,openstreetmap,node,1571683688,osm:node:1571683688,https://www.openstreetmap.org/node/1571683688,Nissaraṇa Forest Monastery,Gampaha,Buddhist Temple,active_unverified
pl_osm_c432336668,openstreetmap,node,1623940137,osm:node:1623940137,https://www.openstreetmap.org/node/1623940137,Jayasudharshanaramaya,Gampaha,Buddhist Temple,active_unverified
pl_osm_342ab245fc,openstreetmap,node,1678269042,osm:node:1678269042,https://www.openstreetmap.org/node/1678269042,Sri Swarnathilakaramaya,Gampaha,Buddhist Temple,active_unverified
pl_osm_c31fc634cf,openstreetmap,node,1678271630,osm:node:1678271630,https://www.openstreetmap.org/node/1678271630,Sri Nagarukkaramaya,Gampaha,Buddhist Temple,active_unverified
pl_osm_e54c287d18,openstreetmap,node,1733768190,osm:node:1733768190,https://www.openstreetmap.org/node/1733768190,Bothale Sri Gotabhaya Raja Maha Viharaya,Gampaha,Buddhist Temple,active_unverified
pl_osm_09ce1cea4d,openstreetmap,node,1798407508,osm:node:1798407508,https://www.openstreetmap.org/node/1798407508,kinithunagala aranya,Gampaha,Buddhist Temple,active_unverified
pl_osm_a07a341d05,openstreetmap,node,1807902918,osm:node:1807902918,https://www.openstreetmap.org/node/1807902918,Subadraramaya Temple,Gampaha,Buddhist Temple,active_unverified
pl_osm_e5e582a1ce,openstreetmap,node,1843473648,osm:node:1843473648,https://www.openstreetmap.org/node/1843473648,Sri Wardanaramaya,Gampaha,Buddhist Temple,active_unverified
pl_osm_071a8e3c75,openstreetmap,node,1843491238,osm:node:1843491238,https://www.openstreetmap.org/node/1843491238,Sri Shaila Chaithyarama Purana Viharaya,Gampaha,Buddhist Temple,active_unverified
pl_osm_25a02ff1aa,openstreetmap,node,1843603532,osm:node:1843603532,https://www.openstreetmap.org/node/1843603532,Somalankaramaya,Gampaha,Buddhist Temple,active_unverified
pl_osm_7ab57a1a5d,openstreetmap,node,1843603970,osm:node:1843603970,https://www.openstreetmap.org/node/1843603970,Ahugammana Sri Sudharmaramaya,Gampaha,Buddhist Temple,active_unverified
pl_osm_4a4ddd8add,openstreetmap,node,1899707164,osm:node:1899707164,https://www.openstreetmap.org/node/1899707164,Sri Wardhanaramaya,Gampaha,Buddhist Temple,active_unverified
pl_osm_a13626ca34,openstreetmap,node,1901979576,osm:node:1901979576,https://www.openstreetmap.org/node/1901979576,Mulagandhikuti Viharaya,Gampaha,Buddhist Temple,active_unverified
pl_osm_b127454a1d,openstreetmap,node,1903781414,osm:node:1903781414,https://www.openstreetmap.org/node/1903781414,Sri Premaramaya,Gampaha,Buddhist Temple,active_unverified
pl_osm_c5d6ea13b0,openstreetmap,node,1909489380,osm:node:1909489380,https://www.openstreetmap.org/node/1909489380,Purana Viharaya,Gampaha,Buddhist Temple,active_unverified
pl_osm_fb2e0955c9,openstreetmap,node,1909618653,osm:node:1909618653,https://www.openstreetmap.org/node/1909618653,Pulinathararamaya,Gampaha,Buddhist Temple,active_unverified
pl_osm_ed94f70c68,openstreetmap,node,2101145738,osm:node:2101145738,https://www.openstreetmap.org/node/2101145738,Gale Pansala,Gampaha,Buddhist Temple,active_unverified
pl_osm_99bd46ad09,openstreetmap,node,2101145740,osm:node:2101145740,https://www.openstreetmap.org/node/2101145740,Abhinawaramaya,Gampaha,Buddhist Temple,active_unverified
pl_osm_22f554ece2,openstreetmap,node,2101207623,osm:node:2101207623,https://www.openstreetmap.org/node/2101207623,Abeysekararamaya,Gampaha,Buddhist Temple,active_unverified
pl_osm_67cd79b732,openstreetmap,node,2347272766,osm:node:2347272766,https://www.openstreetmap.org/node/2347272766,Giridara Purana Viharaya,Gampaha,Buddhist Temple,active_unverified
pl_osm_eb83ff87ce,openstreetmap,node,2347291971,osm:node:2347291971,https://www.openstreetmap.org/node/2347291971,Liyanegama Temple,Gampaha,Buddhist Temple,active_unverified
pl_osm_daee27786a,openstreetmap,node,2596442778,osm:node:2596442778,https://www.openstreetmap.org/node/2596442778,Kalyana Pradeepa Pirivena Delgoda,Gampaha,Buddhist Temple,active_unverified
pl_osm_8570414cf1,openstreetmap,node,2602610892,osm:node:2602610892,https://www.openstreetmap.org/node/2602610892,Sri Kalyana Ashramaya Temple,Gampaha,Buddhist Temple,active_unverified
pl_osm_815ee2bbc8,openstreetmap,node,2678380516,osm:node:2678380516,https://www.openstreetmap.org/node/2678380516,වල්පොල පන්සල,Gampaha,Buddhist Temple,active_unverified
pl_osm_9e81910d59,openstreetmap,node,2800749434,osm:node:2800749434,https://www.openstreetmap.org/node/2800749434,Maligatenna Raja Mahaviharaya,Gampaha,Buddhist Temple,active_unverified
pl_osm_522a748d95,openstreetmap,node,2800749435,osm:node:2800749435,https://www.openstreetmap.org/node/2800749435,Pilikuttuwa,Gampaha,Buddhist Temple,active_unverified
pl_osm_b6b40b3d16,openstreetmap,node,3032241933,osm:node:3032241933,https://www.openstreetmap.org/node/3032241933,Magalegoda Temple,Gampaha,Buddhist Temple,active_unverified
pl_osm_ca0b448b11,openstreetmap,node,3336400886,osm:node:3336400886,https://www.openstreetmap.org/node/3336400886,Mahindarama temple,Gampaha,Buddhist Temple,active_unverified
pl_osm_8d13e0d7c1,openstreetmap,node,3370032783,osm:node:3370032783,https://www.openstreetmap.org/node/3370032783,abesekararamaya,Gampaha,Buddhist Temple,active_unverified
pl_osm_d8e8627890,openstreetmap,node,3403175031,osm:node:3403175031,https://www.openstreetmap.org/node/3403175031,Neegrodharamaya,Gampaha,Buddhist Temple,active_unverified
pl_osm_18a52ea4a4,openstreetmap,node,3403245220,osm:node:3403245220,https://www.openstreetmap.org/node/3403245220,Dharmakara Piriven Viharaya,Gampaha,Buddhist Temple,active_unverified
pl_osm_40f9031d31,openstreetmap,node,3410001594,osm:node:3410001594,https://www.openstreetmap.org/node/3410001594,ශ්‍රී පුණ්‍යවර්ධනාරාම විහාරය,Gampaha,Buddhist Temple,active_unverified
pl_osm_ce4adb146a,openstreetmap,node,3470869404,osm:node:3470869404,https://www.openstreetmap.org/node/3470869404,Sri Sucharitharmaya,Gampaha,Buddhist Temple,active_unverified
pl_osm_3f296f5daf,openstreetmap,node,3474563755,osm:node:3474563755,https://www.openstreetmap.org/node/3474563755,Sri Sambodhi Viharaya,Gampaha,Buddhist Temple,active_unverified
pl_osm_e4ee663528,openstreetmap,node,3537669664,osm:node:3537669664,https://www.openstreetmap.org/node/3537669664,Vidyakara Piriwen Viharaya,Gampaha,Buddhist Temple,active_unverified
pl_osm_7429eca13a,openstreetmap,node,3578408587,osm:node:3578408587,https://www.openstreetmap.org/node/3578408587,Sri Shasana Wardhana Piriwen Viharaya,Gampaha,Buddhist Temple,active_unverified
pl_osm_ba450bd3c4,openstreetmap,node,3643550345,osm:node:3643550345,https://www.openstreetmap.org/node/3643550345,Bemmulla Sri Wardana Priwena,Gampaha,Buddhist Temple,active_unverified
pl_osm_256115c681,openstreetmap,node,3645086389,osm:node:3645086389,https://www.openstreetmap.org/node/3645086389,Ganekanda Purana Rajamaha Viharaya Aluthepola,Gampaha,Buddhist Temple,active_unverified
pl_osm_337a86fdc9,openstreetmap,node,3714954202,osm:node:3714954202,https://www.openstreetmap.org/node/3714954202,Uruwala Sabhawe Viharaya,Gampaha,Buddhist Temple,active_unverified
pl_osm_1f203c9522,openstreetmap,node,3716277904,osm:node:3716277904,https://www.openstreetmap.org/node/3716277904,Guruge Viharaya,Gampaha,Buddhist Temple,active_unverified
pl_osm_4e9bc9e927,openstreetmap,node,3716322100,osm:node:3716322100,https://www.openstreetmap.org/node/3716322100,Ven. Bandarawela Amithananda Temple,Gampaha,Buddhist Temple,active_unverified
pl_osm_16b7b99134,openstreetmap,node,3724305614,osm:node:3724305614,https://www.openstreetmap.org/node/3724305614,Viwekaramaya Temple,Gampaha,Buddhist Temple,active_unverified
pl_osm_8c91994902,openstreetmap,node,3731590342,osm:node:3731590342,https://www.openstreetmap.org/node/3731590342,Nawana Kurunayakaramaya,Gampaha,Buddhist Temple,active_unverified
pl_osm_7d6aa06457,openstreetmap,node,3731593255,osm:node:3731593255,https://www.openstreetmap.org/node/3731593255,Nawana Srisidhdharamaya,Gampaha,Buddhist Temple,active_unverified
pl_osm_66744b7058,openstreetmap,node,3737955963,osm:node:3737955963,https://www.openstreetmap.org/node/3737955963,Gongithota Sathdharmaramaya Temple,Gampaha,Buddhist Temple,active_unverified
pl_osm_bb5debac18,openstreetmap,node,3800382938,osm:node:3800382938,https://www.openstreetmap.org/node/3800382938,Tenple,Gampaha,Buddhist Temple,active_unverified
pl_osm_c35b3b4739,openstreetmap,node,3810756651,osm:node:3810756651,https://www.openstreetmap.org/node/3810756651,Kaduboda vivekaramaya,Gampaha,Buddhist Temple,active_unverified
pl_osm_62591c10d6,openstreetmap,node,3836034867,osm:node:3836034867,https://www.openstreetmap.org/node/3836034867,Warana Rajamaha Viharaya,Gampaha,Buddhist Temple,active_unverified
pl_osm_678087afdb,openstreetmap,node,3845972460,osm:node:3845972460,https://www.openstreetmap.org/node/3845972460,Abinawarama Viharaya,Gampaha,Buddhist Temple,active_unverified
pl_osm_4eca5b0533,openstreetmap,node,3864518043,osm:node:3864518043,https://www.openstreetmap.org/node/3864518043,Sri Nalikerarama Purana Viharaya,Gampaha,Buddhist Temple,active_unverified
pl_osm_ec2dcb306c,openstreetmap,node,3894826848,osm:node:3894826848,https://www.openstreetmap.org/node/3894826848,Buddha statue in Mahawela Junction,Gampaha,Buddhist Temple,active_unverified
pl_osm_189a72da66,openstreetmap,node,4036195269,osm:node:4036195269,https://www.openstreetmap.org/node/4036195269,Sri Sumangala Weerasingharamaya,Gampaha,Buddhist Temple,active_unverified
pl_osm_7a1a410a57,openstreetmap,node,4052414589,osm:node:4052414589,https://www.openstreetmap.org/node/4052414589,Kettharama Purana Viharaya,Gampaha,Buddhist Temple,active_unverified
pl_osm_b732b78ec9,openstreetmap,node,4074738121,osm:node:4074738121,https://www.openstreetmap.org/node/4074738121,Bopeththa Temple,Gampaha,Buddhist Temple,active_unverified
pl_osm_3b8c8acd0f,openstreetmap,node,4231200208,osm:node:4231200208,https://www.openstreetmap.org/node/4231200208,Sri Sugatharama Temple,Gampaha,Buddhist Temple,active_unverified
pl_osm_673036d8a7,openstreetmap,node,4231564300,osm:node:4231564300,https://www.openstreetmap.org/node/4231564300,Sri Dhammapali Sil Arama,Gampaha,Buddhist Temple,active_unverified
pl_osm_8424747b92,openstreetmap,node,4236907115,osm:node:4236907115,https://www.openstreetmap.org/node/4236907115,Muthuwadiya Sri Wisuddharamaya,Gampaha,Buddhist Temple,active_unverified
pl_osm_384c69b6e2,openstreetmap,node,4242403431,osm:node:4242403431,https://www.openstreetmap.org/node/4242403431,Raddolugama Bodiya,Gampaha,Buddhist Temple,active_unverified
pl_osm_8eb4182947,openstreetmap,node,4255617994,osm:node:4255617994,https://www.openstreetmap.org/node/4255617994,Sri Bodhi maluwa,Gampaha,Buddhist Temple,active_unverified
pl_osm_f7cef4ecdb,openstreetmap,node,4313753730,osm:node:4313753730,https://www.openstreetmap.org/node/4313753730,Bodhiya,Gampaha,Buddhist Temple,active_unverified
pl_osm_6c1e6ebd78,openstreetmap,node,4333442524,osm:node:4333442524,https://www.openstreetmap.org/node/4333442524,Indigolla Temple,Gampaha,Buddhist Temple,active_unverified
pl_osm_64f65a9b39,openstreetmap,node,4350782598,osm:node:4350782598,https://www.openstreetmap.org/node/4350782598,Pettagankanda Aranya Senasanaya,Gampaha,Buddhist Temple,active_unverified
pl_osm_4a6f254a5c,openstreetmap,node,4350789693,osm:node:4350789693,https://www.openstreetmap.org/node/4350789693,Kamburagalla Bodirukkaramaya,Gampaha,Buddhist Temple,active_unverified
pl_osm_f7839fe5e2,openstreetmap,node,4350789695,osm:node:4350789695,https://www.openstreetmap.org/node/4350789695,Sri Ariyanandanaramaya,Gampaha,Buddhist Temple,active_unverified
pl_osm_1d128ef5b7,openstreetmap,node,4352137293,osm:node:4352137293,https://www.openstreetmap.org/node/4352137293,Ratambale Temple,Gampaha,Buddhist Temple,active_unverified
pl_osm_0d5abe462f,openstreetmap,node,4352137391,osm:node:4352137391,https://www.openstreetmap.org/node/4352137391,Gothami Aramaya,Gampaha,Buddhist Temple,active_unverified
pl_osm_501ac2fb1f,openstreetmap,node,4352143790,osm:node:4352143790,https://www.openstreetmap.org/node/4352143790,Abhinawarama Temple,Gampaha,Buddhist Temple,active_unverified
pl_osm_f7f7a1fa54,openstreetmap,node,4416334748,osm:node:4416334748,https://www.openstreetmap.org/node/4416334748,Waboda Temple,Gampaha,Buddhist Temple,active_unverified
pl_osm_1f9f36d0d0,openstreetmap,node,4435668690,osm:node:4435668690,https://www.openstreetmap.org/node/4435668690,Vidyananda Piriven Maha Viharaya,Gampaha,Buddhist Temple,active_unverified
pl_osm_4d0bc96700,openstreetmap,node,4441950138,osm:node:4441950138,https://www.openstreetmap.org/node/4441950138,Sri Jayathilakarama Viharaya,Gampaha,Buddhist Temple,active_unverified
pl_osm_2944d17d84,openstreetmap,node,4441951674,osm:node:4441951674,https://www.openstreetmap.org/node/4441951674,Gal Edanda Rajamaha Viharaya,Gampaha,Buddhist Temple,active_unverified
pl_osm_16701032c8,openstreetmap,node,4451080198,osm:node:4451080198,https://www.openstreetmap.org/node/4451080198,Sri Sumanarama Temple,Gampaha,Buddhist Temple,active_unverified
pl_osm_ba9b3c3f74,openstreetmap,node,4452397119,osm:node:4452397119,https://www.openstreetmap.org/node/4452397119,Sunethraramaya,Gampaha,Buddhist Temple,active_unverified
pl_osm_2b616751b5,openstreetmap,node,4476508488,osm:node:4476508488,https://www.openstreetmap.org/node/4476508488,Sugatharamaya,Gampaha,Buddhist Temple,active_unverified
pl_osm_3d73dee789,openstreetmap,node,4481072330,osm:node:4481072330,https://www.openstreetmap.org/node/4481072330,Sri Bimbarama Viharaya,Gampaha,Buddhist Temple,active_unverified
pl_osm_8d9f8da901,openstreetmap,node,4497804225,osm:node:4497804225,https://www.openstreetmap.org/node/4497804225,Jathyanthara Baudda Madyasthanaya,Gampaha,Buddhist Temple,active_unverified
pl_osm_0735339bee,openstreetmap,node,4833927077,osm:node:4833927077,https://www.openstreetmap.org/node/4833927077,Siri Sasanodayaramaya,Gampaha,Buddhist Temple,active_unverified
pl_osm_b4237d8089,openstreetmap,node,4878217751,osm:node:4878217751,https://www.openstreetmap.org/node/4878217751,Aththanagalla Rajamaha Viharaya,Gampaha,Buddhist Temple,active_unverified
pl_osm_51c58d7601,openstreetmap,node,4934024340,osm:node:4934024340,https://www.openstreetmap.org/node/4934024340,Atupothadeniya Purana Tempita Viharaya,Gampaha,Buddhist Temple,active_unverified
pl_osm_23dcf55b06,openstreetmap,node,4988714124,osm:node:4988714124,https://www.openstreetmap.org/node/4988714124,Sri Jayasumanaramaya,Gampaha,Buddhist Temple,active_unverified
pl_osm_4cd28e6d5c,openstreetmap,node,5112385574,osm:node:5112385574,https://www.openstreetmap.org/node/5112385574,Sri Wiwekaramaya,Gampaha,Buddhist Temple,active_unverified
pl_osm_548f9c128b,openstreetmap,node,5112448776,osm:node:5112448776,https://www.openstreetmap.org/node/5112448776,Sri Bodhi Viharaya,Gampaha,Buddhist Temple,active_unverified
pl_osm_80cec5cda9,openstreetmap,node,5162691309,osm:node:5162691309,https://www.openstreetmap.org/node/5162691309,Gangaramaya,Gampaha,Buddhist Temple,active_unverified
pl_osm_1b9240c841,openstreetmap,node,5205921571,osm:node:5205921571,https://www.openstreetmap.org/node/5205921571,"Sri Munindarama Temple, Halpe",Gampaha,Buddhist Temple,active_unverified
pl_osm_a16ba70083,openstreetmap,node,5226490389,osm:node:5226490389,https://www.openstreetmap.org/node/5226490389,Borukgamuwa Alokarama Ancient Temple,Gampaha,Buddhist Temple,active_unverified
pl_osm_6245867d08,openstreetmap,node,5226506240,osm:node:5226506240,https://www.openstreetmap.org/node/5226506240,Walbolana Wickramashila Widarshana Pirivena,Gampaha,Buddhist Temple,active_unverified
pl_osm_f94d4b1e61,openstreetmap,node,5260355079,osm:node:5260355079,https://www.openstreetmap.org/node/5260355079,Lord Buddha Statue,Gampaha,Buddhist Temple,active_unverified
pl_osm_452847faff,openstreetmap,node,5263891754,osm:node:5263891754,https://www.openstreetmap.org/node/5263891754,"Viradagala,Sri Sayilathrarama Viharasthanaya,",Gampaha,Buddhist Temple,active_unverified
pl_osm_00a27f58c8,openstreetmap,node,5283937109,osm:node:5283937109,https://www.openstreetmap.org/node/5283937109,Sri Gnanarama Tripitaka Dharmayathanaya,Gampaha,Buddhist Temple,active_unverified
pl_osm_ffa1ad3889,openstreetmap,node,5283973444,osm:node:5283973444,https://www.openstreetmap.org/node/5283973444,Kithulakanda Bodimalu Bhikkshuni Aaramaya,Gampaha,Buddhist Temple,active_unverified
pl_osm_a2f9c12a77,openstreetmap,node,5283973445,osm:node:5283973445,https://www.openstreetmap.org/node/5283973445,Maligatenna Aranya Senasanaya,Gampaha,Buddhist Temple,active_unverified
pl_osm_fd37c817e8,openstreetmap,node,5561430857,osm:node:5561430857,https://www.openstreetmap.org/node/5561430857,Mankada Temple,Gampaha,Buddhist Temple,active_unverified
pl_osm_053f8a3756,openstreetmap,node,5596210928,osm:node:5596210928,https://www.openstreetmap.org/node/5596210928,Samadhi Pilimaya,Gampaha,Buddhist Temple,active_unverified
pl_osm_84b7279a32,openstreetmap,node,5880872954,osm:node:5880872954,https://www.openstreetmap.org/node/5880872954,Gaspe Sri Jayawardanaramaya Rajayama Viharaya,Gampaha,Buddhist Temple,active_unverified
pl_osm_d2f419e1c2,openstreetmap,node,5880872955,osm:node:5880872955,https://www.openstreetmap.org/node/5880872955,Muddaragama Chethiyaramaya,Gampaha,Buddhist Temple,active_unverified
pl_osm_bc860edef2,openstreetmap,node,6515374376,osm:node:6515374376,https://www.openstreetmap.org/node/6515374376,pohonnaruwa tamble,Gampaha,Buddhist Temple,active_unverified
pl_osm_3867d6bc96,openstreetmap,node,6515387754,osm:node:6515387754,https://www.openstreetmap.org/node/6515387754,Kudagahapitiya Sri Sambodhi Viharaya,Gampaha,Buddhist Temple,active_unverified
pl_osm_85a0cfa019,openstreetmap,node,7903923992,osm:node:7903923992,https://www.openstreetmap.org/node/7903923992,Bodhi Tree,Gampaha,Buddhist Temple,active_unverified
pl_osm_95057d3a23,openstreetmap,node,3431856751,osm:node:3431856751,https://www.openstreetmap.org/node/3431856751,Highway Entrance Monument,Gampaha,Building,active_unverified
pl_osm_76beb85b06,openstreetmap,node,4087936840,osm:node:4087936840,https://www.openstreetmap.org/node/4087936840,Navy War Heros Monument,Gampaha,Building,active_unverified
pl_osm_2abf32a120,openstreetmap,way,847034837,osm:way:847034837,https://www.openstreetmap.org/way/847034837,Thousand Buddha Hall,Gampaha,Building,active_unverified
pl_osm_c828a36cc8,openstreetmap,node,2143491527,osm:node:2143491527,https://www.openstreetmap.org/node/2143491527,Rukmani Devi Statue,Gampaha,Building,active_unverified
pl_osm_93bf64c6a1,openstreetmap,node,4162677279,osm:node:4162677279,https://www.openstreetmap.org/node/4162677279,Samarakkodi Aramaya pagoda,Gampaha,Building,active_unverified
pl_osm_93e5a5710f,openstreetmap,node,7903923990,osm:node:7903923990,https://www.openstreetmap.org/node/7903923990,Maithree Bodhisattva Statue,Gampaha,Building,active_unverified
pl_osm_f014630cf1,openstreetmap,node,9883236031,osm:node:9883236031,https://www.openstreetmap.org/node/9883236031,Bandaranayake Memorial Hall,Gampaha,Building,active_unverified
pl_osm_13bf83c78a,openstreetmap,node,13510171880,osm:node:13510171880,https://www.openstreetmap.org/node/13510171880,J.B. Vistarini,Gampaha,Building,active_unverified
pl_osm_007544641c,openstreetmap,node,14031980025,osm:node:14031980025,https://www.openstreetmap.org/node/14031980025,War Heroes Memorial Kamburugoda,Gampaha,Building,active_unverified
pl_osm_9d6dca06e3,openstreetmap,way,847034819,osm:way:847034819,https://www.openstreetmap.org/way/847034819,Avalokitheschwara Statue,Gampaha,Building,active_unverified
pl_osm_bfd3c935d5,openstreetmap,node,1268335753,osm:node:1268335753,https://www.openstreetmap.org/node/1268335753,St. Phillip Church,Gampaha,Church,active_unverified
pl_osm_5f2ef91405,openstreetmap,node,1268340410,osm:node:1268340410,https://www.openstreetmap.org/node/1268340410,Penticost Church,Gampaha,Church,active_unverified
pl_osm_f723949907,openstreetmap,node,1268340435,osm:node:1268340435,https://www.openstreetmap.org/node/1268340435,St. Jude's Church,Gampaha,Church,active_unverified
pl_osm_b58506cf88,openstreetmap,node,1269985593,osm:node:1269985593,https://www.openstreetmap.org/node/1269985593,St. Joseph's Pamunugama,Gampaha,Church,active_unverified
pl_osm_335d386147,openstreetmap,node,1278078707,osm:node:1278078707,https://www.openstreetmap.org/node/1278078707,Holly Cross Church,Gampaha,Church,active_unverified
pl_osm_d58913713f,openstreetmap,node,1278169341,osm:node:1278169341,https://www.openstreetmap.org/node/1278169341,St. Marry's Church,Gampaha,Church,active_unverified
pl_osm_87a11110de,openstreetmap,node,1285552391,osm:node:1285552391,https://www.openstreetmap.org/node/1285552391,St. Jude Church,Gampaha,Church,active_unverified
pl_osm_1c0672f32a,openstreetmap,node,1285552469,osm:node:1285552469,https://www.openstreetmap.org/node/1285552469,St. Anthony's Church Batagama,Gampaha,Church,active_unverified
pl_osm_2f23bfc81b,openstreetmap,node,1840750594,osm:node:1840750594,https://www.openstreetmap.org/node/1840750594,Kadawatha Church,Gampaha,Church,active_unverified
pl_osm_030ec52f7a,openstreetmap,node,2101191733,osm:node:2101191733,https://www.openstreetmap.org/node/2101191733,St.Francis Xavier,Gampaha,Church,active_unverified
pl_osm_07e093d54c,openstreetmap,node,2212541161,osm:node:2212541161,https://www.openstreetmap.org/node/2212541161,St. Sebastian's Shrine,Gampaha,Church,active_unverified
pl_osm_df86cbe4d9,openstreetmap,node,2362887712,osm:node:2362887712,https://www.openstreetmap.org/node/2362887712,Basilica of Our Lady of Lanka,Gampaha,Church,active_unverified
pl_osm_111867f338,openstreetmap,node,3323507941,osm:node:3323507941,https://www.openstreetmap.org/node/3323507941,St. Mary's Church Nayakakanda,Gampaha,Church,active_unverified
pl_osm_b9a9f54201,openstreetmap,node,3686547949,osm:node:3686547949,https://www.openstreetmap.org/node/3686547949,"St. Sebasthiyan Church, Enderamulla",Gampaha,Church,active_unverified
pl_osm_480f4a878b,openstreetmap,node,3708853584,osm:node:3708853584,https://www.openstreetmap.org/node/3708853584,"St' Mary's Chruch, Mabola, Wattala.",Gampaha,Church,active_unverified
pl_osm_b81dc84d81,openstreetmap,node,3905845362,osm:node:3905845362,https://www.openstreetmap.org/node/3905845362,Jesue statue,Gampaha,Church,active_unverified
pl_osm_484c2989b0,openstreetmap,node,4047591214,osm:node:4047591214,https://www.openstreetmap.org/node/4047591214,christ statue,Gampaha,Church,active_unverified
pl_osm_bcb7bb3f70,openstreetmap,node,4235152621,osm:node:4235152621,https://www.openstreetmap.org/node/4235152621,Supawath Arana Romanu Catholic,Gampaha,Church,active_unverified
pl_osm_cbc2d3c9cc,openstreetmap,node,4253825859,osm:node:4253825859,https://www.openstreetmap.org/node/4253825859,Methodis Church,Gampaha,Church,active_unverified
pl_osm_4cf3deeaba,openstreetmap,node,4331975590,osm:node:4331975590,https://www.openstreetmap.org/node/4331975590,St/ Mariya Church Kalahugoda,Gampaha,Church,active_unverified
pl_osm_cd6c3062cf,openstreetmap,node,4333442523,osm:node:4333442523,https://www.openstreetmap.org/node/4333442523,Indigolla Church,Gampaha,Church,active_unverified
pl_osm_c694de08df,openstreetmap,node,5203576541,osm:node:5203576541,https://www.openstreetmap.org/node/5203576541,Holy Cross Church,Gampaha,Church,active_unverified
pl_osm_d17e1d687d,openstreetmap,node,7731395637,osm:node:7731395637,https://www.openstreetmap.org/node/7731395637,St Joseph's Church Kerawalapitiya,Gampaha,Church,active_unverified
pl_osm_cea21eec85,openstreetmap,node,8644057736,osm:node:8644057736,https://www.openstreetmap.org/node/8644057736,Mallawagedara Church,Gampaha,Church,active_unverified
pl_osm_0275a0e59d,openstreetmap,node,9883236403,osm:node:9883236403,https://www.openstreetmap.org/node/9883236403,St.Michail church,Gampaha,Church,active_unverified
pl_osm_94af48ed6f,openstreetmap,node,11274075524,osm:node:11274075524,https://www.openstreetmap.org/node/11274075524,"St.Lazarus Church,Kurukulawa",Gampaha,Church,active_unverified
pl_osm_5001ee8ca5,openstreetmap,node,12020745299,osm:node:12020745299,https://www.openstreetmap.org/node/12020745299,Thaldiyawatte Church,Gampaha,Church,active_unverified
pl_osm_912625768a,openstreetmap,node,13463351748,osm:node:13463351748,https://www.openstreetmap.org/node/13463351748,S.F.C. Family Church,Gampaha,Church,active_unverified
pl_osm_d6c58ba6f8,openstreetmap,node,13516647333,osm:node:13516647333,https://www.openstreetmap.org/node/13516647333,"St. Maria Goretti Church, Kindigoda",Gampaha,Church,active_unverified
pl_osm_9d2a4820c2,openstreetmap,node,13754376701,osm:node:13754376701,https://www.openstreetmap.org/node/13754376701,Nawimana Forest Monastery,Gampaha,Church,active_unverified
pl_osm_89f8284161,openstreetmap,way,97904997,osm:way:97904997,https://www.openstreetmap.org/way/97904997,Palliyawatta,Gampaha,Church,active_unverified
pl_osm_d836f39f60,openstreetmap,way,227964238,osm:way:227964238,https://www.openstreetmap.org/way/227964238,Uluambalama Church,Gampaha,Church,active_unverified
pl_osm_009ee2c79f,openstreetmap,way,228981160,osm:way:228981160,https://www.openstreetmap.org/way/228981160,Holy Rosary Church,Gampaha,Church,active_unverified
pl_osm_e0b3e41062,openstreetmap,way,262171337,osm:way:262171337,https://www.openstreetmap.org/way/262171337,Tudella Adakkala Matha Church,Gampaha,Church,active_unverified
pl_osm_b377133f31,openstreetmap,way,286528460,osm:way:286528460,https://www.openstreetmap.org/way/286528460,Moragoda Church,Gampaha,Church,active_unverified
pl_osm_203ea235ed,openstreetmap,way,287241107,osm:way:287241107,https://www.openstreetmap.org/way/287241107,Miriswaththa church,Gampaha,Church,active_unverified
pl_osm_db0ec6eceb,openstreetmap,way,287246189,osm:way:287246189,https://www.openstreetmap.org/way/287246189,St Anthony's church,Gampaha,Church,active_unverified
pl_osm_c605d5fb79,openstreetmap,way,320966657,osm:way:320966657,https://www.openstreetmap.org/way/320966657,St.Stephen Church,Gampaha,Church,active_unverified
pl_osm_e30d560d98,openstreetmap,way,376324117,osm:way:376324117,https://www.openstreetmap.org/way/376324117,Polgahawaththa Church,Gampaha,Church,active_unverified
pl_osm_d0d11116b5,openstreetmap,way,376962354,osm:way:376962354,https://www.openstreetmap.org/way/376962354,St. Philips Near's church,Gampaha,Church,active_unverified
pl_osm_5505b1421b,openstreetmap,way,377272831,osm:way:377272831,https://www.openstreetmap.org/way/377272831,Shuddhau Paule Dewsthanaya Kossinna,Gampaha,Church,active_unverified
pl_osm_75abae8a62,openstreetmap,way,379696747,osm:way:379696747,https://www.openstreetmap.org/way/379696747,"Holy Rosary Church, Dehiyagatha",Gampaha,Church,active_unverified
pl_osm_0461d98053,openstreetmap,way,382188222,osm:way:382188222,https://www.openstreetmap.org/way/382188222,Calvary Church,Gampaha,Church,active_unverified
pl_osm_4fb0087c05,openstreetmap,way,386433264,osm:way:386433264,https://www.openstreetmap.org/way/386433264,Suruwama,Gampaha,Church,active_unverified
pl_osm_255b9b6f2a,openstreetmap,way,389830296,osm:way:389830296,https://www.openstreetmap.org/way/389830296,Holy Family Church,Gampaha,Church,active_unverified
pl_osm_22d7f06001,openstreetmap,way,390169693,osm:way:390169693,https://www.openstreetmap.org/way/390169693,Bollatha Sacred Heart Church,Gampaha,Church,active_unverified
pl_osm_615ca3f455,openstreetmap,way,401401349,osm:way:401401349,https://www.openstreetmap.org/way/401401349,St. Anthony Church,Gampaha,Church,active_unverified
pl_osm_28566d0040,openstreetmap,way,403597019,osm:way:403597019,https://www.openstreetmap.org/way/403597019,Holly Yohan Baptics Church,Gampaha,Church,active_unverified
pl_osm_aa77503a19,openstreetmap,way,405870172,osm:way:405870172,https://www.openstreetmap.org/way/405870172,St.Mark's Church,Gampaha,Church,active_unverified
pl_osm_79734a0144,openstreetmap,way,406164107,osm:way:406164107,https://www.openstreetmap.org/way/406164107,"St. Sebastian Church, Dandugama",Gampaha,Church,active_unverified
pl_osm_f8d70b41ff,openstreetmap,way,411593653,osm:way:411593653,https://www.openstreetmap.org/way/411593653,Bapstic Church,Gampaha,Church,active_unverified
pl_osm_1473fbb327,openstreetmap,way,417773079,osm:way:417773079,https://www.openstreetmap.org/way/417773079,Immaculate Heart of St.Mary's Church,Gampaha,Church,active_unverified
pl_osm_49cef19dc1,openstreetmap,way,418905264,osm:way:418905264,https://www.openstreetmap.org/way/418905264,Methodist church Maddagoda,Gampaha,Church,active_unverified
pl_osm_487fabded0,openstreetmap,way,418913102,osm:way:418913102,https://www.openstreetmap.org/way/418913102,Kotugoda St Cajetans Church,Gampaha,Church,active_unverified
pl_osm_45951dc71b,openstreetmap,way,420490975,osm:way:420490975,https://www.openstreetmap.org/way/420490975,Pentecostal Churches,Gampaha,Church,active_unverified
pl_osm_73cd23de63,openstreetmap,way,423766240,osm:way:423766240,https://www.openstreetmap.org/way/423766240,St.Pilip Neri Church Udammita South,Gampaha,Church,active_unverified
pl_osm_c66e9e3096,openstreetmap,way,424882065,osm:way:424882065,https://www.openstreetmap.org/way/424882065,St. Reta church,Gampaha,Church,active_unverified
pl_osm_29db3ac63f,openstreetmap,way,426950147,osm:way:426950147,https://www.openstreetmap.org/way/426950147,St Anthony's Church Bandarawatta,Gampaha,Church,active_unverified
pl_osm_b7b163f949,openstreetmap,way,428133706,osm:way:428133706,https://www.openstreetmap.org/way/428133706,Conastan church,Gampaha,Church,active_unverified
pl_osm_da9196aade,openstreetmap,way,428426141,osm:way:428426141,https://www.openstreetmap.org/way/428426141,St.Joachim's Church,Gampaha,Church,active_unverified
pl_osm_59c8292b1e,openstreetmap,way,428437918,osm:way:428437918,https://www.openstreetmap.org/way/428437918,St.Anne Church,Gampaha,Church,active_unverified
pl_osm_5d96097294,openstreetmap,way,429922158,osm:way:429922158,https://www.openstreetmap.org/way/429922158,Kalwari Church,Gampaha,Church,active_unverified
pl_osm_295a61696c,openstreetmap,way,432072483,osm:way:432072483,https://www.openstreetmap.org/way/432072483,Roman Cathalic Church Galloluwa,Gampaha,Church,active_unverified
pl_osm_0ff6eec4c3,openstreetmap,way,434899463,osm:way:434899463,https://www.openstreetmap.org/way/434899463,Sadasarana Deva Madhura,Gampaha,Church,active_unverified
pl_osm_31724e48fe,openstreetmap,way,531923259,osm:way:531923259,https://www.openstreetmap.org/way/531923259,"st, francis",Gampaha,Church,active_unverified
pl_osm_a10a4b7071,openstreetmap,way,597894055,osm:way:597894055,https://www.openstreetmap.org/way/597894055,"St. Anthony's Church, Muruthana",Gampaha,Church,active_unverified
pl_osm_84e7300984,openstreetmap,way,706510022,osm:way:706510022,https://www.openstreetmap.org/way/706510022,Santa Barbara Church,Gampaha,Church,active_unverified
pl_osm_21db485cd8,openstreetmap,way,722945812,osm:way:722945812,https://www.openstreetmap.org/way/722945812,Mankuliya,Gampaha,Church,active_unverified
pl_osm_905a4dbe2a,openstreetmap,way,737192739,osm:way:737192739,https://www.openstreetmap.org/way/737192739,St. Anne’s Church-Pilapitiya,Gampaha,Church,active_unverified
pl_osm_a1f88218dc,openstreetmap,way,786142189,osm:way:786142189,https://www.openstreetmap.org/way/786142189,Methodist Church - Negombo,Gampaha,Church,active_unverified
pl_osm_f4d579f8e8,openstreetmap,way,927273404,osm:way:927273404,https://www.openstreetmap.org/way/927273404,St. Peter & Paul Church,Gampaha,Church,active_unverified
pl_osm_1bff84321a,openstreetmap,way,928759939,osm:way:928759939,https://www.openstreetmap.org/way/928759939,Palangathurei Church,Gampaha,Church,active_unverified
pl_osm_ccf59a92a6,openstreetmap,way,1177056142,osm:way:1177056142,https://www.openstreetmap.org/way/1177056142,Thewaththa Church,Gampaha,Church,active_unverified
pl_osm_ac4145226f,openstreetmap,way,1338347974,osm:way:1338347974,https://www.openstreetmap.org/way/1338347974,John the Baptist Church,Gampaha,Church,active_unverified
pl_osm_431a79032c,openstreetmap,way,1338494979,osm:way:1338494979,https://www.openstreetmap.org/way/1338494979,Risen Christ Church,Gampaha,Church,active_unverified
pl_osm_7abb392f33,openstreetmap,way,1338494981,osm:way:1338494981,https://www.openstreetmap.org/way/1338494981,St. Sylvester's,Gampaha,Church,active_unverified
pl_osm_0201acbe1b,openstreetmap,way,1338494982,osm:way:1338494982,https://www.openstreetmap.org/way/1338494982,Our Lady of Snows,Gampaha,Church,active_unverified
pl_osm_f0fd86e6d1,openstreetmap,way,1338494983,osm:way:1338494983,https://www.openstreetmap.org/way/1338494983,Pitipanaveediya Church,Gampaha,Church,active_unverified
pl_osm_197eaf49d7,openstreetmap,way,1338494988,osm:way:1338494988,https://www.openstreetmap.org/way/1338494988,St. Francis De Sales Church,Gampaha,Church,active_unverified
pl_osm_b7a40a4cca,openstreetmap,way,1338494989,osm:way:1338494989,https://www.openstreetmap.org/way/1338494989,St. Mary Magdalen,Gampaha,Church,active_unverified
pl_osm_e6061b572d,openstreetmap,way,1338494992,osm:way:1338494992,https://www.openstreetmap.org/way/1338494992,Our Lady of Purification Old Church,Gampaha,Church,active_unverified
pl_osm_8866f52e7a,openstreetmap,way,1338494994,osm:way:1338494994,https://www.openstreetmap.org/way/1338494994,St. Joseph Church,Gampaha,Church,active_unverified
pl_osm_cc0291cf92,openstreetmap,way,1472442017,osm:way:1472442017,https://www.openstreetmap.org/way/1472442017,"St. Mary's Church, Grand Street",Gampaha,Church,active_unverified
pl_osm_ccbc3ebd62,openstreetmap,way,1472511226,osm:way:1472511226,https://www.openstreetmap.org/way/1472511226,Holy Trinity Church,Gampaha,Church,active_unverified
pl_osm_1e74e18f97,openstreetmap,way,1472519767,osm:way:1472519767,https://www.openstreetmap.org/way/1472519767,Our Lady of Sorrows Church,Gampaha,Church,active_unverified
pl_osm_1bef4f7c18,openstreetmap,way,1473347172,osm:way:1473347172,https://www.openstreetmap.org/way/1473347172,Duwa Church,Gampaha,Church,active_unverified
pl_osm_829b2d08ae,openstreetmap,node,3403175027,osm:node:3403175027,https://www.openstreetmap.org/node/3403175027,Kovil,Gampaha,Kovil,active_unverified
pl_osm_2c4516f668,openstreetmap,node,13516097340,osm:node:13516097340,https://www.openstreetmap.org/node/13516097340,Udammita Paththini Devalaya,Gampaha,Kovil,active_unverified
pl_osm_712cfd90fb,openstreetmap,way,357663837,osm:way:357663837,https://www.openstreetmap.org/way/357663837,Galloluwa Dewalaya,Gampaha,Kovil,active_unverified
pl_osm_85175bc110,openstreetmap,way,385216561,osm:way:385216561,https://www.openstreetmap.org/way/385216561,Srivisnu Dewalaya,Gampaha,Kovil,active_unverified
pl_osm_74d37e7d11,openstreetmap,way,403013816,osm:way:403013816,https://www.openstreetmap.org/way/403013816,Nagahamula Bodhiya,Gampaha,Kovil,active_unverified
pl_osm_dd1b2d6870,openstreetmap,way,403013817,osm:way:403013817,https://www.openstreetmap.org/way/403013817,Sri Naghamula Purana Dewalaya,Gampaha,Kovil,active_unverified
pl_osm_54aaee2fdf,openstreetmap,way,432079103,osm:way:432079103,https://www.openstreetmap.org/way/432079103,Devalaya,Gampaha,Kovil,active_unverified
pl_osm_8eb6e5b9ec,openstreetmap,way,433807374,osm:way:433807374,https://www.openstreetmap.org/way/433807374,Sri Sitthi Vinayagar Temple,Gampaha,Kovil,active_unverified
pl_osm_e046a905f3,openstreetmap,way,433807375,osm:way:433807375,https://www.openstreetmap.org/way/433807375,Sri Muthumari Amman Kovil,Gampaha,Kovil,active_unverified
pl_osm_02bb2d8490,openstreetmap,way,787398461,osm:way:787398461,https://www.openstreetmap.org/way/787398461,Kamacchi Amman Temple,Gampaha,Kovil,active_unverified
pl_osm_1c237076d8,openstreetmap,node,1269994680,osm:node:1269994680,https://www.openstreetmap.org/node/1269994680,Fazl Mosque,Gampaha,Mosque,active_unverified
pl_osm_5b6954cb02,openstreetmap,node,2507004946,osm:node:2507004946,https://www.openstreetmap.org/node/2507004946,Mobole Jumma Masjid,Gampaha,Mosque,active_unverified
pl_osm_847945f682,openstreetmap,node,4333341729,osm:node:4333341729,https://www.openstreetmap.org/node/4333341729,Nadun Uyana Mosque,Gampaha,Mosque,active_unverified
pl_osm_1dc6f63210,openstreetmap,node,4333366510,osm:node:4333366510,https://www.openstreetmap.org/node/4333366510,Munas Watta Mosque,Gampaha,Mosque,active_unverified
pl_osm_10865eb799,openstreetmap,node,4333366512,osm:node:4333366512,https://www.openstreetmap.org/node/4333366512,Takkiya Mosque,Gampaha,Mosque,active_unverified
pl_osm_a7200eb903,openstreetmap,node,4333556207,osm:node:4333556207,https://www.openstreetmap.org/node/4333556207,Aluth Para Mosque,Gampaha,Mosque,active_unverified
pl_osm_95fc4b4241,openstreetmap,node,5277505615,osm:node:5277505615,https://www.openstreetmap.org/node/5277505615,Akbar Town Jumma Masjid,Gampaha,Mosque,active_unverified
pl_osm_76fe932fab,openstreetmap,node,14020547897,osm:node:14020547897,https://www.openstreetmap.org/node/14020547897,"Al Masjidus Sook, Kal-Eliya",Gampaha,Mosque,active_unverified
pl_osm_026c58bb15,openstreetmap,way,343504815,osm:way:343504815,https://www.openstreetmap.org/way/343504815,Al-Masjidul Musthafaviyyah Thakkiya,Gampaha,Mosque,active_unverified
pl_osm_ea539168c9,openstreetmap,way,378444304,osm:way:378444304,https://www.openstreetmap.org/way/378444304,Raddolugama Jummah Palliya,Gampaha,Mosque,active_unverified
pl_osm_c6813a8d95,openstreetmap,way,419787419,osm:way:419787419,https://www.openstreetmap.org/way/419787419,Raxapana Jumma Mosque,Gampaha,Mosque,active_unverified
pl_osm_3a7621636e,openstreetmap,way,421157016,osm:way:421157016,https://www.openstreetmap.org/way/421157016,Jumma Masjid Mosque,Gampaha,Mosque,active_unverified
pl_osm_66bb9abb74,openstreetmap,way,433807366,osm:way:433807366,https://www.openstreetmap.org/way/433807366,Kamachchode Jumma Mosque,Gampaha,Mosque,active_unverified
pl_osm_07075efa54,openstreetmap,way,477617366,osm:way:477617366,https://www.openstreetmap.org/way/477617366,Baitul Basit Mosque,Gampaha,Mosque,active_unverified
pl_osm_7db714e637,openstreetmap,way,1453824997,osm:way:1453824997,https://www.openstreetmap.org/way/1453824997,Bangala Watta Mosque,Gampaha,Mosque,active_unverified
pl_osm_6bd474f005,openstreetmap,way,1472511234,osm:way:1472511234,https://www.openstreetmap.org/way/1472511234,Mosque,Gampaha,Mosque,active_unverified
pl_osm_ae0d1fbf55,openstreetmap,way,376324583,osm:way:376324583,https://www.openstreetmap.org/way/376324583,Railway Museum,Gampaha,Museum,active_unverified
pl_osm_7ac1328fcd,openstreetmap,node,4440485990,osm:node:4440485990,https://www.openstreetmap.org/node/4440485990,Travel with mathisha,Gampaha,Other,active_unverified
pl_osm_427c42b526,openstreetmap,node,5230868422,osm:node:5230868422,https://www.openstreetmap.org/node/5230868422,Sanjaya,Gampaha,Other,active_unverified
pl_osm_b067d3de60,openstreetmap,node,5325160023,osm:node:5325160023,https://www.openstreetmap.org/node/5325160023,Lanka Adventure Camp,Gampaha,Other,active_unverified
pl_osm_627d2bb7e4,openstreetmap,node,5898406686,osm:node:5898406686,https://www.openstreetmap.org/node/5898406686,Methodist Church Wattala,Gampaha,Other,active_unverified
pl_osm_fe43941270,openstreetmap,node,7091125991,osm:node:7091125991,https://www.openstreetmap.org/node/7091125991,Kešu,Gampaha,Other,active_unverified
pl_osm_b868c84b94,openstreetmap,node,8292429534,osm:node:8292429534,https://www.openstreetmap.org/node/8292429534,Dikkande Mansion,Gampaha,Other,active_unverified
pl_osm_fde799a73c,openstreetmap,way,691531446,osm:way:691531446,https://www.openstreetmap.org/way/691531446,Club Sha Lanka,Gampaha,Other,active_unverified
pl_osm_469350d551,openstreetmap,way,196057979,osm:way:196057979,https://www.openstreetmap.org/way/196057979,Negombo Dutch Fort,Gampaha,Ruins,active_unverified
pl_osm_fe3157ed5d,openstreetmap,node,660913860,osm:node:660913860,https://www.openstreetmap.org/node/660913860,St.Nicolas Church,Gampaha,Temple,active_unverified
pl_osm_a4544a9b4c,openstreetmap,node,2479912831,osm:node:2479912831,https://www.openstreetmap.org/node/2479912831,Mindu Dhahampasala,Gampaha,Temple,active_unverified
pl_osm_4713630415,openstreetmap,node,2703689455,osm:node:2703689455,https://www.openstreetmap.org/node/2703689455,Sri Jothikaramaya,Gampaha,Temple,active_unverified
pl_osm_de7cc262c7,openstreetmap,node,2703690808,osm:node:2703690808,https://www.openstreetmap.org/node/2703690808,Ganewatte Purana Bodhi Malu Viharaya,Gampaha,Temple,active_unverified
pl_osm_8b29a57d29,openstreetmap,node,4350782594,osm:node:4350782594,https://www.openstreetmap.org/node/4350782594,Viweka Senasanaya,Gampaha,Temple,active_unverified
pl_osm_cd834dcf44,openstreetmap,node,4350867390,osm:node:4350867390,https://www.openstreetmap.org/node/4350867390,Mahamevnawa Monastery,Gampaha,Temple,active_unverified
pl_osm_21595de05a,openstreetmap,node,4439992590,osm:node:4439992590,https://www.openstreetmap.org/node/4439992590,Buddhist Center Kandana,Gampaha,Temple,active_unverified
pl_osm_7efc893dbb,openstreetmap,node,4451079990,osm:node:4451079990,https://www.openstreetmap.org/node/4451079990,"Vebadagalla, Siri Vivekarama Pansala",Gampaha,Temple,active_unverified
pl_osm_4fc2042a2f,openstreetmap,node,2918580550,osm:node:2918580550,https://www.openstreetmap.org/node/2918580550,Birds Research Center & Resort,Hambanthota,Adventure Park,active_unverified
pl_osm_f4bffea29d,openstreetmap,node,4391700339,osm:node:4391700339,https://www.openstreetmap.org/node/4391700339,Turtles View,Hambanthota,Adventure Park,active_unverified
pl_osm_0852cd2d72,openstreetmap,node,4439432082,osm:node:4439432082,https://www.openstreetmap.org/node/4439432082,Marakolliya Beach,Hambanthota,Sandy Beach,active_unverified
pl_osm_e1049fe837,openstreetmap,node,13718452127,osm:node:13718452127,https://www.openstreetmap.org/node/13718452127,Kirinde Beach,Hambanthota,Sandy Beach,active_unverified
pl_osm_5209b90ca2,openstreetmap,node,1818516224,osm:node:1818516224,https://www.openstreetmap.org/node/1818516224,Rangiri Viharaya,Hambanthota,Buddhist Temple,active_unverified
pl_osm_eefb20cc8e,openstreetmap,node,3283589321,osm:node:3283589321,https://www.openstreetmap.org/node/3283589321,Naga Maha Viharaya,Hambanthota,Buddhist Temple,active_unverified
pl_osm_a7c21b9363,openstreetmap,node,1783873595,osm:node:1783873595,https://www.openstreetmap.org/node/1783873595,Tomb of Andare: the Court Jester,Hambanthota,Building,active_unverified
pl_osm_39d7e8d33a,openstreetmap,node,9269381913,osm:node:9269381913,https://www.openstreetmap.org/node/9269381913,War Heroes' Monument,Hambanthota,Building,active_unverified
pl_osm_3da4569f47,openstreetmap,node,1639032179,osm:node:1639032179,https://www.openstreetmap.org/node/1639032179,Tsunami memorial,Hambanthota,Building,active_unverified
pl_osm_139cb7ccde,openstreetmap,node,9451837799,osm:node:9451837799,https://www.openstreetmap.org/node/9451837799,Methodist Church Tangalle,Hambanthota,Church,active_unverified
pl_osm_f35e9d4576,openstreetmap,way,432124821,osm:way:432124821,https://www.openstreetmap.org/way/432124821,Christ Church Tangalla,Hambanthota,Church,active_unverified
pl_osm_d4c31b7f22,openstreetmap,way,1482211404,osm:way:1482211404,https://www.openstreetmap.org/way/1482211404,St Francis of Assisi,Hambanthota,Church,active_unverified
pl_osm_5fc92f46a9,openstreetmap,way,286531851,osm:way:286531851,https://www.openstreetmap.org/way/286531851,Mosque,Hambanthota,Mosque,active_unverified
pl_osm_d2b33fa99b,openstreetmap,node,917949443,osm:node:917949443,https://www.openstreetmap.org/node/917949443,Hummanaya Blow Hole,Hambanthota,Other,active_unverified
pl_osm_2eb5544135,openstreetmap,node,4699139209,osm:node:4699139209,https://www.openstreetmap.org/node/4699139209,Rock Pool,Hambanthota,Other,active_unverified
pl_osm_75e39f85e3,openstreetmap,node,4840725123,osm:node:4840725123,https://www.openstreetmap.org/node/4840725123,Ashram Sri Lanka,Hambanthota,Other,active_unverified
pl_osm_6e516961c5,openstreetmap,node,5627298468,osm:node:5627298468,https://www.openstreetmap.org/node/5627298468,Katuwana Dutch Fort,Hambanthota,Other,active_unverified
pl_osm_f29214b71d,openstreetmap,node,7255150485,osm:node:7255150485,https://www.openstreetmap.org/node/7255150485,Trees with a lot of bats,Hambanthota,Other,active_unverified
pl_osm_f23e2d84e1,openstreetmap,node,12499358801,osm:node:12499358801,https://www.openstreetmap.org/node/12499358801,Kahandamodara beach,Hambanthota,Other,active_unverified
pl_osm_59d767fc37,openstreetmap,way,816769045,osm:way:816769045,https://www.openstreetmap.org/way/816769045,Ridiyagama Safari Park,Hambanthota,Other,active_unverified
pl_osm_f79f890fa1,openstreetmap,node,9133024384,osm:node:9133024384,https://www.openstreetmap.org/node/9133024384,Telulla Archaeological Site,Hambanthota,Ruins,active_unverified
pl_osm_a93e01922c,openstreetmap,node,9133039312,osm:node:9133039312,https://www.openstreetmap.org/node/9133039312,Silapassa Pirivena Archaeological Site,Hambanthota,Ruins,active_unverified
pl_osm_e460b9ba88,openstreetmap,node,9133054679,osm:node:9133054679,https://www.openstreetmap.org/node/9133054679,Yahangala Archaeological Ruins,Hambanthota,Ruins,active_unverified
pl_osm_daa09fde96,openstreetmap,node,12293524549,osm:node:12293524549,https://www.openstreetmap.org/node/12293524549,Akasachaithya Ancient Monastery,Hambanthota,Ruins,active_unverified
pl_osm_f94966a8d1,openstreetmap,node,12310418240,osm:node:12310418240,https://www.openstreetmap.org/node/12310418240,Bembewa Archaeological Site,Hambanthota,Ruins,active_unverified
pl_osm_e4610517e5,openstreetmap,node,12310428142,osm:node:12310428142,https://www.openstreetmap.org/node/12310428142,Dematagala Cave Temple,Hambanthota,Ruins,active_unverified
pl_osm_4711a22639,openstreetmap,node,12310552216,osm:node:12310552216,https://www.openstreetmap.org/node/12310552216,Gonagala Ancient Temple,Hambanthota,Ruins,active_unverified
pl_osm_8558839630,openstreetmap,node,12310552370,osm:node:12310552370,https://www.openstreetmap.org/node/12310552370,Kanabiso Galge Buddhist Monastic Complex,Hambanthota,Ruins,active_unverified
pl_osm_6bececa3d6,openstreetmap,node,12310552371,osm:node:12310552371,https://www.openstreetmap.org/node/12310552371,Kottadamuhela Archaeological Ruins,Hambanthota,Ruins,active_unverified
pl_osm_05493f9436,openstreetmap,node,12310552484,osm:node:12310552484,https://www.openstreetmap.org/node/12310552484,Mandagala Archaeological Ruins,Hambanthota,Ruins,active_unverified
pl_osm_0080c896f2,openstreetmap,node,12310552500,osm:node:12310552500,https://www.openstreetmap.org/node/12310552500,Modaragala Monastic Ruins,Hambanthota,Ruins,active_unverified
pl_osm_5b5e9cd7a2,openstreetmap,node,12310552501,osm:node:12310552501,https://www.openstreetmap.org/node/12310552501,Padikema Ruins,Hambanthota,Ruins,active_unverified
pl_osm_73b7cbad5b,openstreetmap,node,12310552558,osm:node:12310552558,https://www.openstreetmap.org/node/12310552558,Seelawakanda Monastic Ruins,Hambanthota,Ruins,active_unverified
pl_osm_9e2218a98e,openstreetmap,node,12374149862,osm:node:12374149862,https://www.openstreetmap.org/node/12374149862,Handunnoruwa Ancient Site,Hambanthota,Ruins,active_unverified
pl_osm_38828d8c2b,openstreetmap,node,13074409554,osm:node:13074409554,https://www.openstreetmap.org/node/13074409554,Weheragala Ruins,Hambanthota,Ruins,active_unverified
pl_osm_f416a93288,openstreetmap,way,688825057,osm:way:688825057,https://www.openstreetmap.org/way/688825057,Pattiyapola Mahawewa - Irrigable Area,Hambanthota,Tea Estate,active_unverified
pl_osm_8bbf4c4ec6,openstreetmap,node,10781087605,osm:node:10781087605,https://www.openstreetmap.org/node/10781087605,Big standing Buddha,Hambanthota,Temple,active_unverified
pl_osm_bf89098a4b,openstreetmap,node,10781087705,osm:node:10781087705,https://www.openstreetmap.org/node/10781087705,Temple with line of statues of monks in orange,Hambanthota,Temple,active_unverified
pl_osm_c2bea28cac,openstreetmap,node,4794762722,osm:node:4794762722,https://www.openstreetmap.org/node/4794762722,Godavaya wildlife sanctuary viewpoint,Hambanthota,Viewpoint,active_unverified
pl_osm_f82ec71397,openstreetmap,node,5167036321,osm:node:5167036321,https://www.openstreetmap.org/node/5167036321,Abarana Ella,Hambanthota,Viewpoint,active_unverified
pl_osm_1bb2d337b6,openstreetmap,node,7114095185,osm:node:7114095185,https://www.openstreetmap.org/node/7114095185,Bird view point,Hambanthota,Viewpoint,active_unverified
pl_osm_887a91586d,openstreetmap,node,12629722001,osm:node:12629722001,https://www.openstreetmap.org/node/12629722001,Mawella beach,Hambanthota,Viewpoint,active_unverified
pl_osm_d24775f0ff,openstreetmap,way,573924689,osm:way:573924689,https://www.openstreetmap.org/way/573924689,St.Mary's Community Centre Gym Club,Jaffna,Adventure Park,active_unverified
pl_osm_e389e3100f,openstreetmap,way,806716037,osm:way:806716037,https://www.openstreetmap.org/way/806716037,Thumpalai East Beach,Jaffna,Sandy Beach,active_unverified
pl_osm_da8aa470f2,openstreetmap,way,1019081691,osm:way:1019081691,https://www.openstreetmap.org/way/1019081691,Moorkkam beach,Jaffna,Sandy Beach,active_unverified
pl_osm_0e74c30bbb,openstreetmap,node,1642990352,osm:node:1642990352,https://www.openstreetmap.org/node/1642990352,Jambukolapattinam Buddhist Temple,Jaffna,Buddhist Temple,active_unverified
pl_osm_0f7e5d24f6,openstreetmap,node,5225100804,osm:node:5225100804,https://www.openstreetmap.org/node/5225100804,Kadurugoda Buddhist Dagobas,Jaffna,Buddhist Temple,active_unverified
pl_osm_54b3995d50,openstreetmap,node,7851586478,osm:node:7851586478,https://www.openstreetmap.org/node/7851586478,Nagadeepa Viharaya,Jaffna,Buddhist Temple,active_unverified
pl_osm_77a532ce41,openstreetmap,node,11948138527,osm:node:11948138527,https://www.openstreetmap.org/node/11948138527,Sudu Bodiya Nagadeepaya,Jaffna,Buddhist Temple,active_unverified
pl_osm_2725ad21d9,openstreetmap,way,403111883,osm:way:403111883,https://www.openstreetmap.org/way/403111883,Nagapeepa Purana Rajamaha Viharaya,Jaffna,Buddhist Temple,active_unverified
pl_osm_7367eb1df6,openstreetmap,way,412972522,osm:way:412972522,https://www.openstreetmap.org/way/412972522,Sri Naga Vihara - International Buddist Centre,Jaffna,Buddhist Temple,active_unverified
pl_osm_63003feb9a,openstreetmap,way,577993700,osm:way:577993700,https://www.openstreetmap.org/way/577993700,Sri Naga Vihara International Buddist Center,Jaffna,Buddhist Temple,active_unverified
pl_osm_a0e685c993,openstreetmap,node,2059494458,osm:node:2059494458,https://www.openstreetmap.org/node/2059494458,Thileepan Memorial,Jaffna,Building,active_unverified
pl_osm_b4034cef54,openstreetmap,node,6228415614,osm:node:6228415614,https://www.openstreetmap.org/node/6228415614,Ariyalai heritage centennial monument,Jaffna,Building,active_unverified
pl_osm_50f64fb422,openstreetmap,node,10882636005,osm:node:10882636005,https://www.openstreetmap.org/node/10882636005,Jaffna scout group 2016,Jaffna,Building,active_unverified
pl_osm_717d197d18,openstreetmap,node,1729262091,osm:node:1729262091,https://www.openstreetmap.org/node/1729262091,"Gen. Kobbekaduwa Memorial, Arali.",Jaffna,Building,active_unverified
pl_osm_acfd92ccf8,openstreetmap,node,3624232394,osm:node:3624232394,https://www.openstreetmap.org/node/3624232394,The Last Tamil King Sankiliyan's Statue,Jaffna,Building,active_unverified
pl_osm_eff7e2dad5,openstreetmap,node,3922147099,osm:node:3922147099,https://www.openstreetmap.org/node/3922147099,Barathiyar's Statue,Jaffna,Building,active_unverified
pl_osm_04ef174e85,openstreetmap,node,4369428300,osm:node:4369428300,https://www.openstreetmap.org/node/4369428300,Rev.Fr. Thaninayagam Memorial,Jaffna,Building,active_unverified
pl_osm_02a7acb106,openstreetmap,node,4752017922,osm:node:4752017922,https://www.openstreetmap.org/node/4752017922,Thanthai Selva,Jaffna,Building,active_unverified
pl_osm_bce61fd35d,openstreetmap,node,11636110959,osm:node:11636110959,https://www.openstreetmap.org/node/11636110959,Honorable Visvanathar Kasiipillai founder of Sri Barwathy Vidyasalai,Jaffna,Building,active_unverified
pl_osm_09b72a9caf,openstreetmap,way,397205262,osm:way:397205262,https://www.openstreetmap.org/way/397205262,St. Don Bosco Statue,Jaffna,Building,active_unverified
pl_osm_ab87272e9c,openstreetmap,node,3455663312,osm:node:3455663312,https://www.openstreetmap.org/node/3455663312,Yutha Kovil,Jaffna,Church,active_unverified
pl_osm_8186e4bdad,openstreetmap,node,3520078070,osm:node:3520078070,https://www.openstreetmap.org/node/3520078070,St Jame's Church - Former Nallur Temple Destroyed By Invaders,Jaffna,Church,active_unverified
pl_osm_3c6bdbd726,openstreetmap,node,3536472082,osm:node:3536472082,https://www.openstreetmap.org/node/3536472082,St Anthony's Church,Jaffna,Church,active_unverified
pl_osm_10aca49a33,openstreetmap,node,3540566248,osm:node:3540566248,https://www.openstreetmap.org/node/3540566248,Kopay South Church,Jaffna,Church,active_unverified
pl_osm_1954389272,openstreetmap,node,3541640618,osm:node:3541640618,https://www.openstreetmap.org/node/3541640618,Charty Church,Jaffna,Church,active_unverified
pl_osm_0a6d5ff353,openstreetmap,node,3551639693,osm:node:3551639693,https://www.openstreetmap.org/node/3551639693,"St Sebastian's Church, Karampon",Jaffna,Church,active_unverified
pl_osm_a3c701c750,openstreetmap,node,3557337986,osm:node:3557337986,https://www.openstreetmap.org/node/3557337986,Arali Thirchsabai,Jaffna,Church,active_unverified
pl_osm_f1a9a6ad2b,openstreetmap,node,3865747617,osm:node:3865747617,https://www.openstreetmap.org/node/3865747617,Ceylon Pentecostal Mission,Jaffna,Church,active_unverified
pl_osm_d0ecc7e1a2,openstreetmap,node,4451766542,osm:node:4451766542,https://www.openstreetmap.org/node/4451766542,Chirch,Jaffna,Church,active_unverified
pl_osm_50214aa398,openstreetmap,node,4486679709,osm:node:4486679709,https://www.openstreetmap.org/node/4486679709,St.Peter's Church Mandaitivu,Jaffna,Church,active_unverified
pl_osm_0da7e363ac,openstreetmap,node,4520508225,osm:node:4520508225,https://www.openstreetmap.org/node/4520508225,CACM Church,Jaffna,Church,active_unverified
pl_osm_4f497c1f0f,openstreetmap,node,4986625324,osm:node:4986625324,https://www.openstreetmap.org/node/4986625324,St. James' Church,Jaffna,Church,active_unverified
pl_osm_3d6228daee,openstreetmap,node,5052079519,osm:node:5052079519,https://www.openstreetmap.org/node/5052079519,Yesurasa,Jaffna,Church,active_unverified
pl_osm_ff0c8b3b4a,openstreetmap,node,5052079520,osm:node:5052079520,https://www.openstreetmap.org/node/5052079520,Punitha Anthoniyar,Jaffna,Church,active_unverified
pl_osm_4bc0810005,openstreetmap,node,5488425522,osm:node:5488425522,https://www.openstreetmap.org/node/5488425522,Island Church,Jaffna,Church,active_unverified
pl_osm_e068aa430c,openstreetmap,node,7742796518,osm:node:7742796518,https://www.openstreetmap.org/node/7742796518,Thumpalai Loorthumatha church,Jaffna,Church,active_unverified
pl_osm_a498717f0a,openstreetmap,way,129831520,osm:way:129831520,https://www.openstreetmap.org/way/129831520,Philadelphia Church,Jaffna,Church,active_unverified
pl_osm_ae9d31cbfd,openstreetmap,way,221530609,osm:way:221530609,https://www.openstreetmap.org/way/221530609,Saint Jame's Church,Jaffna,Church,active_unverified
pl_osm_9a7a62d1a5,openstreetmap,way,235940124,osm:way:235940124,https://www.openstreetmap.org/way/235940124,St.Xavier Church,Jaffna,Church,active_unverified
pl_osm_b5b01edb3a,openstreetmap,way,392158278,osm:way:392158278,https://www.openstreetmap.org/way/392158278,St.Antony's Church,Jaffna,Church,active_unverified
pl_osm_71dc5daa93,openstreetmap,way,397196951,osm:way:397196951,https://www.openstreetmap.org/way/397196951,St. Henry's Chapel,Jaffna,Church,active_unverified
pl_osm_3e31a97c56,openstreetmap,way,397433065,osm:way:397433065,https://www.openstreetmap.org/way/397433065,St. Anne's Church Ilavalai.,Jaffna,Church,active_unverified
pl_osm_90e8ce6a44,openstreetmap,way,397433893,osm:way:397433893,https://www.openstreetmap.org/way/397433893,St. Jude Church Ilavalai.,Jaffna,Church,active_unverified
pl_osm_3ba5db1bf8,openstreetmap,way,399526931,osm:way:399526931,https://www.openstreetmap.org/way/399526931,Christ Seva Ashram,Jaffna,Church,active_unverified
pl_osm_be0f2e0468,openstreetmap,way,404711424,osm:way:404711424,https://www.openstreetmap.org/way/404711424,St. Anne Reeta Church Ilavalai.,Jaffna,Church,active_unverified
pl_osm_89766283b2,openstreetmap,way,405512328,osm:way:405512328,https://www.openstreetmap.org/way/405512328,Sebastian Kovil,Jaffna,Church,active_unverified
pl_osm_eda1611c62,openstreetmap,way,437280915,osm:way:437280915,https://www.openstreetmap.org/way/437280915,Our Lady of Refuge,Jaffna,Church,active_unverified
pl_osm_b2574a059e,openstreetmap,way,439664793,osm:way:439664793,https://www.openstreetmap.org/way/439664793,"Fatima Church, Pandatharippu",Jaffna,Church,active_unverified
pl_osm_1565b87349,openstreetmap,way,455693542,osm:way:455693542,https://www.openstreetmap.org/way/455693542,St.Joseph's Church,Jaffna,Church,active_unverified
pl_osm_bd2a91a9cb,openstreetmap,way,455892683,osm:way:455892683,https://www.openstreetmap.org/way/455892683,Ceylon South Indian Mission,Jaffna,Church,active_unverified
pl_osm_7be642a899,openstreetmap,way,456137544,osm:way:456137544,https://www.openstreetmap.org/way/456137544,St.Anne's Church,Jaffna,Church,active_unverified
pl_osm_a30c91a7dc,openstreetmap,way,456147462,osm:way:456147462,https://www.openstreetmap.org/way/456147462,St.Peter's Church,Jaffna,Church,active_unverified
pl_osm_6fa2ff3167,openstreetmap,way,456152290,osm:way:456152290,https://www.openstreetmap.org/way/456152290,Bishop House,Jaffna,Church,active_unverified
pl_osm_9cb2e34c1b,openstreetmap,way,463492872,osm:way:463492872,https://www.openstreetmap.org/way/463492872,urumpirai St.michael Church,Jaffna,Church,active_unverified
pl_osm_2462ef92fa,openstreetmap,way,539013436,osm:way:539013436,https://www.openstreetmap.org/way/539013436,Kingdom Hall of Jehovah's Witness,Jaffna,Church,active_unverified
pl_osm_344ac86f67,openstreetmap,way,539093051,osm:way:539093051,https://www.openstreetmap.org/way/539093051,baptist church,Jaffna,Church,active_unverified
pl_osm_92d5f0597b,openstreetmap,way,542113655,osm:way:542113655,https://www.openstreetmap.org/way/542113655,Calvary full gospel church,Jaffna,Church,active_unverified
pl_osm_2b7fa4fbc2,openstreetmap,way,544439162,osm:way:544439162,https://www.openstreetmap.org/way/544439162,Saint Benedict's Church,Jaffna,Church,active_unverified
pl_osm_4faf969ddd,openstreetmap,way,570230200,osm:way:570230200,https://www.openstreetmap.org/way/570230200,St.Therasa's Catholic Church,Jaffna,Church,active_unverified
pl_osm_0a99a8f6d2,openstreetmap,way,570846408,osm:way:570846408,https://www.openstreetmap.org/way/570846408,St John Baptist's,Jaffna,Church,active_unverified
pl_osm_86be3d1642,openstreetmap,way,571538310,osm:way:571538310,https://www.openstreetmap.org/way/571538310,Gospel Church,Jaffna,Church,active_unverified
pl_osm_bb48c1488c,openstreetmap,way,571965407,osm:way:571965407,https://www.openstreetmap.org/way/571965407,"St. Mary's Church, Sillalai",Jaffna,Church,active_unverified
pl_osm_87943f8eb0,openstreetmap,way,573075189,osm:way:573075189,https://www.openstreetmap.org/way/573075189,St. Martin Church,Jaffna,Church,active_unverified
pl_osm_39263e005f,openstreetmap,way,573110218,osm:way:573110218,https://www.openstreetmap.org/way/573110218,Our Lady of Ava Maria,Jaffna,Church,active_unverified
pl_osm_cd0a9f5d03,openstreetmap,way,573117025,osm:way:573117025,https://www.openstreetmap.org/way/573117025,St. Mary's Cathedral,Jaffna,Church,active_unverified
pl_osm_a458bcae28,openstreetmap,way,573811851,osm:way:573811851,https://www.openstreetmap.org/way/573811851,St Ann's Church,Jaffna,Church,active_unverified
pl_osm_376a98451d,openstreetmap,way,573826293,osm:way:573826293,https://www.openstreetmap.org/way/573826293,Mary church,Jaffna,Church,active_unverified
pl_osm_c8a9500116,openstreetmap,way,574964466,osm:way:574964466,https://www.openstreetmap.org/way/574964466,Saint fatima church,Jaffna,Church,active_unverified
pl_osm_a9bafd9401,openstreetmap,way,575454501,osm:way:575454501,https://www.openstreetmap.org/way/575454501,St.Roche's Church,Jaffna,Church,active_unverified
pl_osm_19401c9972,openstreetmap,way,575786273,osm:way:575786273,https://www.openstreetmap.org/way/575786273,Methodist Church,Jaffna,Church,active_unverified
pl_osm_c471d08982,openstreetmap,way,576131460,osm:way:576131460,https://www.openstreetmap.org/way/576131460,Zion Bride Church,Jaffna,Church,active_unverified
pl_osm_7152d99a59,openstreetmap,way,576164792,osm:way:576164792,https://www.openstreetmap.org/way/576164792,New St. Joseph Church,Jaffna,Church,active_unverified
pl_osm_f0bdb6236a,openstreetmap,way,578341377,osm:way:578341377,https://www.openstreetmap.org/way/578341377,Our Lady of Rosary Church,Jaffna,Church,active_unverified
pl_osm_0cb2b95dc3,openstreetmap,way,578433202,osm:way:578433202,https://www.openstreetmap.org/way/578433202,Zion Church,Jaffna,Church,active_unverified
pl_osm_a7d0c597c8,openstreetmap,way,579621182,osm:way:579621182,https://www.openstreetmap.org/way/579621182,King of Christ Church,Jaffna,Church,active_unverified
pl_osm_6be3e3a468,openstreetmap,way,581456770,osm:way:581456770,https://www.openstreetmap.org/way/581456770,St.Sebastian Church,Jaffna,Church,active_unverified
pl_osm_737282f0c7,openstreetmap,way,581464222,osm:way:581464222,https://www.openstreetmap.org/way/581464222,Our lady of miracle,Jaffna,Church,active_unverified
pl_osm_9befefa729,openstreetmap,way,581546854,osm:way:581546854,https://www.openstreetmap.org/way/581546854,Church Of South India - Jaffna,Jaffna,Church,active_unverified
pl_osm_2f7872b69b,openstreetmap,way,581775343,osm:way:581775343,https://www.openstreetmap.org/way/581775343,The Salvation Army Jaffna Church,Jaffna,Church,active_unverified
pl_osm_d88b54a4f0,openstreetmap,way,581874267,osm:way:581874267,https://www.openstreetmap.org/way/581874267,Assembly of God,Jaffna,Church,active_unverified
pl_osm_6da3ae0452,openstreetmap,way,581874269,osm:way:581874269,https://www.openstreetmap.org/way/581874269,Arul Matha Church,Jaffna,Church,active_unverified
pl_osm_f1e70188b2,openstreetmap,way,635889535,osm:way:635889535,https://www.openstreetmap.org/way/635889535,St.Thomas Catholic Church,Jaffna,Church,active_unverified
pl_osm_8f7c110dab,openstreetmap,way,1016197004,osm:way:1016197004,https://www.openstreetmap.org/way/1016197004,Mathagal Saint Thomas Church,Jaffna,Church,active_unverified
pl_osm_e6a7e7acc7,openstreetmap,way,1036646925,osm:way:1036646925,https://www.openstreetmap.org/way/1036646925,Mathagal St. Sebastian's Church,Jaffna,Church,active_unverified
pl_osm_d02b037056,openstreetmap,way,1082479673,osm:way:1082479673,https://www.openstreetmap.org/way/1082479673,St. Antony's Shrine,Jaffna,Church,active_unverified
pl_osm_601610f39a,openstreetmap,way,1085598376,osm:way:1085598376,https://www.openstreetmap.org/way/1085598376,Mathagal Saint Antony's Church,Jaffna,Church,active_unverified
pl_osm_69b7b61156,openstreetmap,way,1176140529,osm:way:1176140529,https://www.openstreetmap.org/way/1176140529,Office,Jaffna,Church,active_unverified
pl_osm_4c157cc9c4,openstreetmap,way,1338495350,osm:way:1338495350,https://www.openstreetmap.org/way/1338495350,St. Jude's Church,Jaffna,Church,active_unverified
pl_osm_6f6c831281,openstreetmap,node,1431776211,osm:node:1431776211,https://www.openstreetmap.org/node/1431776211,Sri Muththu Vinayakar Kovil,Jaffna,Kovil,active_unverified
pl_osm_a66de9ccb1,openstreetmap,node,1644139943,osm:node:1644139943,https://www.openstreetmap.org/node/1644139943,Sri Nagapooshani Amman Kovil,Jaffna,Kovil,active_unverified
pl_osm_c9b776a1b2,openstreetmap,node,1706418931,osm:node:1706418931,https://www.openstreetmap.org/node/1706418931,Puthirajar Temple,Jaffna,Kovil,active_unverified
pl_osm_df70606bf1,openstreetmap,node,2059434752,osm:node:2059434752,https://www.openstreetmap.org/node/2059434752,Kailasanathar Kovil,Jaffna,Kovil,active_unverified
pl_osm_4fc62781a5,openstreetmap,node,2059587727,osm:node:2059587727,https://www.openstreetmap.org/node/2059587727,Sri Nadarajah Kovil,Jaffna,Kovil,active_unverified
pl_osm_617dcb69a9,openstreetmap,node,2537993979,osm:node:2537993979,https://www.openstreetmap.org/node/2537993979,Vaikaiththaravai Pillaiyar Temple,Jaffna,Kovil,active_unverified
pl_osm_6245e7bff2,openstreetmap,node,2537995773,osm:node:2537995773,https://www.openstreetmap.org/node/2537995773,Neervely Kandasamy Kovil,Jaffna,Kovil,active_unverified
pl_osm_5672b01d6f,openstreetmap,node,2537997206,osm:node:2537997206,https://www.openstreetmap.org/node/2537997206,Neervely Arasakesari Pillaiyar Temple,Jaffna,Kovil,active_unverified
pl_osm_981cc100af,openstreetmap,node,2558184786,osm:node:2558184786,https://www.openstreetmap.org/node/2558184786,Kasi Visvanathar Sametha Visaladchi Thevasthanam,Jaffna,Kovil,active_unverified
pl_osm_70224e4402,openstreetmap,node,2558184796,osm:node:2558184796,https://www.openstreetmap.org/node/2558184796,Sinakathirkama Thevasthanam,Jaffna,Kovil,active_unverified
pl_osm_b5a785ba80,openstreetmap,node,2558191335,osm:node:2558191335,https://www.openstreetmap.org/node/2558191335,Muthumari Amman Thevasthanam,Jaffna,Kovil,active_unverified
pl_osm_be1d4c04eb,openstreetmap,node,3455645368,osm:node:3455645368,https://www.openstreetmap.org/node/3455645368,Sri Naga Kanagambigai Aalayam,Jaffna,Kovil,active_unverified
pl_osm_a48da002c9,openstreetmap,node,3474452201,osm:node:3474452201,https://www.openstreetmap.org/node/3474452201,Kolumbuthurai Vairavar Kovil,Jaffna,Kovil,active_unverified
pl_osm_d5f2dae964,openstreetmap,node,3474454422,osm:node:3474454422,https://www.openstreetmap.org/node/3474454422,Ariyalai Pirappankulam Mahamari Amman Kovil,Jaffna,Kovil,active_unverified
pl_osm_3eeabdb781,openstreetmap,node,3474511292,osm:node:3474511292,https://www.openstreetmap.org/node/3474511292,Punguduthivu Kiranchiyampathy Sivan Kovil,Jaffna,Kovil,active_unverified
pl_osm_665e7e9ba7,openstreetmap,node,3474513478,osm:node:3474513478,https://www.openstreetmap.org/node/3474513478,Punguduthivu Kiranchiyampathy Kandaswamy Kovil,Jaffna,Kovil,active_unverified
pl_osm_d0e7a45316,openstreetmap,node,3493103170,osm:node:3493103170,https://www.openstreetmap.org/node/3493103170,Kerathivu Iyanar Kovil,Jaffna,Kovil,active_unverified
pl_osm_326e23f50e,openstreetmap,node,3519868654,osm:node:3519868654,https://www.openstreetmap.org/node/3519868654,Turkkai Amman Kovil,Jaffna,Kovil,active_unverified
pl_osm_e2d629a4ec,openstreetmap,node,3519872553,osm:node:3519872553,https://www.openstreetmap.org/node/3519872553,Kommaveddi Pillayar Kovil,Jaffna,Kovil,active_unverified
pl_osm_0cb48ff1db,openstreetmap,node,3522136880,osm:node:3522136880,https://www.openstreetmap.org/node/3522136880,Columbuthurai Muthumariyamman Kovil,Jaffna,Kovil,active_unverified
pl_osm_146d24cabd,openstreetmap,node,3522140763,osm:node:3522140763,https://www.openstreetmap.org/node/3522140763,Uppukulam Pillayar Kovil,Jaffna,Kovil,active_unverified
pl_osm_1366ea6fa0,openstreetmap,node,3522155584,osm:node:3522155584,https://www.openstreetmap.org/node/3522155584,Nedunkulam Pillayar Kovil,Jaffna,Kovil,active_unverified
pl_osm_48942b921c,openstreetmap,node,3522156221,osm:node:3522156221,https://www.openstreetmap.org/node/3522156221,Koddukinattadi Pillaiyar Temple,Jaffna,Kovil,active_unverified
pl_osm_3ed263fe45,openstreetmap,node,3522168276,osm:node:3522168276,https://www.openstreetmap.org/node/3522168276,Veerakathip Pillayar Kovil,Jaffna,Kovil,active_unverified
pl_osm_f257ceabc9,openstreetmap,node,3522177285,osm:node:3522177285,https://www.openstreetmap.org/node/3522177285,Kaithadi Pillayar Kovil,Jaffna,Kovil,active_unverified
pl_osm_4e401f3922,openstreetmap,node,3522200908,osm:node:3522200908,https://www.openstreetmap.org/node/3522200908,Madathuveli Murugan Kovil,Jaffna,Kovil,active_unverified
pl_osm_303e451586,openstreetmap,node,3528782335,osm:node:3528782335,https://www.openstreetmap.org/node/3528782335,Paanankulam Amman Kovil,Jaffna,Kovil,active_unverified
pl_osm_e73b3cd7a6,openstreetmap,node,3528783931,osm:node:3528783931,https://www.openstreetmap.org/node/3528783931,Moothavinayar Aaalayam,Jaffna,Kovil,active_unverified
pl_osm_3dd79ad8df,openstreetmap,node,3529535785,osm:node:3529535785,https://www.openstreetmap.org/node/3529535785,Mandaitivu Mukappuvayal Murugan Kovil,Jaffna,Kovil,active_unverified
pl_osm_b7aeeec246,openstreetmap,node,3540423238,osm:node:3540423238,https://www.openstreetmap.org/node/3540423238,Navatkuli Sithivinayakar Kovil,Jaffna,Kovil,active_unverified
pl_osm_fd25d4686b,openstreetmap,node,3540435961,osm:node:3540435961,https://www.openstreetmap.org/node/3540435961,Kaathavaikkal Vinayakar Temple,Jaffna,Kovil,active_unverified
pl_osm_3996b343b6,openstreetmap,node,3540487783,osm:node:3540487783,https://www.openstreetmap.org/node/3540487783,Muthukkumaraswamy Kovil,Jaffna,Kovil,active_unverified
pl_osm_a4edc65c46,openstreetmap,node,3540506714,osm:node:3540506714,https://www.openstreetmap.org/node/3540506714,Kaitasity Kandasamy Kovil,Jaffna,Kovil,active_unverified
pl_osm_e3a25984c5,openstreetmap,node,3540550436,osm:node:3540550436,https://www.openstreetmap.org/node/3540550436,Pallangkinattup Pillayar Kovil,Jaffna,Kovil,active_unverified
pl_osm_de8af0a3dc,openstreetmap,node,3540556522,osm:node:3540556522,https://www.openstreetmap.org/node/3540556522,Kaddaipirai Amman Kovil,Jaffna,Kovil,active_unverified
pl_osm_7edd3f573d,openstreetmap,node,3540562439,osm:node:3540562439,https://www.openstreetmap.org/node/3540562439,Sri Muththumari Amman Temple,Jaffna,Kovil,active_unverified
pl_osm_47bbf23b21,openstreetmap,node,3540564089,osm:node:3540564089,https://www.openstreetmap.org/node/3540564089,Thenkovai Manthoppu Mariyamman Kovil,Jaffna,Kovil,active_unverified
pl_osm_724019c861,openstreetmap,node,3540564259,osm:node:3540564259,https://www.openstreetmap.org/node/3540564259,Katpaha Pillaiyar Temple,Jaffna,Kovil,active_unverified
pl_osm_31d017ac4d,openstreetmap,node,3540566255,osm:node:3540566255,https://www.openstreetmap.org/node/3540566255,Mariyamman Kovil,Jaffna,Kovil,active_unverified
pl_osm_52cb2f7202,openstreetmap,node,3540580416,osm:node:3540580416,https://www.openstreetmap.org/node/3540580416,Mari Amman Kovil,Jaffna,Kovil,active_unverified
pl_osm_ddc65eb481,openstreetmap,node,3540580973,osm:node:3540580973,https://www.openstreetmap.org/node/3540580973,Punguduthivu Kannakai Amman Kovil,Jaffna,Kovil,active_unverified
pl_osm_957a775f54,openstreetmap,node,3540581360,osm:node:3540581360,https://www.openstreetmap.org/node/3540581360,Panavadi Sivan Kovil,Jaffna,Kovil,active_unverified
pl_osm_61acffd8a9,openstreetmap,node,3540588267,osm:node:3540588267,https://www.openstreetmap.org/node/3540588267,Piddiyampathy Sri Kalika Parameswari Ambal Aaalayam,Jaffna,Kovil,active_unverified
pl_osm_d02a7a2a9a,openstreetmap,node,3540594850,osm:node:3540594850,https://www.openstreetmap.org/node/3540594850,Sivan Kovil,Jaffna,Kovil,active_unverified
pl_osm_d28d79d858,openstreetmap,node,3541328836,osm:node:3541328836,https://www.openstreetmap.org/node/3541328836,Velanai Vangalavadi Murugan Kovil,Jaffna,Kovil,active_unverified
pl_osm_a7749469e7,openstreetmap,node,3541331967,osm:node:3541331967,https://www.openstreetmap.org/node/3541331967,Narasinha Vairavar Kovil,Jaffna,Kovil,active_unverified
pl_osm_8168594bd9,openstreetmap,node,3541724260,osm:node:3541724260,https://www.openstreetmap.org/node/3541724260,Vannai Vaitheeswaran Kovil,Jaffna,Kovil,active_unverified
pl_osm_b6a99e835f,openstreetmap,node,3545016098,osm:node:3545016098,https://www.openstreetmap.org/node/3545016098,AriHaraPuthira Ayyanar Temple,Jaffna,Kovil,active_unverified
pl_osm_e4904d7fa7,openstreetmap,node,3551278821,osm:node:3551278821,https://www.openstreetmap.org/node/3551278821,Neeraviyadi Pillayar Kovil,Jaffna,Kovil,active_unverified
pl_osm_af769b86f7,openstreetmap,node,3551317835,osm:node:3551317835,https://www.openstreetmap.org/node/3551317835,Naachimar Kovil,Jaffna,Kovil,active_unverified
pl_osm_b4b2991cb9,openstreetmap,node,3551346188,osm:node:3551346188,https://www.openstreetmap.org/node/3551346188,Thavadi Arulmigu Sri Vetha Vinayakar Kovil,Jaffna,Kovil,active_unverified
pl_osm_eee4d0b39f,openstreetmap,node,3551356821,osm:node:3551356821,https://www.openstreetmap.org/node/3551356821,Mallakam Palampathi Vinayakar Kovil,Jaffna,Kovil,active_unverified
pl_osm_7aea5856c9,openstreetmap,node,3551356868,osm:node:3551356868,https://www.openstreetmap.org/node/3551356868,Tellipalai Durgaiamman Kovil,Jaffna,Kovil,active_unverified
pl_osm_08f91eaa3b,openstreetmap,node,3551372812,osm:node:3551372812,https://www.openstreetmap.org/node/3551372812,Pannalai Varathalai Pillayar Kovil,Jaffna,Kovil,active_unverified
pl_osm_5dda3190ea,openstreetmap,node,3551374909,osm:node:3551374909,https://www.openstreetmap.org/node/3551374909,Sivapootharayar Aaalayam,Jaffna,Kovil,active_unverified
pl_osm_057fb6af0b,openstreetmap,node,3551523512,osm:node:3551523512,https://www.openstreetmap.org/node/3551523512,Karainagar Varivalaup Pillayar Kovil,Jaffna,Kovil,active_unverified
pl_osm_f56941a5fa,openstreetmap,node,3551546094,osm:node:3551546094,https://www.openstreetmap.org/node/3551546094,Viyavil Aiyanar Temple,Jaffna,Kovil,active_unverified
pl_osm_6641a05806,openstreetmap,node,3554501419,osm:node:3554501419,https://www.openstreetmap.org/node/3554501419,Nanthavil Amman Kovil,Jaffna,Kovil,active_unverified
pl_osm_131589f02c,openstreetmap,node,3554502674,osm:node:3554502674,https://www.openstreetmap.org/node/3554502674,Iyappar Kovil,Jaffna,Kovil,active_unverified
pl_osm_01f5f7e157,openstreetmap,node,3554522503,osm:node:3554522503,https://www.openstreetmap.org/node/3554522503,Uppumadam Pillaiyar Temple,Jaffna,Kovil,active_unverified
pl_osm_2fa0535484,openstreetmap,node,3554552169,osm:node:3554552169,https://www.openstreetmap.org/node/3554552169,Sri Vada Pathirakali Ambal Devasthanam,Jaffna,Kovil,active_unverified
pl_osm_cf4d97bda5,openstreetmap,node,3554552234,osm:node:3554552234,https://www.openstreetmap.org/node/3554552234,Thavadi Sri Murugamoorthy Kovil,Jaffna,Kovil,active_unverified
pl_osm_b875e1d04f,openstreetmap,node,3554580723,osm:node:3554580723,https://www.openstreetmap.org/node/3554580723,Inuvil Kanthasamy Temple,Jaffna,Kovil,active_unverified
pl_osm_1874d86a22,openstreetmap,node,3556496543,osm:node:3556496543,https://www.openstreetmap.org/node/3556496543,Santhaiyar Madam Katpaga Vinayagar,Jaffna,Kovil,active_unverified
pl_osm_2cb24cfdde,openstreetmap,node,3556501597,osm:node:3556501597,https://www.openstreetmap.org/node/3556501597,Jaffna Vannai East Kaladdy Echchaddy Mahamari Amman Devasthanam,Jaffna,Kovil,active_unverified
pl_osm_10a33c23cd,openstreetmap,node,3556502294,osm:node:3556502294,https://www.openstreetmap.org/node/3556502294,Sri Kaliambal Devasthanam,Jaffna,Kovil,active_unverified
pl_osm_66baed7bfd,openstreetmap,node,3557274914,osm:node:3557274914,https://www.openstreetmap.org/node/3557274914,Maathaang Kovil,Jaffna,Kovil,active_unverified
pl_osm_8718943cde,openstreetmap,node,3557283890,osm:node:3557283890,https://www.openstreetmap.org/node/3557283890,Arali Aavarampiddy Sri Muthumari Ambal Devasthanam,Jaffna,Kovil,active_unverified
pl_osm_201f2d8433,openstreetmap,node,3557301570,osm:node:3557301570,https://www.openstreetmap.org/node/3557301570,Vannappuram Sivan Kovil,Jaffna,Kovil,active_unverified
pl_osm_f7a04d5b8d,openstreetmap,node,3557305126,osm:node:3557305126,https://www.openstreetmap.org/node/3557305126,Shri Murugan Kovil,Jaffna,Kovil,active_unverified
pl_osm_22fcdce367,openstreetmap,node,3557314317,osm:node:3557314317,https://www.openstreetmap.org/node/3557314317,Gnaniyarr Kovil,Jaffna,Kovil,active_unverified
pl_osm_acf6e7837b,openstreetmap,node,3557345521,osm:node:3557345521,https://www.openstreetmap.org/node/3557345521,Mayiliyatpulam Kanthaswamy koyil,Jaffna,Kovil,active_unverified
pl_osm_6676f9adee,openstreetmap,node,3557349532,osm:node:3557349532,https://www.openstreetmap.org/node/3557349532,Sankaraththai Murugan Temple,Jaffna,Kovil,active_unverified
pl_osm_fc0ab49f81,openstreetmap,node,3690310199,osm:node:3690310199,https://www.openstreetmap.org/node/3690310199,Perumkulam Muththumari Amman Kovil,Jaffna,Kovil,active_unverified
pl_osm_69790139f5,openstreetmap,node,3721884338,osm:node:3721884338,https://www.openstreetmap.org/node/3721884338,Valakamparai Muthu Mari Amman Temple,Jaffna,Kovil,active_unverified
pl_osm_cc8644189a,openstreetmap,node,3865627987,osm:node:3865627987,https://www.openstreetmap.org/node/3865627987,Pillaiyar Temple,Jaffna,Kovil,active_unverified
pl_osm_cae60344d1,openstreetmap,node,3874682481,osm:node:3874682481,https://www.openstreetmap.org/node/3874682481,Vairavar Temple,Jaffna,Kovil,active_unverified
pl_osm_213e653795,openstreetmap,node,4048055202,osm:node:4048055202,https://www.openstreetmap.org/node/4048055202,Inuvil Tirupati Venkateswara Temple,Jaffna,Kovil,active_unverified
pl_osm_a336d6362c,openstreetmap,node,4048244869,osm:node:4048244869,https://www.openstreetmap.org/node/4048244869,Periyapulam Veerakaththi Pilliyar Kovil,Jaffna,Kovil,active_unverified
pl_osm_20a7cae7c5,openstreetmap,node,4048257832,osm:node:4048257832,https://www.openstreetmap.org/node/4048257832,Kallady Amman Kovil,Jaffna,Kovil,active_unverified
pl_osm_cd0059e251,openstreetmap,node,4157585919,osm:node:4157585919,https://www.openstreetmap.org/node/4157585919,Variravar Kovil,Jaffna,Kovil,active_unverified
pl_osm_d4c36fdfdb,openstreetmap,way,569288810,osm:way:569288810,https://www.openstreetmap.org/way/569288810,Jaffna Archeological Museum,Jaffna,Museum,active_unverified
pl_osm_cd6d6005b3,openstreetmap,node,5046516725,osm:node:5046516725,https://www.openstreetmap.org/node/5046516725,Dutch Fort Ruins,Jaffna,Other,active_unverified
pl_osm_c6cc6c5be0,openstreetmap,node,5493128921,osm:node:5493128921,https://www.openstreetmap.org/node/5493128921,King Sangiliyan's Minister's House,Jaffna,Other,active_unverified
pl_osm_44b576456c,openstreetmap,node,5585546021,osm:node:5585546021,https://www.openstreetmap.org/node/5585546021,Sankiliyan Minister’s Abode,Jaffna,Other,active_unverified
pl_osm_049d908c37,openstreetmap,node,5627300060,osm:node:5627300060,https://www.openstreetmap.org/node/5627300060,Kayts Fort,Jaffna,Other,active_unverified
pl_osm_efba22ac13,openstreetmap,node,5668567021,osm:node:5668567021,https://www.openstreetmap.org/node/5668567021,Water tank,Jaffna,Other,active_unverified
pl_osm_767941566e,openstreetmap,node,6304972688,osm:node:6304972688,https://www.openstreetmap.org/node/6304972688,Dutch Hospital,Jaffna,Other,active_unverified
pl_osm_d791be9f8f,openstreetmap,node,6305117585,osm:node:6305117585,https://www.openstreetmap.org/node/6305117585,Dutch Horse stable,Jaffna,Other,active_unverified
pl_osm_57a9e48d2e,openstreetmap,node,6371399387,osm:node:6371399387,https://www.openstreetmap.org/node/6371399387,Baobab,Jaffna,Other,active_unverified
pl_osm_05e219de99,openstreetmap,node,6451410387,osm:node:6451410387,https://www.openstreetmap.org/node/6451410387,Punguduthivu Baobab Tree,Jaffna,Other,active_unverified
pl_osm_f8dde6c056,openstreetmap,node,6461934689,osm:node:6461934689,https://www.openstreetmap.org/node/6461934689,Pigeon nest,Jaffna,Other,active_unverified
pl_osm_d757e28466,openstreetmap,node,7257129485,osm:node:7257129485,https://www.openstreetmap.org/node/7257129485,Growing Stone,Jaffna,Other,active_unverified
pl_osm_d403a34540,openstreetmap,node,9875807817,osm:node:9875807817,https://www.openstreetmap.org/node/9875807817,Old horse stable,Jaffna,Other,active_unverified
pl_osm_9e065ba3aa,openstreetmap,node,9880363417,osm:node:9880363417,https://www.openstreetmap.org/node/9880363417,Delft island,Jaffna,Other,active_unverified
pl_osm_5c6b2b9028,openstreetmap,node,11193962338,osm:node:11193962338,https://www.openstreetmap.org/node/11193962338,arch,Jaffna,Other,active_unverified
pl_osm_145092da0f,openstreetmap,node,13505046725,osm:node:13505046725,https://www.openstreetmap.org/node/13505046725,Giants Footprint,Jaffna,Other,active_unverified
pl_osm_f2e0a05810,openstreetmap,way,403855079,osm:way:403855079,https://www.openstreetmap.org/way/403855079,Nilavarai (Bottomless well),Jaffna,Other,active_unverified
pl_osm_f226b499db,openstreetmap,node,4354081548,osm:node:4354081548,https://www.openstreetmap.org/node/4354081548,Theru Moodi Madam,Jaffna,Ruins,active_unverified
pl_osm_ed1b32ab6f,openstreetmap,way,161471513,osm:way:161471513,https://www.openstreetmap.org/way/161471513,Kadurugoda Viharaya Archaeological Site - Kantharodai,Jaffna,Ruins,active_unverified
pl_osm_56c387c08f,openstreetmap,node,4623193537,osm:node:4623193537,https://www.openstreetmap.org/node/4623193537,Dutch Fort Pyle Ruins,Jaffna,Ruins,active_unverified
pl_osm_1a2ab75064,openstreetmap,node,5313882055,osm:node:5313882055,https://www.openstreetmap.org/node/5313882055,Old Co-operative Shop,Jaffna,Ruins,active_unverified
pl_osm_05f6e0c76f,openstreetmap,way,229440971,osm:way:229440971,https://www.openstreetmap.org/way/229440971,Kachcheri Ruins,Jaffna,Ruins,active_unverified
pl_osm_8a32c43395,openstreetmap,way,357028714,osm:way:357028714,https://www.openstreetmap.org/way/357028714,Ruined Kittu Park,Jaffna,Ruins,active_unverified
pl_osm_e2aafa8988,openstreetmap,way,404111877,osm:way:404111877,https://www.openstreetmap.org/way/404111877,St. Anthony's Church,Jaffna,Ruins,active_unverified
pl_osm_f692c902b7,openstreetmap,way,572293451,osm:way:572293451,https://www.openstreetmap.org/way/572293451,Dutch Kachcheri Ruins,Jaffna,Ruins,active_unverified
pl_osm_5f5e02e27b,openstreetmap,way,582749544,osm:way:582749544,https://www.openstreetmap.org/way/582749544,King Sangiliyan's Minister's Residence,Jaffna,Ruins,active_unverified
pl_osm_a4d897eec4,openstreetmap,node,3528790850,osm:node:3528790850,https://www.openstreetmap.org/node/3528790850,Nallur Sadanathar Kovil,Jaffna,Temple,active_unverified
pl_osm_225ea02124,openstreetmap,node,3541636944,osm:node:3541636944,https://www.openstreetmap.org/node/3541636944,Mankumban Darga,Jaffna,Temple,active_unverified
pl_osm_bffa9ef1b4,openstreetmap,node,3556543677,osm:node:3556543677,https://www.openstreetmap.org/node/3556543677,Muhammathiya Jumma Majeeth,Jaffna,Temple,active_unverified
pl_osm_c42a2c640d,openstreetmap,node,1642989153,osm:node:1642989153,https://www.openstreetmap.org/node/1642989153,Sakkotei Cape,Jaffna,Viewpoint,active_unverified
pl_osm_0c1af04833,openstreetmap,node,1841131303,osm:node:1841131303,https://www.openstreetmap.org/node/1841131303,Manal Kadu Beach,Jaffna,Viewpoint,active_unverified
pl_osm_a8767d9bf0,openstreetmap,node,3492774176,osm:node:3492774176,https://www.openstreetmap.org/node/3492774176,Charty Beach,Jaffna,Viewpoint,active_unverified
pl_osm_9bb38047a4,openstreetmap,node,4511724347,osm:node:4511724347,https://www.openstreetmap.org/node/4511724347,Mayakkai Well,Jaffna,Viewpoint,active_unverified
pl_osm_b80bdd481f,openstreetmap,node,4511724378,osm:node:4511724378,https://www.openstreetmap.org/node/4511724378,Mayakkai Cave,Jaffna,Viewpoint,active_unverified
pl_osm_dc121f5305,openstreetmap,way,682833341,osm:way:682833341,https://www.openstreetmap.org/way/682833341,Urban Park,Kalutara,Adventure Park,active_unverified
pl_osm_b2857df385,openstreetmap,way,265974857,osm:way:265974857,https://www.openstreetmap.org/way/265974857,Panadura Beach,Kalutara,Sandy Beach,active_unverified
pl_osm_9478eee914,openstreetmap,way,653335057,osm:way:653335057,https://www.openstreetmap.org/way/653335057,beru beach,Kalutara,Sandy Beach,active_unverified
pl_osm_ef2c03d17d,openstreetmap,way,957910587,osm:way:957910587,https://www.openstreetmap.org/way/957910587,Calido beach Kalutara,Kalutara,Sandy Beach,active_unverified
pl_osm_2a92d5aff2,openstreetmap,node,257670621,osm:node:257670621,https://www.openstreetmap.org/node/257670621,Nalanda Privena,Kalutara,Buddhist Temple,active_unverified
pl_osm_947004256d,openstreetmap,node,257670624,osm:node:257670624,https://www.openstreetmap.org/node/257670624,Bhodirukkaramaya,Kalutara,Buddhist Temple,active_unverified
pl_osm_80786c8c73,openstreetmap,node,543864642,osm:node:543864642,https://www.openstreetmap.org/node/543864642,Gangula Temple,Kalutara,Buddhist Temple,active_unverified
pl_osm_f225f048fe,openstreetmap,node,543872657,osm:node:543872657,https://www.openstreetmap.org/node/543872657,Rankoth Vihara Temple,Kalutara,Buddhist Temple,active_unverified
pl_osm_a3038ac3ea,openstreetmap,node,1138324533,osm:node:1138324533,https://www.openstreetmap.org/node/1138324533,Galawetimodara Temple,Kalutara,Buddhist Temple,active_unverified
pl_osm_29ece6407c,openstreetmap,node,1144972207,osm:node:1144972207,https://www.openstreetmap.org/node/1144972207,Narthanagala Monestry,Kalutara,Buddhist Temple,active_unverified
pl_osm_c5d107c5c1,openstreetmap,node,1471737676,osm:node:1471737676,https://www.openstreetmap.org/node/1471737676,Sri Vinayalankaramaya,Kalutara,Buddhist Temple,active_unverified
pl_osm_fd80f5a6ef,openstreetmap,node,1471744368,osm:node:1471744368,https://www.openstreetmap.org/node/1471744368,Kithsirimewan Raja Maha viharaya,Kalutara,Buddhist Temple,active_unverified
pl_osm_06c5fa8768,openstreetmap,node,1667080353,osm:node:1667080353,https://www.openstreetmap.org/node/1667080353,Pulinathalarama Maha Viharaya,Kalutara,Buddhist Temple,active_unverified
pl_osm_7749bf211e,openstreetmap,node,1667141282,osm:node:1667141282,https://www.openstreetmap.org/node/1667141282,Ashokaramaya,Kalutara,Buddhist Temple,active_unverified
pl_osm_7eb485064b,openstreetmap,node,1794213715,osm:node:1794213715,https://www.openstreetmap.org/node/1794213715,Sri Niwasaramaya,Kalutara,Buddhist Temple,active_unverified
pl_osm_2aa7eb889e,openstreetmap,node,1794213721,osm:node:1794213721,https://www.openstreetmap.org/node/1794213721,Sri Siddhaththaramaya,Kalutara,Buddhist Temple,active_unverified
pl_osm_5e43a94a48,openstreetmap,node,1795322076,osm:node:1795322076,https://www.openstreetmap.org/node/1795322076,Mahindaramaya Temple,Kalutara,Buddhist Temple,active_unverified
pl_osm_58eb7f6e4f,openstreetmap,node,1795375693,osm:node:1795375693,https://www.openstreetmap.org/node/1795375693,Daladha Watte Maha Viharaya,Kalutara,Buddhist Temple,active_unverified
pl_osm_46470e4004,openstreetmap,node,1795410715,osm:node:1795410715,https://www.openstreetmap.org/node/1795410715,Molligoda Pirivena,Kalutara,Buddhist Temple,active_unverified
pl_osm_ea2dc673b2,openstreetmap,node,1795501290,osm:node:1795501290,https://www.openstreetmap.org/node/1795501290,Welipitiya Temple,Kalutara,Buddhist Temple,active_unverified
pl_osm_1bef78e01b,openstreetmap,node,1795501315,osm:node:1795501315,https://www.openstreetmap.org/node/1795501315,Pinwatte Pirivena,Kalutara,Buddhist Temple,active_unverified
pl_osm_2abffe5538,openstreetmap,node,1795501356,osm:node:1795501356,https://www.openstreetmap.org/node/1795501356,Sri Dharmaramaya,Kalutara,Buddhist Temple,active_unverified
pl_osm_5430c5a1af,openstreetmap,node,1795501470,osm:node:1795501470,https://www.openstreetmap.org/node/1795501470,Jayabodhi Viharaya,Kalutara,Buddhist Temple,active_unverified
pl_osm_0d20f53300,openstreetmap,node,1796683224,osm:node:1796683224,https://www.openstreetmap.org/node/1796683224,Weedhagama Weda Temple,Kalutara,Buddhist Temple,active_unverified
pl_osm_7988148c56,openstreetmap,node,1796683225,osm:node:1796683225,https://www.openstreetmap.org/node/1796683225,Dharmachakra Padanama,Kalutara,Buddhist Temple,active_unverified
pl_osm_75006830b9,openstreetmap,node,1796683379,osm:node:1796683379,https://www.openstreetmap.org/node/1796683379,Pathahawaththa Raja Maha Viharaya,Kalutara,Buddhist Temple,active_unverified
pl_osm_f049285507,openstreetmap,node,1796683494,osm:node:1796683494,https://www.openstreetmap.org/node/1796683494,Olaboduwa Purana Maha Viharaya,Kalutara,Buddhist Temple,active_unverified
pl_osm_3e09a58679,openstreetmap,node,1796683968,osm:node:1796683968,https://www.openstreetmap.org/node/1796683968,Raigama Purana Viharaya,Kalutara,Buddhist Temple,active_unverified
pl_osm_a0096e9cfc,openstreetmap,node,1796683969,osm:node:1796683969,https://www.openstreetmap.org/node/1796683969,Veedagama Raja Maha Viharaya,Kalutara,Buddhist Temple,active_unverified
pl_osm_1de4b7592a,openstreetmap,node,1796737852,osm:node:1796737852,https://www.openstreetmap.org/node/1796737852,Sri Mangalaramaya,Kalutara,Buddhist Temple,active_unverified
pl_osm_7f4024a1f2,openstreetmap,node,1796819645,osm:node:1796819645,https://www.openstreetmap.org/node/1796819645,Sri Poorwaramaya,Kalutara,Buddhist Temple,active_unverified
pl_osm_ce658d55e4,openstreetmap,node,1796923126,osm:node:1796923126,https://www.openstreetmap.org/node/1796923126,Sri Sudharshanarama Maha Viharaya,Kalutara,Buddhist Temple,active_unverified
pl_osm_74a8fe90a0,openstreetmap,node,1822725438,osm:node:1822725438,https://www.openstreetmap.org/node/1822725438,Kumari Kanda Temple,Kalutara,Buddhist Temple,active_unverified
pl_osm_97830c95f1,openstreetmap,node,1822753357,osm:node:1822753357,https://www.openstreetmap.org/node/1822753357,Keththarama Temple,Kalutara,Buddhist Temple,active_unverified
pl_osm_539182fbf4,openstreetmap,node,1823673029,osm:node:1823673029,https://www.openstreetmap.org/node/1823673029,Ananadharamaya,Kalutara,Buddhist Temple,active_unverified
pl_osm_3e0f28257a,openstreetmap,node,2074048530,osm:node:2074048530,https://www.openstreetmap.org/node/2074048530,Pothupitiya Temple,Kalutara,Buddhist Temple,active_unverified
pl_osm_969a1ab629,openstreetmap,node,2161969148,osm:node:2161969148,https://www.openstreetmap.org/node/2161969148,Mahamewna Asapuwa,Kalutara,Buddhist Temple,active_unverified
pl_osm_2ae57d0957,openstreetmap,node,2161969579,osm:node:2161969579,https://www.openstreetmap.org/node/2161969579,Dharmaramaya,Kalutara,Buddhist Temple,active_unverified
pl_osm_4209843a02,openstreetmap,node,2411970046,osm:node:2411970046,https://www.openstreetmap.org/node/2411970046,Sri Gangarama Purana Maha Viharaya,Kalutara,Buddhist Temple,active_unverified
pl_osm_cfc7c2cf93,openstreetmap,node,2411970047,osm:node:2411970047,https://www.openstreetmap.org/node/2411970047,Sri Buddhasiri Maha viharaya,Kalutara,Buddhist Temple,active_unverified
pl_osm_51fafdf8f5,openstreetmap,node,2524511703,osm:node:2524511703,https://www.openstreetmap.org/node/2524511703,Isipathanaramaya,Kalutara,Buddhist Temple,active_unverified
pl_osm_48810ecd86,openstreetmap,node,2906876816,osm:node:2906876816,https://www.openstreetmap.org/node/2906876816,Sri Vijayasundararamaya,Kalutara,Buddhist Temple,active_unverified
pl_osm_3c2f12568c,openstreetmap,node,2908570132,osm:node:2908570132,https://www.openstreetmap.org/node/2908570132,Walagedara siriniwasa piriwena,Kalutara,Buddhist Temple,active_unverified
pl_osm_e37130f666,openstreetmap,node,3368519059,osm:node:3368519059,https://www.openstreetmap.org/node/3368519059,International Buddhist Center - Batamullakanda,Kalutara,Buddhist Temple,active_unverified
pl_osm_3b6d9c8bb9,openstreetmap,node,3370058912,osm:node:3370058912,https://www.openstreetmap.org/node/3370058912,Abinawarama Mangala Maha Viharaya,Kalutara,Buddhist Temple,active_unverified
pl_osm_691d0ad267,openstreetmap,node,3370061401,osm:node:3370061401,https://www.openstreetmap.org/node/3370061401,Halkenda Temple,Kalutara,Buddhist Temple,active_unverified
pl_osm_6f849ec7c9,openstreetmap,node,3370229403,osm:node:3370229403,https://www.openstreetmap.org/node/3370229403,Sri Sambudha Jayanthi Viharaya,Kalutara,Buddhist Temple,active_unverified
pl_osm_f78b3ae878,openstreetmap,node,3370241280,osm:node:3370241280,https://www.openstreetmap.org/node/3370241280,Bauddhayathanaya,Kalutara,Buddhist Temple,active_unverified
pl_osm_9217ad0b61,openstreetmap,node,3421124012,osm:node:3421124012,https://www.openstreetmap.org/node/3421124012,Samudraramaya,Kalutara,Buddhist Temple,active_unverified
pl_osm_3357edbb56,openstreetmap,node,3421167213,osm:node:3421167213,https://www.openstreetmap.org/node/3421167213,Wasantharamaya Temple,Kalutara,Buddhist Temple,active_unverified
pl_osm_9a44aa13fb,openstreetmap,node,3421167244,osm:node:3421167244,https://www.openstreetmap.org/node/3421167244,Sri Pushparamaya,Kalutara,Buddhist Temple,active_unverified
pl_osm_4f17beaafe,openstreetmap,node,3421173164,osm:node:3421173164,https://www.openstreetmap.org/node/3421173164,Sri Walukarama Maha Viharaya,Kalutara,Buddhist Temple,active_unverified
pl_osm_d5d2af4864,openstreetmap,node,3615628997,osm:node:3615628997,https://www.openstreetmap.org/node/3615628997,Sri Dewarakkitharamaya,Kalutara,Buddhist Temple,active_unverified
pl_osm_94e82473e8,openstreetmap,node,3616073448,osm:node:3616073448,https://www.openstreetmap.org/node/3616073448,Welgama Temple,Kalutara,Buddhist Temple,active_unverified
pl_osm_40a5b66eb8,openstreetmap,node,3921317673,osm:node:3921317673,https://www.openstreetmap.org/node/3921317673,Sri Devindaramaya,Kalutara,Buddhist Temple,active_unverified
pl_osm_7357297f88,openstreetmap,node,4169875989,osm:node:4169875989,https://www.openstreetmap.org/node/4169875989,Dharmaraja Viharaya,Kalutara,Buddhist Temple,active_unverified
pl_osm_4337e5aae1,openstreetmap,node,4490316085,osm:node:4490316085,https://www.openstreetmap.org/node/4490316085,Purana Sangikaramaya,Kalutara,Buddhist Temple,active_unverified
pl_osm_6ad403cbaa,openstreetmap,node,4491674096,osm:node:4491674096,https://www.openstreetmap.org/node/4491674096,Gangarama Purana Viharaya,Kalutara,Buddhist Temple,active_unverified
pl_osm_24ecf23d32,openstreetmap,node,4491705364,osm:node:4491705364,https://www.openstreetmap.org/node/4491705364,Sri Walukaramaya,Kalutara,Buddhist Temple,active_unverified
pl_osm_b2adc55104,openstreetmap,node,4491745831,osm:node:4491745831,https://www.openstreetmap.org/node/4491745831,Wijayarama temple,Kalutara,Buddhist Temple,active_unverified
pl_osm_90f6212709,openstreetmap,node,4491745886,osm:node:4491745886,https://www.openstreetmap.org/node/4491745886,Saranapala Maha Viharaya,Kalutara,Buddhist Temple,active_unverified
pl_osm_d783f80679,openstreetmap,node,4491745943,osm:node:4491745943,https://www.openstreetmap.org/node/4491745943,Indraramaya Temple,Kalutara,Buddhist Temple,active_unverified
pl_osm_ee471fd213,openstreetmap,node,4524958405,osm:node:4524958405,https://www.openstreetmap.org/node/4524958405,Kolamediriya Purana Rajamaha Viharaya,Kalutara,Buddhist Temple,active_unverified
pl_osm_8c0b9f342f,openstreetmap,node,4714384137,osm:node:4714384137,https://www.openstreetmap.org/node/4714384137,Thibbotugoda Temple,Kalutara,Buddhist Temple,active_unverified
pl_osm_124974d96b,openstreetmap,node,4748909193,osm:node:4748909193,https://www.openstreetmap.org/node/4748909193,Govinna Sri Seelawanaramaya,Kalutara,Buddhist Temple,active_unverified
pl_osm_4907ba9733,openstreetmap,node,4988281931,osm:node:4988281931,https://www.openstreetmap.org/node/4988281931,Dewagoda Sri Wijayaramaya,Kalutara,Buddhist Temple,active_unverified
pl_osm_dd4a2d8e72,openstreetmap,node,5282071688,osm:node:5282071688,https://www.openstreetmap.org/node/5282071688,Yakgirilena Weligalpoththa Aranya Senasanaya,Kalutara,Buddhist Temple,active_unverified
pl_osm_8b77d940af,openstreetmap,node,5282071689,osm:node:5282071689,https://www.openstreetmap.org/node/5282071689,Kalugala Aranya Senasanaya,Kalutara,Buddhist Temple,active_unverified
pl_osm_fc2c7327ef,openstreetmap,node,5282071690,osm:node:5282071690,https://www.openstreetmap.org/node/5282071690,Thundora Aranya Senasanaya,Kalutara,Buddhist Temple,active_unverified
pl_osm_a698d217b8,openstreetmap,node,5282071691,osm:node:5282071691,https://www.openstreetmap.org/node/5282071691,Swarnalena Aranya Senasanaya,Kalutara,Buddhist Temple,active_unverified
pl_osm_135db7cd51,openstreetmap,node,5283927552,osm:node:5283927552,https://www.openstreetmap.org/node/5283927552,Bhodinagala (Dobagaskanda) Aranya Senasanaya,Kalutara,Buddhist Temple,active_unverified
pl_osm_853e217871,openstreetmap,node,5283927553,osm:node:5283927553,https://www.openstreetmap.org/node/5283927553,Nachchimale (Madakada) Aranya Senasanaya,Kalutara,Buddhist Temple,active_unverified
pl_osm_922b3ca839,openstreetmap,node,5346941093,osm:node:5346941093,https://www.openstreetmap.org/node/5346941093,Pannila Buddhist Temple,Kalutara,Buddhist Temple,active_unverified
pl_osm_0b33752623,openstreetmap,node,5346965464,osm:node:5346965464,https://www.openstreetmap.org/node/5346965464,Miriswatta Purana Viharaya,Kalutara,Buddhist Temple,active_unverified
pl_osm_37d73f0d94,openstreetmap,node,5507198121,osm:node:5507198121,https://www.openstreetmap.org/node/5507198121,Delgawaswatta Temple,Kalutara,Buddhist Temple,active_unverified
pl_osm_02df01414e,openstreetmap,node,5723368933,osm:node:5723368933,https://www.openstreetmap.org/node/5723368933,Templa,Kalutara,Buddhist Temple,active_unverified
pl_osm_b0dd8da0a7,openstreetmap,node,5980432966,osm:node:5980432966,https://www.openstreetmap.org/node/5980432966,Sri Punyawardanaramaya,Kalutara,Buddhist Temple,active_unverified
pl_osm_524b3520ff,openstreetmap,node,5980432967,osm:node:5980432967,https://www.openstreetmap.org/node/5980432967,Sri Maha Chethiyaramaya,Kalutara,Buddhist Temple,active_unverified
pl_osm_cd9601a9fe,openstreetmap,node,5980433323,osm:node:5980433323,https://www.openstreetmap.org/node/5980433323,Sri Nikethanaramaya,Kalutara,Buddhist Temple,active_unverified
pl_osm_296b725a0e,openstreetmap,node,5999552314,osm:node:5999552314,https://www.openstreetmap.org/node/5999552314,Sri Lankaramaya,Kalutara,Buddhist Temple,active_unverified
pl_osm_0bb45fd9ef,openstreetmap,node,6236736769,osm:node:6236736769,https://www.openstreetmap.org/node/6236736769,Thudugala Buddharakkitharamaya,Kalutara,Buddhist Temple,active_unverified
pl_osm_9ff8de88c4,openstreetmap,node,6236736779,osm:node:6236736779,https://www.openstreetmap.org/node/6236736779,Wellatha Temple,Kalutara,Buddhist Temple,active_unverified
pl_osm_d9e61cbb25,openstreetmap,node,6443888501,osm:node:6443888501,https://www.openstreetmap.org/node/6443888501,Meegahathenna Temple,Kalutara,Buddhist Temple,active_unverified
pl_osm_09751ab3db,openstreetmap,node,6615707642,osm:node:6615707642,https://www.openstreetmap.org/node/6615707642,Sri Dharmarakshitharamaya,Kalutara,Buddhist Temple,active_unverified
pl_osm_78a3992f83,openstreetmap,node,6615707664,osm:node:6615707664,https://www.openstreetmap.org/node/6615707664,Sri Nandana Pirivena (Temple),Kalutara,Buddhist Temple,active_unverified
pl_osm_5750969a1c,openstreetmap,node,6615707670,osm:node:6615707670,https://www.openstreetmap.org/node/6615707670,Chiththa Meditation Temple Dolewatta,Kalutara,Buddhist Temple,active_unverified
pl_osm_c19125351c,openstreetmap,node,6615707679,osm:node:6615707679,https://www.openstreetmap.org/node/6615707679,Sri Bodhi Chethiyarama Viharaya,Kalutara,Buddhist Temple,active_unverified
pl_osm_b948d3eb08,openstreetmap,node,6615733794,osm:node:6615733794,https://www.openstreetmap.org/node/6615733794,Subadrarama Viharaya,Kalutara,Buddhist Temple,active_unverified
pl_osm_d670972955,openstreetmap,node,6615733809,osm:node:6615733809,https://www.openstreetmap.org/node/6615733809,"Gangathilaka Pirivana, Viharaya",Kalutara,Buddhist Temple,active_unverified
pl_osm_3b0305eced,openstreetmap,node,6615733817,osm:node:6615733817,https://www.openstreetmap.org/node/6615733817,Purwarama Maha Viharaya,Kalutara,Buddhist Temple,active_unverified
pl_osm_574707bcaf,openstreetmap,node,6718158277,osm:node:6718158277,https://www.openstreetmap.org/node/6718158277,Lankathilaka Temple - Arakagoda,Kalutara,Buddhist Temple,active_unverified
pl_osm_582eeda04f,openstreetmap,node,6718158278,osm:node:6718158278,https://www.openstreetmap.org/node/6718158278,Dewarakshith Viharaya,Kalutara,Buddhist Temple,active_unverified
pl_osm_2f22fdbac9,openstreetmap,node,9139677375,osm:node:9139677375,https://www.openstreetmap.org/node/9139677375,Deyyagala Aranya Senasanaya,Kalutara,Buddhist Temple,active_unverified
pl_osm_ba0c420502,openstreetmap,node,10716687897,osm:node:10716687897,https://www.openstreetmap.org/node/10716687897,gangaramaya,Kalutara,Buddhist Temple,active_unverified
pl_osm_d662f72f1e,openstreetmap,node,10718062565,osm:node:10718062565,https://www.openstreetmap.org/node/10718062565,Horawala,Kalutara,Buddhist Temple,active_unverified
pl_osm_505003a4b9,openstreetmap,node,11034241404,osm:node:11034241404,https://www.openstreetmap.org/node/11034241404,Bodhirajaramaya,Kalutara,Buddhist Temple,active_unverified
pl_osm_0b05457d28,openstreetmap,node,11043505559,osm:node:11043505559,https://www.openstreetmap.org/node/11043505559,Saddharmakara Pirivena,Kalutara,Buddhist Temple,active_unverified
pl_osm_3f93e025a6,openstreetmap,node,11068259373,osm:node:11068259373,https://www.openstreetmap.org/node/11068259373,Siri Damasiri Temple,Kalutara,Buddhist Temple,active_unverified
pl_osm_631b26c735,openstreetmap,way,231392266,osm:way:231392266,https://www.openstreetmap.org/way/231392266,Kande Viharaya Temple,Kalutara,Buddhist Temple,active_unverified
pl_osm_b326e665bd,openstreetmap,way,232887013,osm:way:232887013,https://www.openstreetmap.org/way/232887013,Sapugoda Rajamaha Viharaya,Kalutara,Buddhist Temple,active_unverified
pl_osm_d4c9e9ab3b,openstreetmap,way,239290471,osm:way:239290471,https://www.openstreetmap.org/way/239290471,Dhakshina Chethiyaramaya,Kalutara,Buddhist Temple,active_unverified
pl_osm_466549825e,openstreetmap,way,240244309,osm:way:240244309,https://www.openstreetmap.org/way/240244309,Sri Vishuddharama Viharaya,Kalutara,Buddhist Temple,active_unverified
pl_osm_bb3d6757a0,openstreetmap,way,240457840,osm:way:240457840,https://www.openstreetmap.org/way/240457840,Sri Sudharshanaramaya,Kalutara,Buddhist Temple,active_unverified
pl_osm_f547caba3a,openstreetmap,way,245028023,osm:way:245028023,https://www.openstreetmap.org/way/245028023,Dhammarakkhitharamaya,Kalutara,Buddhist Temple,active_unverified
pl_osm_0106f24f3c,openstreetmap,way,245217809,osm:way:245217809,https://www.openstreetmap.org/way/245217809,Bellapitiya Temple,Kalutara,Buddhist Temple,active_unverified
pl_osm_2e14b22371,openstreetmap,way,258735645,osm:way:258735645,https://www.openstreetmap.org/way/258735645,self-made small Buddist temple,Kalutara,Buddhist Temple,active_unverified
pl_osm_f54a224cbe,openstreetmap,way,286361641,osm:way:286361641,https://www.openstreetmap.org/way/286361641,Sri Sudarshanaramaya Temple,Kalutara,Buddhist Temple,active_unverified
pl_osm_c81e1b7a49,openstreetmap,way,286365944,osm:way:286365944,https://www.openstreetmap.org/way/286365944,Palayangoda Mula Maha Viharaya,Kalutara,Buddhist Temple,active_unverified
pl_osm_fa76900649,openstreetmap,way,287208820,osm:way:287208820,https://www.openstreetmap.org/way/287208820,kande viharaya,Kalutara,Buddhist Temple,active_unverified
pl_osm_538fc15ea8,openstreetmap,way,287220070,osm:way:287220070,https://www.openstreetmap.org/way/287220070,Sri Sudarshanaramaya,Kalutara,Buddhist Temple,active_unverified
pl_osm_c8007dcefa,openstreetmap,way,287806321,osm:way:287806321,https://www.openstreetmap.org/way/287806321,Kadanhena Temple,Kalutara,Buddhist Temple,active_unverified
pl_osm_f749c61584,openstreetmap,way,330045261,osm:way:330045261,https://www.openstreetmap.org/way/330045261,Wela Panasala Temple,Kalutara,Buddhist Temple,active_unverified
pl_osm_baaf100709,openstreetmap,way,388963288,osm:way:388963288,https://www.openstreetmap.org/way/388963288,Sri Sangikaramaya,Kalutara,Buddhist Temple,active_unverified
pl_osm_0ad163dd61,openstreetmap,way,403589265,osm:way:403589265,https://www.openstreetmap.org/way/403589265,Rankoth Viharaya,Kalutara,Buddhist Temple,active_unverified
pl_osm_afa246bb84,openstreetmap,way,496339131,osm:way:496339131,https://www.openstreetmap.org/way/496339131,Kalutara Temple,Kalutara,Buddhist Temple,active_unverified
pl_osm_fe73b22369,openstreetmap,node,2411945467,osm:node:2411945467,https://www.openstreetmap.org/node/2411945467,Tsunami monument,Kalutara,Building,active_unverified
pl_osm_01ec6e5172,openstreetmap,node,5507198221,osm:node:5507198221,https://www.openstreetmap.org/node/5507198221,Watch - Clock Tower,Kalutara,Building,active_unverified
pl_osm_a5113124da,openstreetmap,node,4988237849,osm:node:4988237849,https://www.openstreetmap.org/node/4988237849,C.W.W.Kannangara Memorial Statue,Kalutara,Building,active_unverified
pl_osm_04d2d90e2f,openstreetmap,node,1144972145,osm:node:1144972145,https://www.openstreetmap.org/node/1144972145,St. Martin De Porres,Kalutara,Church,active_unverified
pl_osm_3452e1de50,openstreetmap,node,2552013473,osm:node:2552013473,https://www.openstreetmap.org/node/2552013473,Mother of Sorrows Church,Kalutara,Church,active_unverified
pl_osm_a9f40a1a46,openstreetmap,node,2653075688,osm:node:2653075688,https://www.openstreetmap.org/node/2653075688,The Church of St. John the Evangelist,Kalutara,Church,active_unverified
pl_osm_4a0412007f,openstreetmap,node,3452202109,osm:node:3452202109,https://www.openstreetmap.org/node/3452202109,Mother of Holy Rosary Church,Kalutara,Church,active_unverified
pl_osm_2fc83d2197,openstreetmap,node,3452226230,osm:node:3452226230,https://www.openstreetmap.org/node/3452226230,St. Joseph's Church,Kalutara,Church,active_unverified
pl_osm_fccd92fb3b,openstreetmap,node,4084587576,osm:node:4084587576,https://www.openstreetmap.org/node/4084587576,Mount Eden Seminary,Kalutara,Church,active_unverified
pl_osm_d2c9795f91,openstreetmap,node,4271383486,osm:node:4271383486,https://www.openstreetmap.org/node/4271383486,St. Gerard Majella Church,Kalutara,Church,active_unverified
pl_osm_3aa2f40462,openstreetmap,node,4491680368,osm:node:4491680368,https://www.openstreetmap.org/node/4491680368,St.Luke's Church,Kalutara,Church,active_unverified
pl_osm_74c1ca8eb6,openstreetmap,node,6615733806,osm:node:6615733806,https://www.openstreetmap.org/node/6615733806,St Anne's Church,Kalutara,Church,active_unverified
pl_osm_2987dd7791,openstreetmap,node,10967803708,osm:node:10967803708,https://www.openstreetmap.org/node/10967803708,St. Sebastian's Church,Kalutara,Church,active_unverified
pl_osm_51981acf45,openstreetmap,way,148717994,osm:way:148717994,https://www.openstreetmap.org/way/148717994,Phillip Neri,Kalutara,Church,active_unverified
pl_osm_917af48b5d,openstreetmap,way,205629414,osm:way:205629414,https://www.openstreetmap.org/way/205629414,St.Mary's Church,Kalutara,Church,active_unverified
pl_osm_6bf843b168,openstreetmap,way,288283297,osm:way:288283297,https://www.openstreetmap.org/way/288283297,St Patrick Saviour,Kalutara,Church,active_unverified
pl_osm_a7ada362b8,openstreetmap,way,496339124,osm:way:496339124,https://www.openstreetmap.org/way/496339124,Kalutara church,Kalutara,Church,active_unverified
pl_osm_2c0214ecb3,openstreetmap,way,539178569,osm:way:539178569,https://www.openstreetmap.org/way/539178569,Infant Jesus Church,Kalutara,Church,active_unverified
pl_osm_72cfce493e,openstreetmap,way,935908146,osm:way:935908146,https://www.openstreetmap.org/way/935908146,St.Anthony's,Kalutara,Church,active_unverified
pl_osm_6a607e7c6b,openstreetmap,way,935908156,osm:way:935908156,https://www.openstreetmap.org/way/935908156,St. Joseph's,Kalutara,Church,active_unverified
pl_osm_42d0b88874,openstreetmap,way,935908169,osm:way:935908169,https://www.openstreetmap.org/way/935908169,"St. Anne's Church, Beruwala",Kalutara,Church,active_unverified
pl_osm_c2f6945b1c,openstreetmap,node,2339446807,osm:node:2339446807,https://www.openstreetmap.org/node/2339446807,Kovil,Kalutara,Kovil,active_unverified
pl_osm_f7ea5b15dd,openstreetmap,node,8018083530,osm:node:8018083530,https://www.openstreetmap.org/node/8018083530,Meegaha Kovila,Kalutara,Kovil,active_unverified
pl_osm_d6064d11fa,openstreetmap,way,1097672122,osm:way:1097672122,https://www.openstreetmap.org/way/1097672122,MuththuMari Amman temple,Kalutara,Kovil,active_unverified
pl_osm_63c2c19140,openstreetmap,way,1228206847,osm:way:1228206847,https://www.openstreetmap.org/way/1228206847,Kurinchi Mari amman temple,Kalutara,Kovil,active_unverified
pl_osm_5eb97cf730,openstreetmap,node,1822758906,osm:node:1822758906,https://www.openstreetmap.org/node/1822758906,Kalutara Mosque,Kalutara,Mosque,active_unverified
pl_osm_bdbd1c8346,openstreetmap,node,1827291214,osm:node:1827291214,https://www.openstreetmap.org/node/1827291214,Ketchimale Mosque,Kalutara,Mosque,active_unverified
pl_osm_558acc64f7,openstreetmap,node,6615693730,osm:node:6615693730,https://www.openstreetmap.org/node/6615693730,gcjhdgh,Kalutara,Mosque,active_unverified
pl_osm_7f21c3e1ca,openstreetmap,node,6615707665,osm:node:6615707665,https://www.openstreetmap.org/node/6615707665,Nakshabandiya Jummah Mosque,Kalutara,Mosque,active_unverified
pl_osm_08f51b3bf8,openstreetmap,node,6615733805,osm:node:6615733805,https://www.openstreetmap.org/node/6615733805,Naleemiya Jumma Masjid,Kalutara,Mosque,active_unverified
pl_osm_85f4bf5740,openstreetmap,node,6615733831,osm:node:6615733831,https://www.openstreetmap.org/node/6615733831,Dheeniya masjid مسجد,Kalutara,Mosque,active_unverified
pl_osm_7184326845,openstreetmap,node,11292576361,osm:node:11292576361,https://www.openstreetmap.org/node/11292576361,Yaseer Arafath Jumma Masjid,Kalutara,Mosque,active_unverified
pl_osm_f706b72177,openstreetmap,way,147409283,osm:way:147409283,https://www.openstreetmap.org/way/147409283,Grand Mosque - Muhiyaddeen Jummah Masjid,Kalutara,Mosque,active_unverified
pl_osm_de39d723c7,openstreetmap,way,231385046,osm:way:231385046,https://www.openstreetmap.org/way/231385046,Masjid ul Abrar,Kalutara,Mosque,active_unverified
pl_osm_a6b2233aa8,openstreetmap,way,232884329,osm:way:232884329,https://www.openstreetmap.org/way/232884329,fassiya jummah masjid Mosque,Kalutara,Mosque,active_unverified
pl_osm_f3b1e38036,openstreetmap,way,1035496154,osm:way:1035496154,https://www.openstreetmap.org/way/1035496154,Nakshabandiya masjid,Kalutara,Mosque,active_unverified
pl_osm_e30e528d3d,openstreetmap,way,1158315463,osm:way:1158315463,https://www.openstreetmap.org/way/1158315463,Hilriya Mosque Molliyamala,Kalutara,Mosque,active_unverified
pl_osm_37c35eecb6,openstreetmap,way,1183732924,osm:way:1183732924,https://www.openstreetmap.org/way/1183732924,Asjidul Ibraheem Zaviya,Kalutara,Mosque,active_unverified
pl_osm_4284ec16c3,openstreetmap,way,1186241600,osm:way:1186241600,https://www.openstreetmap.org/way/1186241600,Darul Furqan Masjid,Kalutara,Mosque,active_unverified
pl_osm_637ddeda62,openstreetmap,node,1661840272,osm:node:1661840272,https://www.openstreetmap.org/node/1661840272,Temple Wele pansala,Kalutara,Other,active_unverified
pl_osm_481d5486cd,openstreetmap,node,2213043745,osm:node:2213043745,https://www.openstreetmap.org/node/2213043745,Thudugala Ella,Kalutara,Other,active_unverified
pl_osm_8b1603f81b,openstreetmap,node,3578062111,osm:node:3578062111,https://www.openstreetmap.org/node/3578062111,Makeliya Water Fall,Kalutara,Other,active_unverified
pl_osm_b0f383d8f1,openstreetmap,node,5679936821,osm:node:5679936821,https://www.openstreetmap.org/node/5679936821,Pahiyangala cave.,Kalutara,Other,active_unverified
pl_osm_59b7960b22,openstreetmap,node,13707543201,osm:node:13707543201,https://www.openstreetmap.org/node/13707543201,Thun Bodhiya,Kalutara,Other,active_unverified
pl_osm_51d824a1ab,openstreetmap,way,321777043,osm:way:321777043,https://www.openstreetmap.org/way/321777043,Nature Volunteers,Kalutara,Other,active_unverified
pl_osm_7cc7df7119,openstreetmap,node,5284007022,osm:node:5284007022,https://www.openstreetmap.org/node/5284007022,Pahura kanda temple,Kalutara,Temple,active_unverified
pl_osm_6d3ee7feb1,openstreetmap,node,7905128489,osm:node:7905128489,https://www.openstreetmap.org/node/7905128489,Samanakkanda Raja Maha Viharaya,Kalutara,Temple,active_unverified
pl_osm_097b7e16c0,openstreetmap,node,11407662454,osm:node:11407662454,https://www.openstreetmap.org/node/11407662454,AALIM SAHIB APPA MASJITH,Kalutara,Temple,active_unverified
pl_osm_88932d618d,openstreetmap,node,5166992629,osm:node:5166992629,https://www.openstreetmap.org/node/5166992629,Kosgulana Sangili Palama,Kalutara,Viewpoint,active_unverified
pl_osm_8ed7cf95d0,openstreetmap,node,1743126531,osm:node:1743126531,https://www.openstreetmap.org/node/1743126531,Lankatilaka Raja Maha Viharaya,Kandy,Buddhist Temple,active_unverified
pl_osm_29225e420f,openstreetmap,node,1743126585,osm:node:1743126585,https://www.openstreetmap.org/node/1743126585,Embekka Devale,Kandy,Buddhist Temple,active_unverified
pl_osm_d816ec51f2,openstreetmap,node,1743126596,osm:node:1743126596,https://www.openstreetmap.org/node/1743126596,Gadaladeniya Temple,Kandy,Buddhist Temple,active_unverified
pl_osm_b9ca1b4487,openstreetmap,node,1809677835,osm:node:1809677835,https://www.openstreetmap.org/node/1809677835,Malagammana Raja Maha Viharaya,Kandy,Buddhist Temple,active_unverified
pl_osm_9e097c0cde,openstreetmap,node,1836349756,osm:node:1836349756,https://www.openstreetmap.org/node/1836349756,Poojapitiya Bomaluwa Purana Viharaya,Kandy,Buddhist Temple,active_unverified
pl_osm_b5e4f9d23d,openstreetmap,node,1837320419,osm:node:1837320419,https://www.openstreetmap.org/node/1837320419,Sangaraja Temple,Kandy,Buddhist Temple,active_unverified
pl_osm_16f40d635c,openstreetmap,node,1837354601,osm:node:1837354601,https://www.openstreetmap.org/node/1837354601,Tennekumbura Temple,Kandy,Buddhist Temple,active_unverified
pl_osm_e88ac34e9d,openstreetmap,node,1855295785,osm:node:1855295785,https://www.openstreetmap.org/node/1855295785,Sri Subodharamaya,Kandy,Buddhist Temple,active_unverified
pl_osm_9779780bae,openstreetmap,node,1855295950,osm:node:1855295950,https://www.openstreetmap.org/node/1855295950,Develkona Temple,Kandy,Buddhist Temple,active_unverified
pl_osm_71ca7c6cbd,openstreetmap,node,2312756052,osm:node:2312756052,https://www.openstreetmap.org/node/2312756052,Loard Buddha Statue,Kandy,Buddhist Temple,active_unverified
pl_osm_21f8896fd7,openstreetmap,node,2334181690,osm:node:2334181690,https://www.openstreetmap.org/node/2334181690,Karaliyadda Sri Uposatharamaya,Kandy,Buddhist Temple,active_unverified
pl_osm_465a51be16,openstreetmap,node,2334189771,osm:node:2334189771,https://www.openstreetmap.org/node/2334189771,Nalanda Purana Viharaya,Kandy,Buddhist Temple,active_unverified
pl_osm_56ba7a7c71,openstreetmap,node,2335184190,osm:node:2335184190,https://www.openstreetmap.org/node/2335184190,Galmaduwa Raja Maha Viharaya,Kandy,Buddhist Temple,active_unverified
pl_osm_3fc0748161,openstreetmap,node,2340345038,osm:node:2340345038,https://www.openstreetmap.org/node/2340345038,Sri Jayanthiyaramaya,Kandy,Buddhist Temple,active_unverified
pl_osm_492eac4f3f,openstreetmap,node,2340345041,osm:node:2340345041,https://www.openstreetmap.org/node/2340345041,Sri Bodhimalu Viharaya,Kandy,Buddhist Temple,active_unverified
pl_osm_4dd303a90f,openstreetmap,node,2341606403,osm:node:2341606403,https://www.openstreetmap.org/node/2341606403,Balagolla Temple,Kandy,Buddhist Temple,active_unverified
pl_osm_e0c3269a7f,openstreetmap,node,2341663990,osm:node:2341663990,https://www.openstreetmap.org/node/2341663990,Pallekele Devanampiyatissa Int. Meditation Centre,Kandy,Buddhist Temple,active_unverified
pl_osm_c9e7ab7f89,openstreetmap,node,2343115507,osm:node:2343115507,https://www.openstreetmap.org/node/2343115507,Gal Edanda Purana Viharaya,Kandy,Buddhist Temple,active_unverified
pl_osm_05f1a9f07d,openstreetmap,node,2343202843,osm:node:2343202843,https://www.openstreetmap.org/node/2343202843,Menikhinna Pothgul Viharaya,Kandy,Buddhist Temple,active_unverified
pl_osm_95b4b52208,openstreetmap,node,2343202849,osm:node:2343202849,https://www.openstreetmap.org/node/2343202849,Galpihilla Raja Maha Viharaya,Kandy,Buddhist Temple,active_unverified
pl_osm_4763f93a7f,openstreetmap,node,2343202852,osm:node:2343202852,https://www.openstreetmap.org/node/2343202852,Hathamuna Bodhirajaramaya,Kandy,Buddhist Temple,active_unverified
pl_osm_dda6af1bd8,openstreetmap,node,2343216540,osm:node:2343216540,https://www.openstreetmap.org/node/2343216540,Welipela Purana Viharya,Kandy,Buddhist Temple,active_unverified
pl_osm_d1f83d1bee,openstreetmap,node,2351939474,osm:node:2351939474,https://www.openstreetmap.org/node/2351939474,Sri Silaramaya,Kandy,Buddhist Temple,active_unverified
pl_osm_4bdc03eaed,openstreetmap,node,2382151960,osm:node:2382151960,https://www.openstreetmap.org/node/2382151960,Sri Wardanaramaya,Kandy,Buddhist Temple,active_unverified
pl_osm_ecf18087f2,openstreetmap,node,2898916899,osm:node:2898916899,https://www.openstreetmap.org/node/2898916899,Kahambe Budu Madura,Kandy,Buddhist Temple,active_unverified
pl_osm_17de0a1a36,openstreetmap,node,2907601248,osm:node:2907601248,https://www.openstreetmap.org/node/2907601248,Paranagala Rajamaha Viharaya,Kandy,Buddhist Temple,active_unverified
pl_osm_2bed30833a,openstreetmap,node,2908817146,osm:node:2908817146,https://www.openstreetmap.org/node/2908817146,Ranawana Rajamaha Viharaya,Kandy,Buddhist Temple,active_unverified
pl_osm_c556088fdf,openstreetmap,node,3071494848,osm:node:3071494848,https://www.openstreetmap.org/node/3071494848,Ethgala Sri Bhodirajaramaya,Kandy,Buddhist Temple,active_unverified
pl_osm_48e60d250c,openstreetmap,node,3071495024,osm:node:3071495024,https://www.openstreetmap.org/node/3071495024,sri sumanaramaya,Kandy,Buddhist Temple,active_unverified
pl_osm_aab43be416,openstreetmap,node,3074335297,osm:node:3074335297,https://www.openstreetmap.org/node/3074335297,Mulgampola Bodhiya,Kandy,Buddhist Temple,active_unverified
pl_osm_8335ab1e6e,openstreetmap,node,3074557097,osm:node:3074557097,https://www.openstreetmap.org/node/3074557097,Seemamalakaya,Kandy,Buddhist Temple,active_unverified
pl_osm_f5984db330,openstreetmap,node,3074749005,osm:node:3074749005,https://www.openstreetmap.org/node/3074749005,Galamuduna Rajamaha Viharaya,Kandy,Buddhist Temple,active_unverified
pl_osm_ce2a16261b,openstreetmap,node,3074749007,osm:node:3074749007,https://www.openstreetmap.org/node/3074749007,Dodangastenna Rajamaha Viharaya,Kandy,Buddhist Temple,active_unverified
pl_osm_af7dec7743,openstreetmap,node,3151891438,osm:node:3151891438,https://www.openstreetmap.org/node/3151891438,Dhamma Kuta Vipassana Meditation Centre,Kandy,Buddhist Temple,active_unverified
pl_osm_52d397c887,openstreetmap,node,3237439550,osm:node:3237439550,https://www.openstreetmap.org/node/3237439550,Gallengolla Raja Maha Viharaya,Kandy,Buddhist Temple,active_unverified
pl_osm_6ae9dba0fa,openstreetmap,node,3237453482,osm:node:3237453482,https://www.openstreetmap.org/node/3237453482,Lihiniyagoda Temple,Kandy,Buddhist Temple,active_unverified
pl_osm_6792ef6388,openstreetmap,node,3237459380,osm:node:3237459380,https://www.openstreetmap.org/node/3237459380,Sri Bodhirajarama Viharaya,Kandy,Buddhist Temple,active_unverified
pl_osm_9d9299840a,openstreetmap,node,3237459437,osm:node:3237459437,https://www.openstreetmap.org/node/3237459437,Sri Gautama Viharaya,Kandy,Buddhist Temple,active_unverified
pl_osm_c663c28bb2,openstreetmap,node,3237466320,osm:node:3237466320,https://www.openstreetmap.org/node/3237466320,Talawatura Hathnagoda Raja Maha Viharaya,Kandy,Buddhist Temple,active_unverified
pl_osm_f94d271976,openstreetmap,node,3237492330,osm:node:3237492330,https://www.openstreetmap.org/node/3237492330,Dheerananda Pirivena,Kandy,Buddhist Temple,active_unverified
pl_osm_4da5e4eda7,openstreetmap,node,3237492395,osm:node:3237492395,https://www.openstreetmap.org/node/3237492395,Giragama Bodhimalakaramaya,Kandy,Buddhist Temple,active_unverified
pl_osm_06dc78fbe1,openstreetmap,node,3412729975,osm:node:3412729975,https://www.openstreetmap.org/node/3412729975,Bambaragala Raja Maha Viharaya,Kandy,Buddhist Temple,active_unverified
pl_osm_b5fa62b0ad,openstreetmap,node,3415307826,osm:node:3415307826,https://www.openstreetmap.org/node/3415307826,Thapowanaramaya Viharaya,Kandy,Buddhist Temple,active_unverified
pl_osm_662ffbe9c5,openstreetmap,node,3591361124,osm:node:3591361124,https://www.openstreetmap.org/node/3591361124,Kahambiliyawa Sri Sumangalaramaya,Kandy,Buddhist Temple,active_unverified
pl_osm_5f9d7bcc5a,openstreetmap,node,3598718188,osm:node:3598718188,https://www.openstreetmap.org/node/3598718188,Dippitiya Chandrajothi Viharaya,Kandy,Buddhist Temple,active_unverified
pl_osm_ac7927135d,openstreetmap,node,3616464613,osm:node:3616464613,https://www.openstreetmap.org/node/3616464613,Dunuwila Rajamaha Viharaya,Kandy,Buddhist Temple,active_unverified
pl_osm_4480ea375c,openstreetmap,node,3620054996,osm:node:3620054996,https://www.openstreetmap.org/node/3620054996,Sangabogama Temple,Kandy,Buddhist Temple,active_unverified
pl_osm_4ab36af1d3,openstreetmap,node,3628463689,osm:node:3628463689,https://www.openstreetmap.org/node/3628463689,Sri Somananda Piriwena,Kandy,Buddhist Temple,active_unverified
pl_osm_7d3c3f1331,openstreetmap,node,3629106378,osm:node:3629106378,https://www.openstreetmap.org/node/3629106378,Sri Jayasundararamaya,Kandy,Buddhist Temple,active_unverified
pl_osm_52ebc72c96,openstreetmap,node,3630535211,osm:node:3630535211,https://www.openstreetmap.org/node/3630535211,Sri Dharmarama Temple,Kandy,Buddhist Temple,active_unverified
pl_osm_2361e4f6d6,openstreetmap,node,3631625049,osm:node:3631625049,https://www.openstreetmap.org/node/3631625049,Thapodaramaya,Kandy,Buddhist Temple,active_unverified
pl_osm_7a0e539eab,openstreetmap,node,3658007752,osm:node:3658007752,https://www.openstreetmap.org/node/3658007752,Liyangaswathura Temple,Kandy,Buddhist Temple,active_unverified
pl_osm_0145d49ed6,openstreetmap,node,3729749696,osm:node:3729749696,https://www.openstreetmap.org/node/3729749696,Uyanwatta Temple,Kandy,Buddhist Temple,active_unverified
pl_osm_1bab00bee1,openstreetmap,node,3732893843,osm:node:3732893843,https://www.openstreetmap.org/node/3732893843,Sri sanghabodhi Temple,Kandy,Buddhist Temple,active_unverified
pl_osm_c51b4ff31c,openstreetmap,node,3734068891,osm:node:3734068891,https://www.openstreetmap.org/node/3734068891,Namadagala Temple,Kandy,Buddhist Temple,active_unverified
pl_osm_0b86bbb041,openstreetmap,node,3734068892,osm:node:3734068892,https://www.openstreetmap.org/node/3734068892,Sri Jamburukkharamaya,Kandy,Buddhist Temple,active_unverified
pl_osm_1868c89fcd,openstreetmap,node,3738701029,osm:node:3738701029,https://www.openstreetmap.org/node/3738701029,Heeressagala Ancient Temple,Kandy,Buddhist Temple,active_unverified
pl_osm_e82735d2b6,openstreetmap,node,3738701039,osm:node:3738701039,https://www.openstreetmap.org/node/3738701039,Paladawa Purana Viharaya,Kandy,Buddhist Temple,active_unverified
pl_osm_57f3cb01f0,openstreetmap,node,3742321974,osm:node:3742321974,https://www.openstreetmap.org/node/3742321974,Divrum Bodhiya,Kandy,Buddhist Temple,active_unverified
pl_osm_b1efb96305,openstreetmap,node,3742468236,osm:node:3742468236,https://www.openstreetmap.org/node/3742468236,Anuragama Temple,Kandy,Buddhist Temple,active_unverified
pl_osm_df51aae1ae,openstreetmap,node,3750079032,osm:node:3750079032,https://www.openstreetmap.org/node/3750079032,Sri Kaveeshwara Veluwanaramaya,Kandy,Buddhist Temple,active_unverified
pl_osm_1b3e98c517,openstreetmap,node,3750186771,osm:node:3750186771,https://www.openstreetmap.org/node/3750186771,Ambuluwawa Temple,Kandy,Buddhist Temple,active_unverified
pl_osm_99c72c14d4,openstreetmap,node,3750339681,osm:node:3750339681,https://www.openstreetmap.org/node/3750339681,Talihunna Temple,Kandy,Buddhist Temple,active_unverified
pl_osm_5ac6505381,openstreetmap,node,3753926214,osm:node:3753926214,https://www.openstreetmap.org/node/3753926214,Sri Bodimalakaramaya,Kandy,Buddhist Temple,active_unverified
pl_osm_d64e309026,openstreetmap,node,3756803076,osm:node:3756803076,https://www.openstreetmap.org/node/3756803076,Sri Janalankara Viharaya,Kandy,Buddhist Temple,active_unverified
pl_osm_e75bb05d45,openstreetmap,node,3756819880,osm:node:3756819880,https://www.openstreetmap.org/node/3756819880,Sri Boderukkaramaya Delgahapiteya,Kandy,Buddhist Temple,active_unverified
pl_osm_6cf45411ea,openstreetmap,node,3756819881,osm:node:3756819881,https://www.openstreetmap.org/node/3756819881,Sri Bodhimalu Purana Viharaya,Kandy,Buddhist Temple,active_unverified
pl_osm_34e855440f,openstreetmap,node,3756837258,osm:node:3756837258,https://www.openstreetmap.org/node/3756837258,Kotakedeniya Raja Maha Viharaya,Kandy,Buddhist Temple,active_unverified
pl_osm_71491e7825,openstreetmap,node,3756850504,osm:node:3756850504,https://www.openstreetmap.org/node/3756850504,"Pothgul Viharaya, Weligalle",Kandy,Buddhist Temple,active_unverified
pl_osm_26f506f449,openstreetmap,node,3756881293,osm:node:3756881293,https://www.openstreetmap.org/node/3756881293,Pitawalawatta Paspilima Viharaya,Kandy,Buddhist Temple,active_unverified
pl_osm_71886081e0,openstreetmap,node,3756987073,osm:node:3756987073,https://www.openstreetmap.org/node/3756987073,Sri Janaranjanaramaya,Kandy,Buddhist Temple,active_unverified
pl_osm_8b5655cbcc,openstreetmap,node,3756991935,osm:node:3756991935,https://www.openstreetmap.org/node/3756991935,Karamada Sri Weluwanaramaya,Kandy,Buddhist Temple,active_unverified
pl_osm_507104e205,openstreetmap,node,3757059541,osm:node:3757059541,https://www.openstreetmap.org/node/3757059541,Thotadeniya Temple,Kandy,Buddhist Temple,active_unverified
pl_osm_832bfc2d84,openstreetmap,node,3757059610,osm:node:3757059610,https://www.openstreetmap.org/node/3757059610,Handessa Viharaya,Kandy,Buddhist Temple,active_unverified
pl_osm_03d9548033,openstreetmap,node,3757087059,osm:node:3757087059,https://www.openstreetmap.org/node/3757087059,Thelambugala Temple,Kandy,Buddhist Temple,active_unverified
pl_osm_8d27377c3d,openstreetmap,node,3758573837,osm:node:3758573837,https://www.openstreetmap.org/node/3758573837,Naranwala Temple,Kandy,Buddhist Temple,active_unverified
pl_osm_7a75f69ebd,openstreetmap,node,3758573846,osm:node:3758573846,https://www.openstreetmap.org/node/3758573846,Imbuldeniya Sri Punyawardhanaramaya,Kandy,Buddhist Temple,active_unverified
pl_osm_c2b6402c50,openstreetmap,node,3758657240,osm:node:3758657240,https://www.openstreetmap.org/node/3758657240,Alapalawala Sri Sasanodaya Pirivena,Kandy,Buddhist Temple,active_unverified
pl_osm_8e65b70fa2,openstreetmap,node,3758657241,osm:node:3758657241,https://www.openstreetmap.org/node/3758657241,Hendeniya Temple,Kandy,Buddhist Temple,active_unverified
pl_osm_1565559b76,openstreetmap,node,3758716318,osm:node:3758716318,https://www.openstreetmap.org/node/3758716318,Bandara Uyana Buddhist Centre,Kandy,Buddhist Temple,active_unverified
pl_osm_07165d973a,openstreetmap,node,3758716319,osm:node:3758716319,https://www.openstreetmap.org/node/3758716319,Keliyalpitiya Purana Raja Maha Wiharaya,Kandy,Buddhist Temple,active_unverified
pl_osm_6ead3bdb85,openstreetmap,node,3758716501,osm:node:3758716501,https://www.openstreetmap.org/node/3758716501,Sri Bodhirathna Rajaramaya,Kandy,Buddhist Temple,active_unverified
pl_osm_fe4ee54bdb,openstreetmap,node,3758716778,osm:node:3758716778,https://www.openstreetmap.org/node/3758716778,Pamunuwa Temple,Kandy,Buddhist Temple,active_unverified
pl_osm_b406345a23,openstreetmap,node,3758716779,osm:node:3758716779,https://www.openstreetmap.org/node/3758716779,Bodhimalu Viharaya,Kandy,Buddhist Temple,active_unverified
pl_osm_1fa39b8ea5,openstreetmap,node,3758752417,osm:node:3758752417,https://www.openstreetmap.org/node/3758752417,Ketakumbura Sri Bodhirukkaramaya,Kandy,Buddhist Temple,active_unverified
pl_osm_47056271eb,openstreetmap,node,3758758574,osm:node:3758758574,https://www.openstreetmap.org/node/3758758574,menikbowa purana viharaya,Kandy,Buddhist Temple,active_unverified
pl_osm_c38fda4d79,openstreetmap,node,3758758589,osm:node:3758758589,https://www.openstreetmap.org/node/3758758589,Vegirikanda Rajamaha Viharaya,Kandy,Buddhist Temple,active_unverified
pl_osm_7612c6287a,openstreetmap,node,3769909286,osm:node:3769909286,https://www.openstreetmap.org/node/3769909286,Sri Bodhi Rukkharamaya,Kandy,Buddhist Temple,active_unverified
pl_osm_b751f3f98f,openstreetmap,node,3769925196,osm:node:3769925196,https://www.openstreetmap.org/node/3769925196,Uthpalawannaramaya,Kandy,Buddhist Temple,active_unverified
pl_osm_e7347649e5,openstreetmap,node,3769938221,osm:node:3769938221,https://www.openstreetmap.org/node/3769938221,Sri Dharmaraja Temple,Kandy,Buddhist Temple,active_unverified
pl_osm_d645967e8a,openstreetmap,node,3769938223,osm:node:3769938223,https://www.openstreetmap.org/node/3769938223,Ashokaramaya,Kandy,Buddhist Temple,active_unverified
pl_osm_61b699e9be,openstreetmap,node,3769940194,osm:node:3769940194,https://www.openstreetmap.org/node/3769940194,Jethawana Ramaya,Kandy,Buddhist Temple,active_unverified
pl_osm_c4edc88af1,openstreetmap,node,3770051707,osm:node:3770051707,https://www.openstreetmap.org/node/3770051707,Sri Bhodirajaramaya,Kandy,Buddhist Temple,active_unverified
pl_osm_fc37a4c1e5,openstreetmap,node,3770059301,osm:node:3770059301,https://www.openstreetmap.org/node/3770059301,Uduwella Temple,Kandy,Buddhist Temple,active_unverified
pl_osm_0e821075bb,openstreetmap,node,3770151115,osm:node:3770151115,https://www.openstreetmap.org/node/3770151115,Warakawa Sri Sundararamaya Purana Viharaya,Kandy,Buddhist Temple,active_unverified
pl_osm_7c2874a225,openstreetmap,node,3773190726,osm:node:3773190726,https://www.openstreetmap.org/node/3773190726,Lokananda Maha Viharaya,Kandy,Buddhist Temple,active_unverified
pl_osm_c3acd056a6,openstreetmap,node,3773252370,osm:node:3773252370,https://www.openstreetmap.org/node/3773252370,Ruwanpa Piriwena,Kandy,Buddhist Temple,active_unverified
pl_osm_84a0d11d4d,openstreetmap,node,3773252371,osm:node:3773252371,https://www.openstreetmap.org/node/3773252371,Poorvarama Rajamaha Viharaya,Kandy,Buddhist Temple,active_unverified
pl_osm_805939b780,openstreetmap,node,3776261857,osm:node:3776261857,https://www.openstreetmap.org/node/3776261857,Sri Sudharshanaramaya,Kandy,Buddhist Temple,active_unverified
pl_osm_6755a384e6,openstreetmap,node,3781025090,osm:node:3781025090,https://www.openstreetmap.org/node/3781025090,Templae,Kandy,Buddhist Temple,active_unverified
pl_osm_1756de73c0,openstreetmap,node,3781036854,osm:node:3781036854,https://www.openstreetmap.org/node/3781036854,Sri Wardanaramaya - Kobbekaduwa,Kandy,Buddhist Temple,active_unverified
pl_osm_39bfc2c91c,openstreetmap,node,3781082421,osm:node:3781082421,https://www.openstreetmap.org/node/3781082421,Minigamuwa Temple,Kandy,Buddhist Temple,active_unverified
pl_osm_31fe45d6f1,openstreetmap,node,3782885993,osm:node:3782885993,https://www.openstreetmap.org/node/3782885993,Chethiyagiriya Viharaya,Kandy,Buddhist Temple,active_unverified
pl_osm_41e60267e9,openstreetmap,node,3788636779,osm:node:3788636779,https://www.openstreetmap.org/node/3788636779,Sri Manthindaramaya Temple,Kandy,Buddhist Temple,active_unverified
pl_osm_d1a6b5b2fd,openstreetmap,node,3789989541,osm:node:3789989541,https://www.openstreetmap.org/node/3789989541,Belwood Buddhist Temple,Kandy,Buddhist Temple,active_unverified
pl_osm_0490efcce8,openstreetmap,node,3790080120,osm:node:3790080120,https://www.openstreetmap.org/node/3790080120,Panwilatenna Temple,Kandy,Buddhist Temple,active_unverified
pl_osm_48fc4d4a10,openstreetmap,node,3798153916,osm:node:3798153916,https://www.openstreetmap.org/node/3798153916,kahawaththa Sri Sudarshanaramaya,Kandy,Buddhist Temple,active_unverified
pl_osm_4643979a05,openstreetmap,node,3803459193,osm:node:3803459193,https://www.openstreetmap.org/node/3803459193,Dunukeulla Viharaya,Kandy,Buddhist Temple,active_unverified
pl_osm_78cc1734eb,openstreetmap,node,3804899638,osm:node:3804899638,https://www.openstreetmap.org/node/3804899638,Nilavala Viharaya,Kandy,Buddhist Temple,active_unverified
pl_osm_7ca72c1c76,openstreetmap,node,3804899645,osm:node:3804899645,https://www.openstreetmap.org/node/3804899645,Galagoda Bodhiya,Kandy,Buddhist Temple,active_unverified
pl_osm_5fa37697b8,openstreetmap,node,3804899937,osm:node:3804899937,https://www.openstreetmap.org/node/3804899937,Munumalaya Meheni Aramaya,Kandy,Buddhist Temple,active_unverified
pl_osm_e3f0b6412c,openstreetmap,node,3805044167,osm:node:3805044167,https://www.openstreetmap.org/node/3805044167,Sri Vishuddharama Viharaya,Kandy,Buddhist Temple,active_unverified
pl_osm_dea49f1fab,openstreetmap,node,3805044364,osm:node:3805044364,https://www.openstreetmap.org/node/3805044364,Madagama Neegrodaraamaya,Kandy,Buddhist Temple,active_unverified
pl_osm_2710e0a15e,openstreetmap,node,3805044428,osm:node:3805044428,https://www.openstreetmap.org/node/3805044428,Bodikalarama Viharaya,Kandy,Buddhist Temple,active_unverified
pl_osm_5db693e572,openstreetmap,node,3806188374,osm:node:3806188374,https://www.openstreetmap.org/node/3806188374,Godamunne Dharmashalawa,Kandy,Buddhist Temple,active_unverified
pl_osm_11fc95b13f,openstreetmap,node,3808111450,osm:node:3808111450,https://www.openstreetmap.org/node/3808111450,Dharma Shalawa,Kandy,Buddhist Temple,active_unverified
pl_osm_fdab0caf5e,openstreetmap,node,3809497887,osm:node:3809497887,https://www.openstreetmap.org/node/3809497887,Sri Sudarshanaramaya,Kandy,Buddhist Temple,active_unverified
pl_osm_911013a4d6,openstreetmap,node,3809497889,osm:node:3809497889,https://www.openstreetmap.org/node/3809497889,Haputale Sathkandura Viharaya,Kandy,Buddhist Temple,active_unverified
pl_osm_cdac817509,openstreetmap,node,3809948520,osm:node:3809948520,https://www.openstreetmap.org/node/3809948520,Galoya Thumbodimaluwa Viharaya,Kandy,Buddhist Temple,active_unverified
pl_osm_715fd5eb8e,openstreetmap,node,3813411540,osm:node:3813411540,https://www.openstreetmap.org/node/3813411540,Edanduwawa Rajamaha Viharaya,Kandy,Buddhist Temple,active_unverified
pl_osm_92f0b4a81b,openstreetmap,node,3840345646,osm:node:3840345646,https://www.openstreetmap.org/node/3840345646,Madawala Purana Wiharaya,Kandy,Buddhist Temple,active_unverified
pl_osm_5fa904cdd0,openstreetmap,node,3840399253,osm:node:3840399253,https://www.openstreetmap.org/node/3840399253,Pethigewela Wiharaya,Kandy,Buddhist Temple,active_unverified
pl_osm_40ae893209,openstreetmap,node,3840400581,osm:node:3840400581,https://www.openstreetmap.org/node/3840400581,Kaudalla Viharaya,Kandy,Buddhist Temple,active_unverified
pl_osm_aeb2da5190,openstreetmap,node,3840458445,osm:node:3840458445,https://www.openstreetmap.org/node/3840458445,Medawala Rajamaha Viharaya,Kandy,Buddhist Temple,active_unverified
pl_osm_a53279fc1e,openstreetmap,node,3840524748,osm:node:3840524748,https://www.openstreetmap.org/node/3840524748,Galgana raja maha viharaya,Kandy,Buddhist Temple,active_unverified
pl_osm_5d67b415e1,openstreetmap,node,3848402383,osm:node:3848402383,https://www.openstreetmap.org/node/3848402383,Gunadaha Rajamaha Viharaya,Kandy,Buddhist Temple,active_unverified
pl_osm_4be991659d,openstreetmap,node,3848579757,osm:node:3848579757,https://www.openstreetmap.org/node/3848579757,Higulwala Sri Vijayaramaya,Kandy,Buddhist Temple,active_unverified
pl_osm_f6523098aa,openstreetmap,node,3848579758,osm:node:3848579758,https://www.openstreetmap.org/node/3848579758,Sri Gnanaloka Buddhist Centre,Kandy,Buddhist Temple,active_unverified
pl_osm_de687ac9f9,openstreetmap,node,3848579773,osm:node:3848579773,https://www.openstreetmap.org/node/3848579773,Wewala Sri Isipathnarama Swarna Maha Viharaya,Kandy,Buddhist Temple,active_unverified
pl_osm_132fc5d855,openstreetmap,node,3848603581,osm:node:3848603581,https://www.openstreetmap.org/node/3848603581,Sri Ashokaramaya Temple,Kandy,Buddhist Temple,active_unverified
pl_osm_db521e8836,openstreetmap,node,3848642667,osm:node:3848642667,https://www.openstreetmap.org/node/3848642667,Bogahagedara Bodhiya,Kandy,Buddhist Temple,active_unverified
pl_osm_ef4c4f9b3c,openstreetmap,node,3855878164,osm:node:3855878164,https://www.openstreetmap.org/node/3855878164,Sri Visuddharamaya Temple,Kandy,Buddhist Temple,active_unverified
pl_osm_f4bde45ab6,openstreetmap,node,3855906364,osm:node:3855906364,https://www.openstreetmap.org/node/3855906364,"Garakmadilla Rajamaha Viharaya,Arambepola",Kandy,Buddhist Temple,active_unverified
pl_osm_5014a8d6da,openstreetmap,node,3855906372,osm:node:3855906372,https://www.openstreetmap.org/node/3855906372,Konakalagala Sri Vijitha Maha Viharaya,Kandy,Buddhist Temple,active_unverified
pl_osm_6f932bc421,openstreetmap,node,3855932729,osm:node:3855932729,https://www.openstreetmap.org/node/3855932729,Dunuvila Raja Maha Viharaya,Kandy,Buddhist Temple,active_unverified
pl_osm_141f7472c2,openstreetmap,node,3855951125,osm:node:3855951125,https://www.openstreetmap.org/node/3855951125,Deegala Temple,Kandy,Buddhist Temple,active_unverified
pl_osm_a4c9516fe0,openstreetmap,node,3856182036,osm:node:3856182036,https://www.openstreetmap.org/node/3856182036,dippitiya janapadaya gunannanda temple,Kandy,Buddhist Temple,active_unverified
pl_osm_471070dfca,openstreetmap,node,3856394530,osm:node:3856394530,https://www.openstreetmap.org/node/3856394530,Pahala Yatawara Viharaya,Kandy,Buddhist Temple,active_unverified
pl_osm_63b6780b97,openstreetmap,node,3856394537,osm:node:3856394537,https://www.openstreetmap.org/node/3856394537,Ihala Yatawara Kettarama Maha Viharaya,Kandy,Buddhist Temple,active_unverified
pl_osm_f9b0830db1,openstreetmap,node,3856394540,osm:node:3856394540,https://www.openstreetmap.org/node/3856394540,Gammanthalawa Temple,Kandy,Buddhist Temple,active_unverified
pl_osm_d21a0cf2cc,openstreetmap,node,3856394556,osm:node:3856394556,https://www.openstreetmap.org/node/3856394556,Daluke Sri Pushparama Viharaya,Kandy,Buddhist Temple,active_unverified
pl_osm_5f04295cbe,openstreetmap,node,3871294152,osm:node:3871294152,https://www.openstreetmap.org/node/3871294152,Ihalawela Sri Sambuddha Jayanthi Viharaya,Kandy,Buddhist Temple,active_unverified
pl_osm_2499027912,openstreetmap,node,3874155575,osm:node:3874155575,https://www.openstreetmap.org/node/3874155575,Udamuduna PoorwaramaTemple,Kandy,Buddhist Temple,active_unverified
pl_osm_f4b86c7346,openstreetmap,node,3874368601,osm:node:3874368601,https://www.openstreetmap.org/node/3874368601,Pitiyegedara Rajamaha Viharaya,Kandy,Buddhist Temple,active_unverified
pl_osm_c556e2b4da,openstreetmap,node,3981727718,osm:node:3981727718,https://www.openstreetmap.org/node/3981727718,Wanahagala Rajamaha Viharaya,Kandy,Buddhist Temple,active_unverified
pl_osm_756aeffe59,openstreetmap,node,3981730878,osm:node:3981730878,https://www.openstreetmap.org/node/3981730878,Welamada temple,Kandy,Buddhist Temple,active_unverified
pl_osm_58f0561996,openstreetmap,node,3981730880,osm:node:3981730880,https://www.openstreetmap.org/node/3981730880,Sumanarama Viharaya,Kandy,Buddhist Temple,active_unverified
pl_osm_ac9f4ea56e,openstreetmap,node,3981730894,osm:node:3981730894,https://www.openstreetmap.org/node/3981730894,Kulugammana Rajamaha Viharaya,Kandy,Buddhist Temple,active_unverified
pl_osm_69645646ec,openstreetmap,node,3981766010,osm:node:3981766010,https://www.openstreetmap.org/node/3981766010,Mapamadulla Sri Wardanaramaya,Kandy,Buddhist Temple,active_unverified
pl_osm_a933e01459,openstreetmap,node,3998840009,osm:node:3998840009,https://www.openstreetmap.org/node/3998840009,Wegiriya Temple,Kandy,Buddhist Temple,active_unverified
pl_osm_768c6d272b,openstreetmap,node,3998841903,osm:node:3998841903,https://www.openstreetmap.org/node/3998841903,Sri Rathanapala Purana Viharaya,Kandy,Buddhist Temple,active_unverified
pl_osm_ccb3dee02a,openstreetmap,node,3998841923,osm:node:3998841923,https://www.openstreetmap.org/node/3998841923,Udugama Sri Sudharshanaramaya Viharaya,Kandy,Buddhist Temple,active_unverified
pl_osm_c3cadbb0bd,openstreetmap,node,3998841951,osm:node:3998841951,https://www.openstreetmap.org/node/3998841951,Sri Vimalabudhdhi Buddhist Center,Kandy,Buddhist Temple,active_unverified
pl_osm_dfb9462a84,openstreetmap,node,3998841958,osm:node:3998841958,https://www.openstreetmap.org/node/3998841958,Sri Maha Bodhi Simamalakaya,Kandy,Buddhist Temple,active_unverified
pl_osm_b58c9ce63a,openstreetmap,node,4015957421,osm:node:4015957421,https://www.openstreetmap.org/node/4015957421,Gallkotuwa Temple,Kandy,Buddhist Temple,active_unverified
pl_osm_ae6adaa55e,openstreetmap,node,4016144318,osm:node:4016144318,https://www.openstreetmap.org/node/4016144318,Udawadiyagoda Temple,Kandy,Buddhist Temple,active_unverified
pl_osm_d20985489e,openstreetmap,node,4016144533,osm:node:4016144533,https://www.openstreetmap.org/node/4016144533,Nayiyothpana Temple,Kandy,Buddhist Temple,active_unverified
pl_osm_5055536ac1,openstreetmap,node,4016144546,osm:node:4016144546,https://www.openstreetmap.org/node/4016144546,Thiththapajjala Maha Piriwena,Kandy,Buddhist Temple,active_unverified
pl_osm_a401eeba4e,openstreetmap,node,4016196446,osm:node:4016196446,https://www.openstreetmap.org/node/4016196446,Wathuwalagala Rajamaha Viharaya,Kandy,Buddhist Temple,active_unverified
pl_osm_81d354f199,openstreetmap,node,4019181855,osm:node:4019181855,https://www.openstreetmap.org/node/4019181855,Sri Dharmaraja Piriwena,Kandy,Buddhist Temple,active_unverified
pl_osm_acf935efc8,openstreetmap,node,4025881602,osm:node:4025881602,https://www.openstreetmap.org/node/4025881602,Suduhumpola Rjamaha Viharaya,Kandy,Buddhist Temple,active_unverified
pl_osm_efe0402e33,openstreetmap,node,4025881633,osm:node:4025881633,https://www.openstreetmap.org/node/4025881633,Thumbomaluwa Viharaya,Kandy,Buddhist Temple,active_unverified
pl_osm_620a3d209d,openstreetmap,node,4025916242,osm:node:4025916242,https://www.openstreetmap.org/node/4025916242,Kaluwana Rajamaha Viharaya,Kandy,Buddhist Temple,active_unverified
pl_osm_9342bf8412,openstreetmap,node,4025916250,osm:node:4025916250,https://www.openstreetmap.org/node/4025916250,Elagolla Temple,Kandy,Buddhist Temple,active_unverified
pl_osm_8e927225f3,openstreetmap,node,4025970925,osm:node:4025970925,https://www.openstreetmap.org/node/4025970925,Sri Shantharamaya,Kandy,Buddhist Temple,active_unverified
pl_osm_7b2cbe47bf,openstreetmap,node,4025970988,osm:node:4025970988,https://www.openstreetmap.org/node/4025970988,Vajirarama International Buddhist Meditation Center,Kandy,Buddhist Temple,active_unverified
pl_osm_7f91574db8,openstreetmap,node,4034237663,osm:node:4034237663,https://www.openstreetmap.org/node/4034237663,Sri Sugatha Bimbaramaya,Kandy,Buddhist Temple,active_unverified
pl_osm_008292a6df,openstreetmap,node,4034237665,osm:node:4034237665,https://www.openstreetmap.org/node/4034237665,Udaperadeniya Viharaya,Kandy,Buddhist Temple,active_unverified
pl_osm_2d5033739f,openstreetmap,node,4034332106,osm:node:4034332106,https://www.openstreetmap.org/node/4034332106,Sri Rajopawanaramaya Temple,Kandy,Buddhist Temple,active_unverified
pl_osm_169d23cf5a,openstreetmap,node,4035896874,osm:node:4035896874,https://www.openstreetmap.org/node/4035896874,Nagawimanakanda Temple,Kandy,Buddhist Temple,active_unverified
pl_osm_3646a6fd93,openstreetmap,node,4036017572,osm:node:4036017572,https://www.openstreetmap.org/node/4036017572,Asgiri Maha Viharaya,Kandy,Buddhist Temple,active_unverified
pl_osm_351d011c48,openstreetmap,node,4038093311,osm:node:4038093311,https://www.openstreetmap.org/node/4038093311,Sambodhi Viharaya,Kandy,Buddhist Temple,active_unverified
pl_osm_0439ff1621,openstreetmap,node,4039495739,osm:node:4039495739,https://www.openstreetmap.org/node/4039495739,Galpihilla Viharaya,Kandy,Buddhist Temple,active_unverified
pl_osm_526da007a0,openstreetmap,node,4039498285,osm:node:4039498285,https://www.openstreetmap.org/node/4039498285,Walala Raja Maha Viharaya,Kandy,Buddhist Temple,active_unverified
pl_osm_d38133b775,openstreetmap,node,4039653805,osm:node:4039653805,https://www.openstreetmap.org/node/4039653805,Ganadevi Kovila Purana Viharaya,Kandy,Buddhist Temple,active_unverified
pl_osm_ca7f9b3650,openstreetmap,node,4039762007,osm:node:4039762007,https://www.openstreetmap.org/node/4039762007,Raja Maha Viharaya,Kandy,Buddhist Temple,active_unverified
pl_osm_08008b9ed1,openstreetmap,node,4039790803,osm:node:4039790803,https://www.openstreetmap.org/node/4039790803,Salawane Viharaya,Kandy,Buddhist Temple,active_unverified
pl_osm_f8626f020b,openstreetmap,node,4039893248,osm:node:4039893248,https://www.openstreetmap.org/node/4039893248,Siyambalagastenna Temple,Kandy,Buddhist Temple,active_unverified
pl_osm_84d361a8ae,openstreetmap,node,4052347204,osm:node:4052347204,https://www.openstreetmap.org/node/4052347204,Sri Dharamaloka Maha Piriwena,Kandy,Buddhist Temple,active_unverified
pl_osm_5b3a006009,openstreetmap,node,4066675769,osm:node:4066675769,https://www.openstreetmap.org/node/4066675769,Dodanwala Sri Natha Dewalaya,Kandy,Buddhist Temple,active_unverified
pl_osm_01f0454c35,openstreetmap,node,4066675771,osm:node:4066675771,https://www.openstreetmap.org/node/4066675771,Kithsiri Mewan Raja Maha Viharaya,Kandy,Buddhist Temple,active_unverified
pl_osm_2d6efa8467,openstreetmap,node,4067996155,osm:node:4067996155,https://www.openstreetmap.org/node/4067996155,Dambagoda Bo Maluwa viharaya,Kandy,Buddhist Temple,active_unverified
pl_osm_398e8527c5,openstreetmap,node,4837998356,osm:node:4837998356,https://www.openstreetmap.org/node/4837998356,Thwaites monument,Kandy,Building,active_unverified
pl_osm_591b5904e7,openstreetmap,node,8235674945,osm:node:8235674945,https://www.openstreetmap.org/node/8235674945,Ruins of James Taylor's Bungalow,Kandy,Building,active_unverified
pl_osm_072954b1ce,openstreetmap,node,11096423467,osm:node:11096423467,https://www.openstreetmap.org/node/11096423467,captain Dowsan tower,Kandy,Building,active_unverified
pl_osm_e7ed9fc616,openstreetmap,way,434724787,osm:way:434724787,https://www.openstreetmap.org/way/434724787,George Gardner Monument,Kandy,Building,active_unverified
pl_osm_cfb89271d0,openstreetmap,node,5172559561,osm:node:5172559561,https://www.openstreetmap.org/node/5172559561,World War I Memorial,Kandy,Building,active_unverified
pl_osm_854174c63d,openstreetmap,node,7085300822,osm:node:7085300822,https://www.openstreetmap.org/node/7085300822,Anagarika Dharmapala,Kandy,Building,active_unverified
pl_osm_8fbe5a6718,openstreetmap,node,10862428935,osm:node:10862428935,https://www.openstreetmap.org/node/10862428935,General Anuruddha Rateatte,Kandy,Building,active_unverified
pl_osm_1171f1f55d,openstreetmap,node,10862428936,osm:node:10862428936,https://www.openstreetmap.org/node/10862428936,George E. De Silva,Kandy,Building,active_unverified
pl_osm_4691de43fb,openstreetmap,node,1157662406,osm:node:1157662406,https://www.openstreetmap.org/node/1157662406,Shrine,Kandy,Kovil,active_unverified
pl_osm_93e812e474,openstreetmap,node,3718207704,osm:node:3718207704,https://www.openstreetmap.org/node/3718207704,Ganadevi Kovil,Kandy,Kovil,active_unverified
pl_osm_55bc2d2903,openstreetmap,node,3718210822,osm:node:3718210822,https://www.openstreetmap.org/node/3718210822,Sri Murugan Kovil,Kandy,Kovil,active_unverified
pl_osm_1db024e7cd,openstreetmap,node,3718210823,osm:node:3718210823,https://www.openstreetmap.org/node/3718210823,Vishnu Kovila,Kandy,Kovil,active_unverified
pl_osm_8cd1abf202,openstreetmap,node,3769940204,osm:node:3769940204,https://www.openstreetmap.org/node/3769940204,Nawalapitiya Hindu Temple,Kandy,Kovil,active_unverified
pl_osm_58c9788bda,openstreetmap,node,3870413553,osm:node:3870413553,https://www.openstreetmap.org/node/3870413553,Kathiresan Kovil,Kandy,Kovil,active_unverified
pl_osm_034a2e58c2,openstreetmap,node,3870564072,osm:node:3870564072,https://www.openstreetmap.org/node/3870564072,Pillaiyar Kovil,Kandy,Kovil,active_unverified
pl_osm_3fc0ce2fcc,openstreetmap,node,4039495737,osm:node:4039495737,https://www.openstreetmap.org/node/4039495737,Sri Selva Vinayagar Kovil,Kandy,Kovil,active_unverified
pl_osm_1d2d39e3f3,openstreetmap,node,4066675768,osm:node:4066675768,https://www.openstreetmap.org/node/4066675768,Dodanvala Devalaya,Kandy,Kovil,active_unverified
pl_osm_9336015e33,openstreetmap,node,5179712666,osm:node:5179712666,https://www.openstreetmap.org/node/5179712666,Uggala Kovila,Kandy,Kovil,active_unverified
pl_osm_e08f1de459,openstreetmap,node,5180062626,osm:node:5180062626,https://www.openstreetmap.org/node/5180062626,Udawaththa Kovila,Kandy,Kovil,active_unverified
pl_osm_bbfccba835,openstreetmap,node,6078188581,osm:node:6078188581,https://www.openstreetmap.org/node/6078188581,Kurugama Kovil,Kandy,Kovil,active_unverified
pl_osm_8daf241bc2,openstreetmap,node,8879041363,osm:node:8879041363,https://www.openstreetmap.org/node/8879041363,Udispattuwa Sri Kathiresan Swamy Thevasthanam,Kandy,Kovil,active_unverified
pl_osm_4a04eac94d,openstreetmap,node,9271771913,osm:node:9271771913,https://www.openstreetmap.org/node/9271771913,Sri Muththumari Amman Kovil,Kandy,Kovil,active_unverified
pl_osm_506ad54037,openstreetmap,node,10694511898,osm:node:10694511898,https://www.openstreetmap.org/node/10694511898,Nillamba Amman Kovil,Kandy,Kovil,active_unverified
pl_osm_9ad7de3105,openstreetmap,node,10694540070,osm:node:10694540070,https://www.openstreetmap.org/node/10694540070,Sri Kumaran Aalayam,Kandy,Kovil,active_unverified
pl_osm_3cad458286,openstreetmap,node,10701820808,osm:node:10701820808,https://www.openstreetmap.org/node/10701820808,Uplands Temple,Kandy,Kovil,active_unverified
pl_osm_852d2bdd61,openstreetmap,way,249171048,osm:way:249171048,https://www.openstreetmap.org/way/249171048,Hindu Kovil,Kandy,Kovil,active_unverified
pl_osm_eadfd8209e,openstreetmap,way,249373656,osm:way:249373656,https://www.openstreetmap.org/way/249373656,Murugan Kovil,Kandy,Kovil,active_unverified
pl_osm_42de3b726e,openstreetmap,way,571484470,osm:way:571484470,https://www.openstreetmap.org/way/571484470,Sri Muthumariamman Temple,Kandy,Kovil,active_unverified
pl_osm_d6528e503d,openstreetmap,way,1011162542,osm:way:1011162542,https://www.openstreetmap.org/way/1011162542,Sri Maha Mariamman Kovil,Kandy,Kovil,active_unverified
pl_osm_26fa3715a7,openstreetmap,way,1163923144,osm:way:1163923144,https://www.openstreetmap.org/way/1163923144,sri muththumariyamman temple,Kandy,Kovil,active_unverified
pl_osm_e58e6a809e,openstreetmap,node,1176188761,osm:node:1176188761,https://www.openstreetmap.org/node/1176188761,Kahapitiya Jummah Masjid,Kandy,Mosque,active_unverified
pl_osm_eb1a4c7622,openstreetmap,node,1830502789,osm:node:1830502789,https://www.openstreetmap.org/node/1830502789,Jummah Masjid,Kandy,Mosque,active_unverified
pl_osm_eeb8e9f451,openstreetmap,node,3856182235,osm:node:3856182235,https://www.openstreetmap.org/node/3856182235,Grand Mosque,Kandy,Mosque,active_unverified
pl_osm_d69885d213,openstreetmap,node,3874368634,osm:node:3874368634,https://www.openstreetmap.org/node/3874368634,Jamiul Khairath Jumma Masjid,Kandy,Mosque,active_unverified
pl_osm_d268a51f45,openstreetmap,node,4039761962,osm:node:4039761962,https://www.openstreetmap.org/node/4039761962,Akbar Mosque,Kandy,Mosque,active_unverified
pl_osm_6418d4f6e3,openstreetmap,node,4039893213,osm:node:4039893213,https://www.openstreetmap.org/node/4039893213,Al Zamil Mosque,Kandy,Mosque,active_unverified
pl_osm_afc3d39cf6,openstreetmap,node,4039893226,osm:node:4039893226,https://www.openstreetmap.org/node/4039893226,Al Hamrah,Kandy,Mosque,active_unverified
pl_osm_80b6bca896,openstreetmap,node,4039893227,osm:node:4039893227,https://www.openstreetmap.org/node/4039893227,Siyambalagastenna Jumma Masjid,Kandy,Mosque,active_unverified
pl_osm_9de15545f0,openstreetmap,node,5475026669,osm:node:5475026669,https://www.openstreetmap.org/node/5475026669,Heerassagala Jummah Mosque,Kandy,Mosque,active_unverified
pl_osm_0b222026cd,openstreetmap,node,6625415892,osm:node:6625415892,https://www.openstreetmap.org/node/6625415892,Katugastota Grand Mosque,Kandy,Mosque,active_unverified
pl_osm_885f1caa46,openstreetmap,node,8366816117,osm:node:8366816117,https://www.openstreetmap.org/node/8366816117,Masjidur Rahman Jummah Masjid,Kandy,Mosque,active_unverified
pl_osm_f96d251aaf,openstreetmap,node,10881565178,osm:node:10881565178,https://www.openstreetmap.org/node/10881565178,Town Jumma Mosque,Kandy,Mosque,active_unverified
pl_osm_6f99b77d43,openstreetmap,node,12134995942,osm:node:12134995942,https://www.openstreetmap.org/node/12134995942,Rawahiya Arabic collage,Kandy,Mosque,active_unverified
pl_osm_0d9da505c1,openstreetmap,node,12880914108,osm:node:12880914108,https://www.openstreetmap.org/node/12880914108,Udispattuwa Jumma Mosque,Kandy,Mosque,active_unverified
pl_osm_4a491cb3fa,openstreetmap,node,13575435498,osm:node:13575435498,https://www.openstreetmap.org/node/13575435498,Azhariya jumma masid,Kandy,Mosque,active_unverified
pl_osm_b630d16057,openstreetmap,node,14005746251,osm:node:14005746251,https://www.openstreetmap.org/node/14005746251,Mohideen Jumma Masjid,Kandy,Mosque,active_unverified
pl_osm_7f1afb7730,openstreetmap,node,14005796702,osm:node:14005796702,https://www.openstreetmap.org/node/14005796702,Al Jamiyathul Islamiyyah,Kandy,Mosque,active_unverified
pl_osm_aefb52ecce,openstreetmap,node,14005796704,osm:node:14005796704,https://www.openstreetmap.org/node/14005796704,Masjid Al Noor,Kandy,Mosque,active_unverified
pl_osm_8ea1ff418b,openstreetmap,node,14019905896,osm:node:14019905896,https://www.openstreetmap.org/node/14019905896,Town Jumma Masjid,Kandy,Mosque,active_unverified
pl_osm_3a40d49457,openstreetmap,way,540414652,osm:way:540414652,https://www.openstreetmap.org/way/540414652,Katukele Jumma Masjid,Kandy,Mosque,active_unverified
pl_osm_a22ea15b7d,openstreetmap,way,550358263,osm:way:550358263,https://www.openstreetmap.org/way/550358263,Malay Military Mosque,Kandy,Mosque,active_unverified
pl_osm_916acfb5df,openstreetmap,way,558134308,osm:way:558134308,https://www.openstreetmap.org/way/558134308,Jamiul Khairath Jummah Masjid Mahaiyawa,Kandy,Mosque,active_unverified
pl_osm_b7f073df85,openstreetmap,way,808053806,osm:way:808053806,https://www.openstreetmap.org/way/808053806,Al Hudha Jummah Masjid,Kandy,Mosque,active_unverified
pl_osm_f0a17e2ad3,openstreetmap,way,1005597005,osm:way:1005597005,https://www.openstreetmap.org/way/1005597005,Masjidul Akram - Jumma Mosque,Kandy,Mosque,active_unverified
pl_osm_92617f0746,openstreetmap,way,1034326710,osm:way:1034326710,https://www.openstreetmap.org/way/1034326710,Masjidussulh,Kandy,Mosque,active_unverified
pl_osm_27bb7e48a4,openstreetmap,way,1034327063,osm:way:1034327063,https://www.openstreetmap.org/way/1034327063,Dehianga Jumma Mosque,Kandy,Mosque,active_unverified
pl_osm_eaccf091f8,openstreetmap,way,1035510188,osm:way:1035510188,https://www.openstreetmap.org/way/1035510188,Nikakolla Masjid,Kandy,Mosque,active_unverified
pl_osm_451e55fa5e,openstreetmap,way,1081976883,osm:way:1081976883,https://www.openstreetmap.org/way/1081976883,Ismathenna Old Jumma Mosque,Kandy,Mosque,active_unverified
pl_osm_8bdde453f7,openstreetmap,way,1104012454,osm:way:1104012454,https://www.openstreetmap.org/way/1104012454,Selam Bridge Jumma Masjid,Kandy,Mosque,active_unverified
pl_osm_7b21a6fe86,openstreetmap,way,1169806104,osm:way:1169806104,https://www.openstreetmap.org/way/1169806104,Masjid Yousuffiyah,Kandy,Mosque,active_unverified
pl_osm_25b57cbec5,openstreetmap,way,1169813544,osm:way:1169813544,https://www.openstreetmap.org/way/1169813544,Zaviyyah Mosque,Kandy,Mosque,active_unverified
pl_osm_2cd139f9d3,openstreetmap,way,1169813551,osm:way:1169813551,https://www.openstreetmap.org/way/1169813551,Dharul Uloom Hashimiyyah,Kandy,Mosque,active_unverified
pl_osm_5bba081c39,openstreetmap,way,1413217299,osm:way:1413217299,https://www.openstreetmap.org/way/1413217299,Masjid-ul Hudha,Kandy,Mosque,active_unverified
pl_osm_27ad4ceab6,openstreetmap,node,2907674351,osm:node:2907674351,https://www.openstreetmap.org/node/2907674351,"Highway Museum, Kiribathkumbura.",Kandy,Museum,active_unverified
pl_osm_9b6eb77dac,openstreetmap,node,3276843504,osm:node:3276843504,https://www.openstreetmap.org/node/3276843504,Ceylon Tea Museum,Kandy,Museum,active_unverified
pl_osm_448c73ef00,openstreetmap,node,3412370558,osm:node:3412370558,https://www.openstreetmap.org/node/3412370558,National Railway Musuem,Kandy,Museum,active_unverified
pl_osm_c0b2442d12,openstreetmap,node,4089531749,osm:node:4089531749,https://www.openstreetmap.org/node/4089531749,Gem & Mineral Museum,Kandy,Museum,active_unverified
pl_osm_b0e5ff1c17,openstreetmap,node,4837998351,osm:node:4837998351,https://www.openstreetmap.org/node/4837998351,Plant Seed Museum,Kandy,Museum,active_unverified
pl_osm_ef46f13814,openstreetmap,node,5333411524,osm:node:5333411524,https://www.openstreetmap.org/node/5333411524,Natural Gems and Gemological Museum,Kandy,Museum,active_unverified
pl_osm_3de2a6d25b,openstreetmap,way,177112956,osm:way:177112956,https://www.openstreetmap.org/way/177112956,National Museum of Kandy,Kandy,Museum,active_unverified
pl_osm_7677c57937,openstreetmap,way,191377761,osm:way:191377761,https://www.openstreetmap.org/way/191377761,International Buddhist Museum,Kandy,Museum,active_unverified
pl_osm_cfe63c56cb,openstreetmap,way,191377766,osm:way:191377766,https://www.openstreetmap.org/way/191377766,Old Royal Palace,Kandy,Museum,active_unverified
pl_osm_ac117a88f0,openstreetmap,way,398555203,osm:way:398555203,https://www.openstreetmap.org/way/398555203,Raja Museum,Kandy,Museum,active_unverified
pl_osm_2b984dcf27,openstreetmap,way,957579584,osm:way:957579584,https://www.openstreetmap.org/way/957579584,National Railway Museum,Kandy,Museum,active_unverified
pl_osm_9c3138e272,openstreetmap,node,3412729977,osm:node:3412729977,https://www.openstreetmap.org/node/3412729977,Kengalla Ambalama,Kandy,Other,active_unverified
pl_osm_0e5f4313cd,openstreetmap,node,4358591689,osm:node:4358591689,https://www.openstreetmap.org/node/4358591689,Victoria Dam Observation Center,Kandy,Other,active_unverified
pl_osm_8c6368e4eb,openstreetmap,node,4440038982,osm:node:4440038982,https://www.openstreetmap.org/node/4440038982,Kadiyallana Falls,Kandy,Other,active_unverified
pl_osm_68a1a9fe3c,openstreetmap,node,4566489017,osm:node:4566489017,https://www.openstreetmap.org/node/4566489017,Galboda Falls,Kandy,Other,active_unverified
pl_osm_3e89fc7de9,openstreetmap,node,4731608022,osm:node:4731608022,https://www.openstreetmap.org/node/4731608022,Bhodhirukkarama Rajamaha Viharasthanaya Gamhatha,Kandy,Other,active_unverified
pl_osm_663a834efa,openstreetmap,node,4949041329,osm:node:4949041329,https://www.openstreetmap.org/node/4949041329,Holuwagoda,Kandy,Other,active_unverified
pl_osm_d498886bc5,openstreetmap,node,5063761704,osm:node:5063761704,https://www.openstreetmap.org/node/5063761704,Huluganga Ella Waterfall,Kandy,Other,active_unverified
pl_osm_87917645fc,openstreetmap,node,5080962668,osm:node:5080962668,https://www.openstreetmap.org/node/5080962668,Thaliya Wetuna Ella,Kandy,Other,active_unverified
pl_osm_ca6555ec5b,openstreetmap,node,5127717721,osm:node:5127717721,https://www.openstreetmap.org/node/5127717721,New Ranweli Spice Garden 99,Kandy,Other,active_unverified
pl_osm_98a69260ab,openstreetmap,node,5747565324,osm:node:5747565324,https://www.openstreetmap.org/node/5747565324,Diyakwrella waterfall,Kandy,Other,active_unverified
pl_osm_677b233074,openstreetmap,node,5797630154,osm:node:5797630154,https://www.openstreetmap.org/node/5797630154,Tea factory,Kandy,Other,active_unverified
pl_osm_baac2c6360,openstreetmap,node,5909688786,osm:node:5909688786,https://www.openstreetmap.org/node/5909688786,Elephant stables,Kandy,Other,active_unverified
pl_osm_a41a4e2af3,openstreetmap,node,6632682805,osm:node:6632682805,https://www.openstreetmap.org/node/6632682805,Meemure Lakegala Hiking Area,Kandy,Other,active_unverified
pl_osm_abd523d20e,openstreetmap,node,6632683387,osm:node:6632683387,https://www.openstreetmap.org/node/6632683387,Heen Gaga Natural Pool,Kandy,Other,active_unverified
pl_osm_fbb51b1d0b,openstreetmap,node,6632683388,osm:node:6632683388,https://www.openstreetmap.org/node/6632683388,Confluence Waterfall And Natural Pool,Kandy,Other,active_unverified
pl_osm_c26110ece2,openstreetmap,node,6632683390,osm:node:6632683390,https://www.openstreetmap.org/node/6632683390,Sliding Rock,Kandy,Other,active_unverified
pl_osm_e265b8abb8,openstreetmap,node,7091125990,osm:node:7091125990,https://www.openstreetmap.org/node/7091125990,Plantaz,Kandy,Other,active_unverified
pl_osm_92436a8c4b,openstreetmap,node,9158161790,osm:node:9158161790,https://www.openstreetmap.org/node/9158161790,Rangala Natural Pool,Kandy,Other,active_unverified
pl_osm_425e61e747,openstreetmap,node,11019901706,osm:node:11019901706,https://www.openstreetmap.org/node/11019901706,Puss-wel (Giant liana),Kandy,Other,active_unverified
pl_osm_c9d10e8b3b,openstreetmap,node,11583843280,osm:node:11583843280,https://www.openstreetmap.org/node/11583843280,Jodu Ella Water Falls,Kandy,Other,active_unverified
pl_osm_6a359c755f,openstreetmap,node,11823912370,osm:node:11823912370,https://www.openstreetmap.org/node/11823912370,bats,Kandy,Other,active_unverified
pl_osm_e40f4382b1,openstreetmap,node,12478688399,osm:node:12478688399,https://www.openstreetmap.org/node/12478688399,Buddha,Kandy,Other,active_unverified
pl_osm_e0eb8e52ad,openstreetmap,way,172889209,osm:way:172889209,https://www.openstreetmap.org/way/172889209,Bogambara,Kandy,Other,active_unverified
pl_osm_436047baef,openstreetmap,way,191377767,osm:way:191377767,https://www.openstreetmap.org/way/191377767,Queen's Bath,Kandy,Other,active_unverified
pl_osm_f17bd33057,openstreetmap,way,217310122,osm:way:217310122,https://www.openstreetmap.org/way/217310122,Middle Palace,Kandy,Other,active_unverified
pl_osm_7fd6bf4149,openstreetmap,way,561655456,osm:way:561655456,https://www.openstreetmap.org/way/561655456,Red Cross Cultural Hall,Kandy,Other,active_unverified
pl_osm_56f8893766,openstreetmap,way,711381263,osm:way:711381263,https://www.openstreetmap.org/way/711381263,Kadugannawa Tea Factory,Kandy,Other,active_unverified
pl_osm_2288f5fbbd,openstreetmap,way,737065663,osm:way:737065663,https://www.openstreetmap.org/way/737065663,Galpottha,Kandy,Other,active_unverified
pl_osm_14bad45f95,openstreetmap,way,1167977337,osm:way:1167977337,https://www.openstreetmap.org/way/1167977337,The Kandy Clock Tower,Kandy,Other,active_unverified
pl_osm_87b45c8fb6,openstreetmap,way,810150273,osm:way:810150273,https://www.openstreetmap.org/way/810150273,Agalawatte Estat,Kandy,Tea Estate,active_unverified
pl_osm_21fd8c3361,openstreetmap,way,1476162280,osm:way:1476162280,https://www.openstreetmap.org/way/1476162280,Hantana,Kandy,Tea Estate,active_unverified
pl_osm_60cbafdce3,openstreetmap,node,2343202793,osm:node:2343202793,https://www.openstreetmap.org/node/2343202793,Pitiye Bandara Dewalaya,Kandy,Temple,active_unverified
pl_osm_9cb93bb3a5,openstreetmap,node,2387209530,osm:node:2387209530,https://www.openstreetmap.org/node/2387209530,Gospel Church,Kandy,Temple,active_unverified
pl_osm_7c1a37eae0,openstreetmap,node,2908730451,osm:node:2908730451,https://www.openstreetmap.org/node/2908730451,Nikatenna Temple,Kandy,Temple,active_unverified
pl_osm_484b5168f5,openstreetmap,node,3237620330,osm:node:3237620330,https://www.openstreetmap.org/node/3237620330,Lighthouse Church,Kandy,Temple,active_unverified
pl_osm_8bc65dcd9f,openstreetmap,node,3572540093,osm:node:3572540093,https://www.openstreetmap.org/node/3572540093,Pussegoda,Kandy,Temple,active_unverified
pl_osm_54dab71a49,openstreetmap,node,3748992917,osm:node:3748992917,https://www.openstreetmap.org/node/3748992917,St Joseph Moscati Church,Kandy,Temple,active_unverified
pl_osm_f562f39b5a,openstreetmap,node,3749250993,osm:node:3749250993,https://www.openstreetmap.org/node/3749250993,Siri Amaragiri Viharasthanaya,Kandy,Temple,active_unverified
pl_osm_b001c70cbd,openstreetmap,node,3755864739,osm:node:3755864739,https://www.openstreetmap.org/node/3755864739,St. Andrew's Church,Kandy,Temple,active_unverified
pl_osm_5c7149cb66,openstreetmap,node,3755864742,osm:node:3755864742,https://www.openstreetmap.org/node/3755864742,St. Joseph's Church,Kandy,Temple,active_unverified
pl_osm_2c024255ab,openstreetmap,node,3756799324,osm:node:3756799324,https://www.openstreetmap.org/node/3756799324,Uda aludeniya Raja maha viharaya,Kandy,Temple,active_unverified
pl_osm_40db9907d8,openstreetmap,node,3756803073,osm:node:3756803073,https://www.openstreetmap.org/node/3756803073,Wegiriya Viharaya & Meditation Centre,Kandy,Temple,active_unverified
pl_osm_bbdeb90600,openstreetmap,node,3756881298,osm:node:3756881298,https://www.openstreetmap.org/node/3756881298,New Elpitiya Temple,Kandy,Temple,active_unverified
pl_osm_206a73f654,openstreetmap,node,3769940206,osm:node:3769940206,https://www.openstreetmap.org/node/3769940206,Assembly of God,Kandy,Temple,active_unverified
pl_osm_ae0b1da85e,openstreetmap,node,1880380897,osm:node:1880380897,https://www.openstreetmap.org/node/1880380897,Daha Ata Wanguwa,Kandy,Viewpoint,active_unverified
pl_osm_f8f316e5f4,openstreetmap,node,4157023134,osm:node:4157023134,https://www.openstreetmap.org/node/4157023134,Arthur’s Seat,Kandy,Viewpoint,active_unverified
pl_osm_08c5286a2b,openstreetmap,node,4840460417,osm:node:4840460417,https://www.openstreetmap.org/node/4840460417,Mini World's End,Kandy,Viewpoint,active_unverified
pl_osm_d21c5907c2,openstreetmap,node,4949075821,osm:node:4949075821,https://www.openstreetmap.org/node/4949075821,muthukeliyava,Kandy,Viewpoint,active_unverified
pl_osm_6df220c20c,openstreetmap,node,5166965488,osm:node:5166965488,https://www.openstreetmap.org/node/5166965488,Fool’s Bridge,Kandy,Viewpoint,active_unverified
pl_osm_a6563870fd,openstreetmap,node,6137618687,osm:node:6137618687,https://www.openstreetmap.org/node/6137618687,Lake viewpoint,Kandy,Viewpoint,active_unverified
pl_osm_a18194305e,openstreetmap,node,6181333586,osm:node:6181333586,https://www.openstreetmap.org/node/6181333586,Second Knuckles Peak,Kandy,Viewpoint,active_unverified
pl_osm_7be2c1b799,openstreetmap,node,6181334785,osm:node:6181334785,https://www.openstreetmap.org/node/6181334785,unnamed,Kandy,Viewpoint,active_unverified
pl_osm_6e55fe9cdd,openstreetmap,node,6241503885,osm:node:6241503885,https://www.openstreetmap.org/node/6241503885,Asupini Ella Waterfall viewpoint,Kandy,Viewpoint,active_unverified
pl_osm_d92f8c2de8,openstreetmap,node,6245949085,osm:node:6245949085,https://www.openstreetmap.org/node/6245949085,Kabaragala Peak Viewpoint,Kandy,Viewpoint,active_unverified
pl_osm_1ec31ae3f2,openstreetmap,node,6347257886,osm:node:6347257886,https://www.openstreetmap.org/node/6347257886,Asupini Ella Falls,Kandy,Viewpoint,active_unverified
pl_osm_3f4c011a64,openstreetmap,node,7107928945,osm:node:7107928945,https://www.openstreetmap.org/node/7107928945,Leopard rock,Kandy,Viewpoint,active_unverified
pl_osm_b53da3d3c2,openstreetmap,node,7629941568,osm:node:7629941568,https://www.openstreetmap.org/node/7629941568,Hatale Patana World's End,Kandy,Viewpoint,active_unverified
pl_osm_53f8442f22,openstreetmap,node,7629946174,osm:node:7629946174,https://www.openstreetmap.org/node/7629946174,Kellebokka State Viewpoint,Kandy,Viewpoint,active_unverified
pl_osm_9c1e7cd65d,openstreetmap,node,7637719626,osm:node:7637719626,https://www.openstreetmap.org/node/7637719626,Rathna Ella Waterfall,Kandy,Viewpoint,active_unverified
pl_osm_e43a0fda16,openstreetmap,node,8235618792,osm:node:8235618792,https://www.openstreetmap.org/node/8235618792,James Taylor's Site,Kandy,Viewpoint,active_unverified
pl_osm_8f544ab5c1,openstreetmap,node,8463144620,osm:node:8463144620,https://www.openstreetmap.org/node/8463144620,4th Peak Knuckles,Kandy,Viewpoint,active_unverified
pl_osm_e4b40dbf84,openstreetmap,node,8463144621,osm:node:8463144621,https://www.openstreetmap.org/node/8463144621,5th Peak Knuckles,Kandy,Viewpoint,active_unverified
pl_osm_87058ef09e,openstreetmap,node,8506615209,osm:node:8506615209,https://www.openstreetmap.org/node/8506615209,Monaragala,Kandy,Viewpoint,active_unverified
pl_osm_65735684fa,openstreetmap,node,8627891112,osm:node:8627891112,https://www.openstreetmap.org/node/8627891112,Katusu Konda,Kandy,Viewpoint,active_unverified
pl_osm_3367994fc1,openstreetmap,node,9171155666,osm:node:9171155666,https://www.openstreetmap.org/node/9171155666,Pettigala 2nd View Point,Kandy,Viewpoint,active_unverified
pl_osm_9a084cdeca,openstreetmap,node,9171155667,osm:node:9171155667,https://www.openstreetmap.org/node/9171155667,Pettigala View Point,Kandy,Viewpoint,active_unverified
pl_osm_356aa7f62e,openstreetmap,node,11021340105,osm:node:11021340105,https://www.openstreetmap.org/node/11021340105,Viewpoint of Asgiri Maha Vihara Pirivena,Kandy,Viewpoint,active_unverified
pl_osm_086cfe5a35,openstreetmap,node,11823906500,osm:node:11823906500,https://www.openstreetmap.org/node/11823906500,river view,Kandy,Viewpoint,active_unverified
pl_osm_2a593867c8,openstreetmap,node,12061831069,osm:node:12061831069,https://www.openstreetmap.org/node/12061831069,plantation de thé escalier,Kandy,Viewpoint,active_unverified
pl_osm_033b603daf,openstreetmap,node,1105822183,osm:node:1105822183,https://www.openstreetmap.org/node/1105822183,Pinnawala Elephant Orphanage,Kegalle,Adventure Park,active_unverified
pl_osm_3b70a17302,openstreetmap,node,3497082508,osm:node:3497082508,https://www.openstreetmap.org/node/3497082508,Pinnawela Zoo,Kegalle,Adventure Park,active_unverified
pl_osm_8d6985d12d,openstreetmap,node,4518611938,osm:node:4518611938,https://www.openstreetmap.org/node/4518611938,Ape Gama,Kegalle,Adventure Park,active_unverified
pl_osm_ad8f87c167,openstreetmap,node,1809578896,osm:node:1809578896,https://www.openstreetmap.org/node/1809578896,Sri Nandharamaya,Kegalle,Buddhist Temple,active_unverified
pl_osm_d3eb5b5d5d,openstreetmap,node,2021505008,osm:node:2021505008,https://www.openstreetmap.org/node/2021505008,Sri Rathana Palaramaya,Kegalle,Buddhist Temple,active_unverified
pl_osm_22e88b7920,openstreetmap,node,2338999817,osm:node:2338999817,https://www.openstreetmap.org/node/2338999817,Polambegoda Temple,Kegalle,Buddhist Temple,active_unverified
pl_osm_82e3c5ff8e,openstreetmap,node,2339010479,osm:node:2339010479,https://www.openstreetmap.org/node/2339010479,Rajagiri Malpa Rajamaha Viharaya,Kegalle,Buddhist Temple,active_unverified
pl_osm_97e2a0832e,openstreetmap,node,2361375519,osm:node:2361375519,https://www.openstreetmap.org/node/2361375519,Maha Bodhi Viharaya,Kegalle,Buddhist Temple,active_unverified
pl_osm_1d3f19d62d,openstreetmap,node,2411173073,osm:node:2411173073,https://www.openstreetmap.org/node/2411173073,Aluthnuwara Raja Maha Viharaya,Kegalle,Buddhist Temple,active_unverified
pl_osm_7f9cf87f32,openstreetmap,node,2905976617,osm:node:2905976617,https://www.openstreetmap.org/node/2905976617,Thun Bo Malu Wiharaya - Atulugama,Kegalle,Buddhist Temple,active_unverified
pl_osm_6aa4c099ec,openstreetmap,node,3088822294,osm:node:3088822294,https://www.openstreetmap.org/node/3088822294,Wattarama Temple,Kegalle,Buddhist Temple,active_unverified
pl_osm_e7e0b3bade,openstreetmap,node,3088872920,osm:node:3088872920,https://www.openstreetmap.org/node/3088872920,Panawala Sri Shakyamuni Viharaya,Kegalle,Buddhist Temple,active_unverified
pl_osm_e539f24b12,openstreetmap,node,3105079405,osm:node:3105079405,https://www.openstreetmap.org/node/3105079405,Maniyamgama Rajamaha Viharaya,Kegalle,Buddhist Temple,active_unverified
pl_osm_38df808b97,openstreetmap,node,3116390066,osm:node:3116390066,https://www.openstreetmap.org/node/3116390066,Muruththettuwa Purana Viharaya,Kegalle,Buddhist Temple,active_unverified
pl_osm_1d05fa485f,openstreetmap,node,3157961837,osm:node:3157961837,https://www.openstreetmap.org/node/3157961837,Dehiovita Pirivera Temple,Kegalle,Buddhist Temple,active_unverified
pl_osm_0cc3e22766,openstreetmap,node,3235859316,osm:node:3235859316,https://www.openstreetmap.org/node/3235859316,Hingula Raja Maha Viharaya,Kegalle,Buddhist Temple,active_unverified
pl_osm_e183ac68b8,openstreetmap,node,3235859348,osm:node:3235859348,https://www.openstreetmap.org/node/3235859348,Bodhimaluwa Viharaya,Kegalle,Buddhist Temple,active_unverified
pl_osm_bf50e65bde,openstreetmap,node,3235859447,osm:node:3235859447,https://www.openstreetmap.org/node/3235859447,Sri Sawathagiri Viharaya,Kegalle,Buddhist Temple,active_unverified
pl_osm_886d60e144,openstreetmap,node,3266429247,osm:node:3266429247,https://www.openstreetmap.org/node/3266429247,Access road start place to Nawgala Meheni Aramaya,Kegalle,Buddhist Temple,active_unverified
pl_osm_b6509093ed,openstreetmap,node,3266429248,osm:node:3266429248,https://www.openstreetmap.org/node/3266429248,Galigamuwa Raja Maha Viharaya,Kegalle,Buddhist Temple,active_unverified
pl_osm_3d0fc20ecd,openstreetmap,node,3353599992,osm:node:3353599992,https://www.openstreetmap.org/node/3353599992,Malmaduwa Temple,Kegalle,Buddhist Temple,active_unverified
pl_osm_ee1ba66820,openstreetmap,node,3497067786,osm:node:3497067786,https://www.openstreetmap.org/node/3497067786,Pahankanuwa | පහන්කණුව,Kegalle,Buddhist Temple,active_unverified
pl_osm_73e810a339,openstreetmap,node,3497154091,osm:node:3497154091,https://www.openstreetmap.org/node/3497154091,Atala Bodhirukkharamaya,Kegalle,Buddhist Temple,active_unverified
pl_osm_dc8f836591,openstreetmap,node,3592159709,osm:node:3592159709,https://www.openstreetmap.org/node/3592159709,Uthuwankanda Sri Bodhirajarama Viharaya,Kegalle,Buddhist Temple,active_unverified
pl_osm_d276099579,openstreetmap,node,3707563701,osm:node:3707563701,https://www.openstreetmap.org/node/3707563701,Naranbedda Temple,Kegalle,Buddhist Temple,active_unverified
pl_osm_68faca8ae0,openstreetmap,node,3715620375,osm:node:3715620375,https://www.openstreetmap.org/node/3715620375,Mediliya Temple,Kegalle,Buddhist Temple,active_unverified
pl_osm_9a68cc1325,openstreetmap,node,3725662228,osm:node:3725662228,https://www.openstreetmap.org/node/3725662228,Sri Bhodhirukkaramaya,Kegalle,Buddhist Temple,active_unverified
pl_osm_e626f77bdf,openstreetmap,node,3756794099,osm:node:3756794099,https://www.openstreetmap.org/node/3756794099,Dunumala Sri Ranjanarama Viharaya,Kegalle,Buddhist Temple,active_unverified
pl_osm_83107979d6,openstreetmap,node,3780915557,osm:node:3780915557,https://www.openstreetmap.org/node/3780915557,Siri Siilawimala Temple,Kegalle,Buddhist Temple,active_unverified
pl_osm_61a1507036,openstreetmap,node,3788950909,osm:node:3788950909,https://www.openstreetmap.org/node/3788950909,Sri Purana Paththini Dewalaya,Kegalle,Buddhist Temple,active_unverified
pl_osm_20b618d948,openstreetmap,node,4018987946,osm:node:4018987946,https://www.openstreetmap.org/node/4018987946,Wewaladeniya Sri Mahindodaya Piriwena,Kegalle,Buddhist Temple,active_unverified
pl_osm_a2717a58f0,openstreetmap,node,4056818930,osm:node:4056818930,https://www.openstreetmap.org/node/4056818930,Daluggala Sri Bodhirajaramaya,Kegalle,Buddhist Temple,active_unverified
pl_osm_35582dbdc5,openstreetmap,node,4059069371,osm:node:4059069371,https://www.openstreetmap.org/node/4059069371,Waharaka Ariyachinthashramaya,Kegalle,Buddhist Temple,active_unverified
pl_osm_b28b78464d,openstreetmap,node,4075069372,osm:node:4075069372,https://www.openstreetmap.org/node/4075069372,Sri Sugatha Vishuddharamaya,Kegalle,Buddhist Temple,active_unverified
pl_osm_4f168177f8,openstreetmap,node,4195063946,osm:node:4195063946,https://www.openstreetmap.org/node/4195063946,Vipassana Bhavana Center,Kegalle,Buddhist Temple,active_unverified
pl_osm_03a82f5a30,openstreetmap,node,4403774680,osm:node:4403774680,https://www.openstreetmap.org/node/4403774680,Pussella Temple,Kegalle,Buddhist Temple,active_unverified
pl_osm_bfe47ca255,openstreetmap,node,4403774681,osm:node:4403774681,https://www.openstreetmap.org/node/4403774681,Rideethotuwa Temple,Kegalle,Buddhist Temple,active_unverified
pl_osm_f627d31853,openstreetmap,node,4409670755,osm:node:4409670755,https://www.openstreetmap.org/node/4409670755,Bisowela Temple,Kegalle,Buddhist Temple,active_unverified
pl_osm_27abf57769,openstreetmap,node,4583093767,osm:node:4583093767,https://www.openstreetmap.org/node/4583093767,Gondhiwela Sri Shakya Senewiratnaramaya,Kegalle,Buddhist Temple,active_unverified
pl_osm_a9b8ed6f9b,openstreetmap,node,4811919126,osm:node:4811919126,https://www.openstreetmap.org/node/4811919126,Ganethenna Sri Sudharmarama Viharaya,Kegalle,Buddhist Temple,active_unverified
pl_osm_99591cd7f1,openstreetmap,node,4833933287,osm:node:4833933287,https://www.openstreetmap.org/node/4833933287,Galapitamada Buddhist Centre,Kegalle,Buddhist Temple,active_unverified
pl_osm_5dc363eed2,openstreetmap,node,4849602350,osm:node:4849602350,https://www.openstreetmap.org/node/4849602350,Kahambiliyawala Temple,Kegalle,Buddhist Temple,active_unverified
pl_osm_a9a9baff01,openstreetmap,node,4935027343,osm:node:4935027343,https://www.openstreetmap.org/node/4935027343,Rangiri Viharaya,Kegalle,Buddhist Temple,active_unverified
pl_osm_2bc2d85692,openstreetmap,node,4936560137,osm:node:4936560137,https://www.openstreetmap.org/node/4936560137,Gotabhaya Raja Maha Vihara,Kegalle,Buddhist Temple,active_unverified
pl_osm_946f7aaa15,openstreetmap,node,4949427010,osm:node:4949427010,https://www.openstreetmap.org/node/4949427010,Sri Keerthirathnarama maha viharaya,Kegalle,Buddhist Temple,active_unverified
pl_osm_a85bc79e53,openstreetmap,node,4961511411,osm:node:4961511411,https://www.openstreetmap.org/node/4961511411,Ridi Bodhiya,Kegalle,Buddhist Temple,active_unverified
pl_osm_246a373260,openstreetmap,node,5080663551,osm:node:5080663551,https://www.openstreetmap.org/node/5080663551,Sri Sunandaramaya,Kegalle,Buddhist Temple,active_unverified
pl_osm_89b2f5c70d,openstreetmap,node,5085639925,osm:node:5085639925,https://www.openstreetmap.org/node/5085639925,Sri shylathalaramaya,Kegalle,Buddhist Temple,active_unverified
pl_osm_ff1b09c4bb,openstreetmap,node,5153486334,osm:node:5153486334,https://www.openstreetmap.org/node/5153486334,Sri Sugatha Wishuddharamaya,Kegalle,Buddhist Temple,active_unverified
pl_osm_dde537de42,openstreetmap,node,5263913582,osm:node:5263913582,https://www.openstreetmap.org/node/5263913582,Gothama Viharaya,Kegalle,Buddhist Temple,active_unverified
pl_osm_cb93a4ce8b,openstreetmap,node,5271491499,osm:node:5271491499,https://www.openstreetmap.org/node/5271491499,Horewala Temple,Kegalle,Buddhist Temple,active_unverified
pl_osm_12144fc256,openstreetmap,node,5278847491,osm:node:5278847491,https://www.openstreetmap.org/node/5278847491,Morawaka Sri Sudharsanaramaya,Kegalle,Buddhist Temple,active_unverified
pl_osm_48e2163603,openstreetmap,node,5283973446,osm:node:5283973446,https://www.openstreetmap.org/node/5283973446,Mahakanda Aranya Senasanaya,Kegalle,Buddhist Temple,active_unverified
pl_osm_3b160bd457,openstreetmap,node,5283973447,osm:node:5283973447,https://www.openstreetmap.org/node/5283973447,Salgala Aranya Senasanaya,Kegalle,Buddhist Temple,active_unverified
pl_osm_7895f4ab49,openstreetmap,node,5283973449,osm:node:5283973449,https://www.openstreetmap.org/node/5283973449,Kahagala Aranya Senasanaya,Kegalle,Buddhist Temple,active_unverified
pl_osm_374f4e8f8d,openstreetmap,node,5363029412,osm:node:5363029412,https://www.openstreetmap.org/node/5363029412,Telecom Tower,Kegalle,Buddhist Temple,active_unverified
pl_osm_f58e902bcf,openstreetmap,node,5467912021,osm:node:5467912021,https://www.openstreetmap.org/node/5467912021,Pothgulgala Forest Monastery,Kegalle,Buddhist Temple,active_unverified
pl_osm_416e9cd91e,openstreetmap,node,5570353606,osm:node:5570353606,https://www.openstreetmap.org/node/5570353606,Sri Dedimunda Dewalaya,Kegalle,Buddhist Temple,active_unverified
pl_osm_df94dcd355,openstreetmap,node,5575837502,osm:node:5575837502,https://www.openstreetmap.org/node/5575837502,Sri Gnanarathana Purana Aranya Senasanaya,Kegalle,Buddhist Temple,active_unverified
pl_osm_786782dc5b,openstreetmap,node,5632360568,osm:node:5632360568,https://www.openstreetmap.org/node/5632360568,Kobbewal Sri Punyawardanaramaya,Kegalle,Buddhist Temple,active_unverified
pl_osm_9b6f67a047,openstreetmap,node,5670436539,osm:node:5670436539,https://www.openstreetmap.org/node/5670436539,Dunukewela Temple,Kegalle,Buddhist Temple,active_unverified
pl_osm_195266d03c,openstreetmap,node,5992175552,osm:node:5992175552,https://www.openstreetmap.org/node/5992175552,Sthri Pura Gal Len Viharaya,Kegalle,Buddhist Temple,active_unverified
pl_osm_abf2e1f137,openstreetmap,node,6138460311,osm:node:6138460311,https://www.openstreetmap.org/node/6138460311,Kandegedara Buddhist Temple,Kegalle,Buddhist Temple,active_unverified
pl_osm_d59a4d3461,openstreetmap,node,6209907524,osm:node:6209907524,https://www.openstreetmap.org/node/6209907524,Sri Vivekaramaya,Kegalle,Buddhist Temple,active_unverified
pl_osm_f9258166e1,openstreetmap,node,6236531449,osm:node:6236531449,https://www.openstreetmap.org/node/6236531449,Damunupola Anandaramaya,Kegalle,Buddhist Temple,active_unverified
pl_osm_394e291730,openstreetmap,node,6512880155,osm:node:6512880155,https://www.openstreetmap.org/node/6512880155,Angodagama Sri Senewiratnaramaya,Kegalle,Buddhist Temple,active_unverified
pl_osm_1ea0c47e24,openstreetmap,node,6531320863,osm:node:6531320863,https://www.openstreetmap.org/node/6531320863,Veheragala Nun's Monastery,Kegalle,Buddhist Temple,active_unverified
pl_osm_01d7032ca1,openstreetmap,node,6616527150,osm:node:6616527150,https://www.openstreetmap.org/node/6616527150,"Sri Samarasekararamaya,Siyambalapitiya.",Kegalle,Buddhist Temple,active_unverified
pl_osm_b2019dd5f6,openstreetmap,node,6699522716,osm:node:6699522716,https://www.openstreetmap.org/node/6699522716,Sri Mallikarama Viharasthanaya,Kegalle,Buddhist Temple,active_unverified
pl_osm_326816a323,openstreetmap,node,7905101875,osm:node:7905101875,https://www.openstreetmap.org/node/7905101875,Wandala Siri Vishuddharamaya,Kegalle,Buddhist Temple,active_unverified
pl_osm_ddca8be469,openstreetmap,node,10094636292,osm:node:10094636292,https://www.openstreetmap.org/node/10094636292,Madagodalanda Maha Viharaya,Kegalle,Buddhist Temple,active_unverified
pl_osm_65da0a5373,openstreetmap,node,11068291518,osm:node:11068291518,https://www.openstreetmap.org/node/11068291518,Danakirigala raja maha viharaya.,Kegalle,Buddhist Temple,active_unverified
pl_osm_cdcede7613,openstreetmap,node,11699344066,osm:node:11699344066,https://www.openstreetmap.org/node/11699344066,Welimanna shri wijayasundararamaya,Kegalle,Buddhist Temple,active_unverified
pl_osm_0d152d81b7,openstreetmap,node,13546343684,osm:node:13546343684,https://www.openstreetmap.org/node/13546343684,Elamaldeniya Sri Shailathalarama Buddhist Temple,Kegalle,Buddhist Temple,active_unverified
pl_osm_975f077aaa,openstreetmap,way,286087354,osm:way:286087354,https://www.openstreetmap.org/way/286087354,Dedigama Kotawehera(Soothigara Chethiya),Kegalle,Buddhist Temple,active_unverified
pl_osm_56ef10e4b6,openstreetmap,way,288579517,osm:way:288579517,https://www.openstreetmap.org/way/288579517,Dedigama Rajamaha Viharaya,Kegalle,Buddhist Temple,active_unverified
pl_osm_79fa5ad490,openstreetmap,way,486013607,osm:way:486013607,https://www.openstreetmap.org/way/486013607,Kithulgala Temple,Kegalle,Buddhist Temple,active_unverified
pl_osm_f70cb3db17,openstreetmap,way,530787297,osm:way:530787297,https://www.openstreetmap.org/way/530787297,Walukarama Temple,Kegalle,Buddhist Temple,active_unverified
pl_osm_0fd4e0fe3f,openstreetmap,way,546773182,osm:way:546773182,https://www.openstreetmap.org/way/546773182,Poonehela Sri Dewarakkhitha Piriwena,Kegalle,Buddhist Temple,active_unverified
pl_osm_b3f74a0b0f,openstreetmap,way,549493134,osm:way:549493134,https://www.openstreetmap.org/way/549493134,Senewirathnarama Purana Viharaya,Kegalle,Buddhist Temple,active_unverified
pl_osm_82f7b2e77d,openstreetmap,way,550890890,osm:way:550890890,https://www.openstreetmap.org/way/550890890,Sumanarama Purana Rajamaha Viharaya,Kegalle,Buddhist Temple,active_unverified
pl_osm_ab6bb6e7bf,openstreetmap,way,562146686,osm:way:562146686,https://www.openstreetmap.org/way/562146686,Palle Kanugala Sri Wijayaramaya,Kegalle,Buddhist Temple,active_unverified
pl_osm_23bf377cd7,openstreetmap,way,562146687,osm:way:562146687,https://www.openstreetmap.org/way/562146687,Kadagama Sri Wijaya Mangalaramaya,Kegalle,Buddhist Temple,active_unverified
pl_osm_c924b3172b,openstreetmap,way,562269021,osm:way:562269021,https://www.openstreetmap.org/way/562269021,Daigala Sri Bodhiraaja Viharaya,Kegalle,Buddhist Temple,active_unverified
pl_osm_b64d7c1dd2,openstreetmap,way,566249061,osm:way:566249061,https://www.openstreetmap.org/way/566249061,Sri Sudharshanarama Viharaya,Kegalle,Buddhist Temple,active_unverified
pl_osm_c282addec4,openstreetmap,way,566250019,osm:way:566250019,https://www.openstreetmap.org/way/566250019,Sri Susilaramaya,Kegalle,Buddhist Temple,active_unverified
pl_osm_5fcda47e6f,openstreetmap,way,572857188,osm:way:572857188,https://www.openstreetmap.org/way/572857188,Uthuwankanda Dharmadhutha Viharaya,Kegalle,Buddhist Temple,active_unverified
pl_osm_e4db5b79ae,openstreetmap,way,579819027,osm:way:579819027,https://www.openstreetmap.org/way/579819027,Manpita Temple,Kegalle,Buddhist Temple,active_unverified
pl_osm_417cc7cbe3,openstreetmap,way,590768628,osm:way:590768628,https://www.openstreetmap.org/way/590768628,Alpitiya Viharaya,Kegalle,Buddhist Temple,active_unverified
pl_osm_19b20c3693,openstreetmap,way,590768631,osm:way:590768631,https://www.openstreetmap.org/way/590768631,Kumbalgama Sri Bodhirajarama Purana Viharaya,Kegalle,Buddhist Temple,active_unverified
pl_osm_07d6686cde,openstreetmap,way,590768644,osm:way:590768644,https://www.openstreetmap.org/way/590768644,Rukulgama Sri Bodhirajaramaya,Kegalle,Buddhist Temple,active_unverified
pl_osm_257b4c7c72,openstreetmap,way,657341398,osm:way:657341398,https://www.openstreetmap.org/way/657341398,Medagama Sri Nagharukkharamaya,Kegalle,Buddhist Temple,active_unverified
pl_osm_da0f9808f0,openstreetmap,way,666136415,osm:way:666136415,https://www.openstreetmap.org/way/666136415,Atugoda Ihalagama Sushilarama Viharaya,Kegalle,Buddhist Temple,active_unverified
pl_osm_20aab1f8df,openstreetmap,way,666136419,osm:way:666136419,https://www.openstreetmap.org/way/666136419,Bulugahadeniya Withanarama Viharaya,Kegalle,Buddhist Temple,active_unverified
pl_osm_3697d43bcf,openstreetmap,way,677206500,osm:way:677206500,https://www.openstreetmap.org/way/677206500,Attalugoda Sri Wishuddaramaya,Kegalle,Buddhist Temple,active_unverified
pl_osm_b7a54497ae,openstreetmap,way,677206502,osm:way:677206502,https://www.openstreetmap.org/way/677206502,Paanagamuwa Sri Bodhimalakaramaya,Kegalle,Buddhist Temple,active_unverified
pl_osm_1513cf5e4e,openstreetmap,node,5091013222,osm:node:5091013222,https://www.openstreetmap.org/node/5091013222,Millangoda Elephant Village,Kegalle,Building,active_unverified
pl_osm_316367e941,openstreetmap,node,3962241454,osm:node:3962241454,https://www.openstreetmap.org/node/3962241454,St. Mary's Church,Kegalle,Church,active_unverified
pl_osm_ae1f384ff1,openstreetmap,node,7123678077,osm:node:7123678077,https://www.openstreetmap.org/node/7123678077,St. Mary's Catholic Church Yatantota,Kegalle,Church,active_unverified
pl_osm_1772e0d2ee,openstreetmap,way,1155358804,osm:way:1155358804,https://www.openstreetmap.org/way/1155358804,Kudagama palliya,Kegalle,Church,active_unverified
pl_osm_a57f19e32e,openstreetmap,node,3221192037,osm:node:3221192037,https://www.openstreetmap.org/node/3221192037,Berendi Kovil,Kegalle,Kovil,active_unverified
pl_osm_d7e68459fd,openstreetmap,node,4398621701,osm:node:4398621701,https://www.openstreetmap.org/node/4398621701,Nawagamuwa Paththini Devalaya,Kegalle,Kovil,active_unverified
pl_osm_87ee1a21c8,openstreetmap,node,2021573962,osm:node:2021573962,https://www.openstreetmap.org/node/2021573962,Talduwa Jumma Mosque,Kegalle,Mosque,active_unverified
pl_osm_30c81e260e,openstreetmap,node,2361384543,osm:node:2361384543,https://www.openstreetmap.org/node/2361384543,Masjidul Hairath,Kegalle,Mosque,active_unverified
pl_osm_1df81d3c32,openstreetmap,node,2361395603,osm:node:2361395603,https://www.openstreetmap.org/node/2361395603,Wilpola Jummah Mosque,Kegalle,Mosque,active_unverified
pl_osm_f8f233a9d7,openstreetmap,node,5623934581,osm:node:5623934581,https://www.openstreetmap.org/node/5623934581,Keraminiya mosque,Kegalle,Mosque,active_unverified
pl_osm_9a058368b6,openstreetmap,node,10068712240,osm:node:10068712240,https://www.openstreetmap.org/node/10068712240,An-Noor mosque,Kegalle,Mosque,active_unverified
pl_osm_559ff6b677,openstreetmap,node,10578236564,osm:node:10578236564,https://www.openstreetmap.org/node/10578236564,Masjidul Hudha jumma Mosque,Kegalle,Mosque,active_unverified
pl_osm_cf77c20e00,openstreetmap,node,11699344049,osm:node:11699344049,https://www.openstreetmap.org/node/11699344049,Mawathagoda Jummah Mosque,Kegalle,Mosque,active_unverified
pl_osm_f1cb5050db,openstreetmap,node,11699344058,osm:node:11699344058,https://www.openstreetmap.org/node/11699344058,Al manar jummah Masjith,Kegalle,Mosque,active_unverified
pl_osm_acb426db83,openstreetmap,node,11699344068,osm:node:11699344068,https://www.openstreetmap.org/node/11699344068,Dippitiya Town Mosque,Kegalle,Mosque,active_unverified
pl_osm_f4bce3945d,openstreetmap,way,419290856,osm:way:419290856,https://www.openstreetmap.org/way/419290856,Hemmathagama Grand Mosque,Kegalle,Mosque,active_unverified
pl_osm_7178c52fce,openstreetmap,way,1077993924,osm:way:1077993924,https://www.openstreetmap.org/way/1077993924,Jameul Hairath Jumma Masjid,Kegalle,Mosque,active_unverified
pl_osm_07ca1b2139,openstreetmap,way,1081326697,osm:way:1081326697,https://www.openstreetmap.org/way/1081326697,Town Masjid,Kegalle,Mosque,active_unverified
pl_osm_1d8c078ae3,openstreetmap,node,1733717482,osm:node:1733717482,https://www.openstreetmap.org/node/1733717482,Dedigama Museum,Kegalle,Museum,active_unverified
pl_osm_948301ae64,openstreetmap,way,286087877,osm:way:286087877,https://www.openstreetmap.org/way/286087877,Dedigama Musium,Kegalle,Museum,active_unverified
pl_osm_c7b519930b,openstreetmap,way,1077856444,osm:way:1077856444,https://www.openstreetmap.org/way/1077856444,හෙම්මාතගම බෞද්ධ මන්දිරය,Kegalle,Museum,active_unverified
pl_osm_4822d4b41f,openstreetmap,node,3412364960,osm:node:3412364960,https://www.openstreetmap.org/node/3412364960,Kadugannawa Ambalama,Kegalle,Other,active_unverified
pl_osm_af67e40e1c,openstreetmap,node,3497087123,osm:node:3497087123,https://www.openstreetmap.org/node/3497087123,Elephant bathing place,Kegalle,Other,active_unverified
pl_osm_6f4f2dd09b,openstreetmap,node,4550540793,osm:node:4550540793,https://www.openstreetmap.org/node/4550540793,legale,Kegalle,Other,active_unverified
pl_osm_0cf24bc9a2,openstreetmap,node,5080663589,osm:node:5080663589,https://www.openstreetmap.org/node/5080663589,Algama Water fall,Kegalle,Other,active_unverified
pl_osm_30e83d387a,openstreetmap,node,5080700328,osm:node:5080700328,https://www.openstreetmap.org/node/5080700328,Dunumala ella,Kegalle,Other,active_unverified
pl_osm_9a37afc504,openstreetmap,node,5085639924,osm:node:5085639924,https://www.openstreetmap.org/node/5085639924,Olu Ella water fall,Kegalle,Other,active_unverified
pl_osm_269bb17482,openstreetmap,node,5085905350,osm:node:5085905350,https://www.openstreetmap.org/node/5085905350,Rikili ella water fall,Kegalle,Other,active_unverified
pl_osm_08087d5f1c,openstreetmap,node,5404930955,osm:node:5404930955,https://www.openstreetmap.org/node/5404930955,Millennium Elephant Foundation,Kegalle,Other,active_unverified
pl_osm_2c6f47a400,openstreetmap,node,5797616053,osm:node:5797616053,https://www.openstreetmap.org/node/5797616053,spice garden,Kegalle,Other,active_unverified
pl_osm_942e287957,openstreetmap,node,5809896058,osm:node:5809896058,https://www.openstreetmap.org/node/5809896058,rafting no 99,Kegalle,Other,active_unverified
pl_osm_7419747b4a,openstreetmap,node,5935616890,osm:node:5935616890,https://www.openstreetmap.org/node/5935616890,New Regent Spice & Herbal Garden,Kegalle,Other,active_unverified
pl_osm_d98d7d0bd6,openstreetmap,way,648407512,osm:way:648407512,https://www.openstreetmap.org/way/648407512,NewParadise Spice Garden,Kegalle,Other,active_unverified
pl_osm_d2e19401b5,openstreetmap,node,1186176594,osm:node:1186176594,https://www.openstreetmap.org/node/1186176594,Beli-Lena Caves,Kegalle,Ruins,active_unverified
pl_osm_f9da3d3713,openstreetmap,node,1733717444,osm:node:1733717444,https://www.openstreetmap.org/node/1733717444,Dedigama Kota Vehera,Kegalle,Ruins,active_unverified
pl_osm_7c942d2574,openstreetmap,node,2339010101,osm:node:2339010101,https://www.openstreetmap.org/node/2339010101,Devanagala Temple,Kegalle,Ruins,active_unverified
pl_osm_e74cc6b818,openstreetmap,node,3235859402,osm:node:3235859402,https://www.openstreetmap.org/node/3235859402,Weththewa Ambalama,Kegalle,Ruins,active_unverified
pl_osm_857c654592,openstreetmap,node,3105035377,osm:node:3105035377,https://www.openstreetmap.org/node/3105035377,Seethawaka Maligawa,Kegalle,Ruins,active_unverified
pl_osm_77f668dbbd,openstreetmap,node,4957614037,osm:node:4957614037,https://www.openstreetmap.org/node/4957614037,Our Lady of Lourdes Shrine and Divine Mercy Retreat Center,Kegalle,Temple,active_unverified
pl_osm_c8fdfdf12e,openstreetmap,node,5281104221,osm:node:5281104221,https://www.openstreetmap.org/node/5281104221,Sir Visuddarama Viharaya,Kegalle,Temple,active_unverified
pl_osm_3a09ab9e61,openstreetmap,node,5980671086,osm:node:5980671086,https://www.openstreetmap.org/node/5980671086,Hindu Kovil,Kegalle,Temple,active_unverified
pl_osm_867cfacdd0,openstreetmap,node,5980671185,osm:node:5980671185,https://www.openstreetmap.org/node/5980671185,Jummah,Kegalle,Temple,active_unverified
pl_osm_ec6a489690,openstreetmap,node,7134834185,osm:node:7134834185,https://www.openstreetmap.org/node/7134834185,Pinnawala Mahamewna Asapuwa,Kegalle,Temple,active_unverified
pl_osm_b18ebce29c,openstreetmap,node,11156390889,osm:node:11156390889,https://www.openstreetmap.org/node/11156390889,Religon place,Kegalle,Temple,active_unverified
pl_osm_12252d91dc,openstreetmap,node,2361172725,osm:node:2361172725,https://www.openstreetmap.org/node/2361172725,Bible Rock,Kegalle,Viewpoint,active_unverified
pl_osm_a5878453e9,openstreetmap,node,4402350579,osm:node:4402350579,https://www.openstreetmap.org/node/4402350579,Nalangana Falls,Kegalle,Viewpoint,active_unverified
pl_osm_0d27c6549d,openstreetmap,node,4794908615,osm:node:4794908615,https://www.openstreetmap.org/node/4794908615,Rukmal Ella Waterfall,Kegalle,Viewpoint,active_unverified
pl_osm_4d2eefe74a,openstreetmap,node,5085905351,osm:node:5085905351,https://www.openstreetmap.org/node/5085905351,Weladha Ella Waterfall,Kegalle,Viewpoint,active_unverified
pl_osm_022cadf220,openstreetmap,node,5166957625,osm:node:5166957625,https://www.openstreetmap.org/node/5166957625,Ruwanwella Suspension Bridge,Kegalle,Viewpoint,active_unverified
pl_osm_ae41431144,openstreetmap,node,8506615202,osm:node:8506615202,https://www.openstreetmap.org/node/8506615202,Bathalegala,Kegalle,Viewpoint,active_unverified
pl_osm_75d75002bd,openstreetmap,node,4451419081,osm:node:4451419081,https://www.openstreetmap.org/node/4451419081,Pansala,Kilinochchi,Buddhist Temple,active_unverified
pl_osm_c9ca059e0d,openstreetmap,node,3221417154,osm:node:3221417154,https://www.openstreetmap.org/node/3221417154,Monument of Peace,Kilinochchi,Building,active_unverified
pl_osm_6186a987fd,openstreetmap,node,4095100591,osm:node:4095100591,https://www.openstreetmap.org/node/4095100591,Hasalaka Gamini Ranaviru Smarakaya,Kilinochchi,Building,active_unverified
pl_osm_57f9042457,openstreetmap,way,392708357,osm:way:392708357,https://www.openstreetmap.org/way/392708357,War Memorial,Kilinochchi,Building,active_unverified
pl_osm_02e7fd5de9,openstreetmap,node,3474436471,osm:node:3474436471,https://www.openstreetmap.org/node/3474436471,Anthoniyar Church,Kilinochchi,Church,active_unverified
pl_osm_725c8930a5,openstreetmap,node,3530320771,osm:node:3530320771,https://www.openstreetmap.org/node/3530320771,மாதா சொரூபம்,Kilinochchi,Church,active_unverified
pl_osm_c522d1e1dd,openstreetmap,node,3530331066,osm:node:3530331066,https://www.openstreetmap.org/node/3530331066,Pray for us St Anthony,Kilinochchi,Church,active_unverified
pl_osm_eb5241fc50,openstreetmap,node,3958974484,osm:node:3958974484,https://www.openstreetmap.org/node/3958974484,St Theresa's Church,Kilinochchi,Church,active_unverified
pl_osm_af495d1766,openstreetmap,node,4451433207,osm:node:4451433207,https://www.openstreetmap.org/node/4451433207,Methodist Church,Kilinochchi,Church,active_unverified
pl_osm_ec24c17279,openstreetmap,way,243021686,osm:way:243021686,https://www.openstreetmap.org/way/243021686,St Anne's Church Valaipadu,Kilinochchi,Church,active_unverified
pl_osm_96d8018db8,openstreetmap,way,416460849,osm:way:416460849,https://www.openstreetmap.org/way/416460849,St Sebastian Church,Kilinochchi,Church,active_unverified
pl_osm_5219b83b21,openstreetmap,way,436653659,osm:way:436653659,https://www.openstreetmap.org/way/436653659,"St.Antony,s church",Kilinochchi,Church,active_unverified
pl_osm_eefbc0d180,openstreetmap,way,938046780,osm:way:938046780,https://www.openstreetmap.org/way/938046780,St. Andrew's Church - Palai / Church of Ceylon,Kilinochchi,Church,active_unverified
pl_osm_79f941817a,openstreetmap,node,2430798388,osm:node:2430798388,https://www.openstreetmap.org/node/2430798388,Kanthasamy Hindu Temple,Kilinochchi,Kovil,active_unverified
pl_osm_62950b5ff7,openstreetmap,node,3530246273,osm:node:3530246273,https://www.openstreetmap.org/node/3530246273,Arulmigu Vallavambika Sametha Varasiththi Vinayagar Temple (Valippillaiyar),Kilinochchi,Kovil,active_unverified
pl_osm_d8761abd2e,openstreetmap,node,3539593184,osm:node:3539593184,https://www.openstreetmap.org/node/3539593184,Sivan Kovil,Kilinochchi,Kovil,active_unverified
pl_osm_20fea35892,openstreetmap,node,4180527658,osm:node:4180527658,https://www.openstreetmap.org/node/4180527658,Maruvodai Iyanar Kovil,Kilinochchi,Kovil,active_unverified
pl_osm_69addf78e8,openstreetmap,node,4444899123,osm:node:4444899123,https://www.openstreetmap.org/node/4444899123,Mannithalai Sivan Temple,Kilinochchi,Kovil,active_unverified
pl_osm_3e9d45876e,openstreetmap,way,243018236,osm:way:243018236,https://www.openstreetmap.org/way/243018236,Veravil Pillayar Kovil,Kilinochchi,Kovil,active_unverified
pl_osm_f8193a2dc0,openstreetmap,way,356322466,osm:way:356322466,https://www.openstreetmap.org/way/356322466,Iyanar Kovil,Kilinochchi,Kovil,active_unverified
pl_osm_11fc87153b,openstreetmap,way,356323456,osm:way:356323456,https://www.openstreetmap.org/way/356323456,Vannerik kulam Pillayar Kovil,Kilinochchi,Kovil,active_unverified
pl_osm_3426e21797,openstreetmap,way,405788563,osm:way:405788563,https://www.openstreetmap.org/way/405788563,Puliyampokkanai Nagathambiran Kovil,Kilinochchi,Kovil,active_unverified
pl_osm_daf166b11d,openstreetmap,way,409072438,osm:way:409072438,https://www.openstreetmap.org/way/409072438,Puthumurippu Pillayar Kovil,Kilinochchi,Kovil,active_unverified
pl_osm_c84168334f,openstreetmap,way,409100905,osm:way:409100905,https://www.openstreetmap.org/way/409100905,Paalayadi Pillayar Kovil,Kilinochchi,Kovil,active_unverified
pl_osm_71a86d4b37,openstreetmap,way,417227393,osm:way:417227393,https://www.openstreetmap.org/way/417227393,Karunpputhoddam Pillayar Kovil,Kilinochchi,Kovil,active_unverified
pl_osm_31b8023cb1,openstreetmap,way,417507241,osm:way:417507241,https://www.openstreetmap.org/way/417507241,Kunchcukkulam Pillayar Kovil,Kilinochchi,Kovil,active_unverified
pl_osm_04b050ea65,openstreetmap,way,417507814,osm:way:417507814,https://www.openstreetmap.org/way/417507814,Kodai Muneeswarar Kovil,Kilinochchi,Kovil,active_unverified
pl_osm_c2527b8b3b,openstreetmap,way,436368885,osm:way:436368885,https://www.openstreetmap.org/way/436368885,Cheddiya Viduthu Piillaiyar Temple,Kilinochchi,Kovil,active_unverified
pl_osm_404a3e5971,openstreetmap,way,436368975,osm:way:436368975,https://www.openstreetmap.org/way/436368975,Theththavady Pillaiyar Temple,Kilinochchi,Kovil,active_unverified
pl_osm_750be9b582,openstreetmap,way,436369459,osm:way:436369459,https://www.openstreetmap.org/way/436369459,Kombadi Amman Temple,Kilinochchi,Kovil,active_unverified
pl_osm_3cc7e7010a,openstreetmap,way,620830707,osm:way:620830707,https://www.openstreetmap.org/way/620830707,Araththi Amman Temple,Kilinochchi,Kovil,active_unverified
pl_osm_0919aaefb5,openstreetmap,way,620923033,osm:way:620923033,https://www.openstreetmap.org/way/620923033,Rettaikerny amman kovil,Kilinochchi,Kovil,active_unverified
pl_osm_c7065149a2,openstreetmap,way,667768498,osm:way:667768498,https://www.openstreetmap.org/way/667768498,Ratnapuram Pillayar Kovil,Kilinochchi,Kovil,active_unverified
pl_osm_339a530c8f,openstreetmap,way,668596818,osm:way:668596818,https://www.openstreetmap.org/way/668596818,Arumugam murugan Temple,Kilinochchi,Kovil,active_unverified
pl_osm_83ad12acea,openstreetmap,way,668600287,osm:way:668600287,https://www.openstreetmap.org/way/668600287,Sithivinayakar pillaiyar kovil,Kilinochchi,Kovil,active_unverified
pl_osm_10b6a70d73,openstreetmap,way,809876819,osm:way:809876819,https://www.openstreetmap.org/way/809876819,Murugankovil,Kilinochchi,Kovil,active_unverified
pl_osm_115f94ee2c,openstreetmap,way,938375489,osm:way:938375489,https://www.openstreetmap.org/way/938375489,Porikkadavai Amman Kovil,Kilinochchi,Kovil,active_unverified
pl_osm_e56da2f475,openstreetmap,way,938424972,osm:way:938424972,https://www.openstreetmap.org/way/938424972,Pannangkandy Pillayar Kovil,Kilinochchi,Kovil,active_unverified
pl_osm_c321c4ea80,openstreetmap,node,3958970329,osm:node:3958970329,https://www.openstreetmap.org/node/3958970329,Mosque,Kilinochchi,Mosque,active_unverified
pl_osm_8e818d9973,openstreetmap,way,882656903,osm:way:882656903,https://www.openstreetmap.org/way/882656903,Destroyed Water Tower,Kilinochchi,Ruins,active_unverified
pl_osm_6ae374d722,openstreetmap,node,4368845592,osm:node:4368845592,https://www.openstreetmap.org/node/4368845592,St.Sebastian Church - Manniththalai,Kilinochchi,Temple,active_unverified
pl_osm_2c09236931,openstreetmap,node,4370682762,osm:node:4370682762,https://www.openstreetmap.org/node/4370682762,Manniththalai Ancient Lord Shiva Temple,Kilinochchi,Temple,active_unverified
pl_osm_ae8dcc466f,openstreetmap,node,7905101884,osm:node:7905101884,https://www.openstreetmap.org/node/7905101884,Om Shakthivel Kovil,Kilinochchi,Temple,active_unverified
pl_osm_05001817f6,openstreetmap,node,10660449457,osm:node:10660449457,https://www.openstreetmap.org/node/10660449457,Parantha ASC,Kilinochchi,Temple,active_unverified
pl_osm_cd48152322,openstreetmap,node,4095100590,osm:node:4095100590,https://www.openstreetmap.org/node/4095100590,Terrrorist Bulldozer,Kilinochchi,Viewpoint,active_unverified
pl_osm_7744f82099,openstreetmap,node,4623148028,osm:node:4623148028,https://www.openstreetmap.org/node/4623148028,Dutch Fort Elephantpass Ruins,Kilinochchi,Viewpoint,active_unverified
pl_osm_1f43d516cc,openstreetmap,node,4623161206,osm:node:4623161206,https://www.openstreetmap.org/node/4623161206,Dutch Fort Beschutter Ruins,Kilinochchi,Viewpoint,active_unverified
pl_osm_af49dd10e3,openstreetmap,way,633916612,osm:way:633916612,https://www.openstreetmap.org/way/633916612,Melwatte Children Park,Kurunagala,Adventure Park,active_unverified
pl_osm_1cbbff05c9,openstreetmap,node,1855201560,osm:node:1855201560,https://www.openstreetmap.org/node/1855201560,Sri Pushparama Raja Maha Viharaya,Kurunagala,Buddhist Temple,active_unverified
pl_osm_398847c076,openstreetmap,node,1977820869,osm:node:1977820869,https://www.openstreetmap.org/node/1977820869,Sri Premananda Temple,Kurunagala,Buddhist Temple,active_unverified
pl_osm_293c81dd78,openstreetmap,node,2186928764,osm:node:2186928764,https://www.openstreetmap.org/node/2186928764,Wariyapola Raja Maha Viharaya,Kurunagala,Buddhist Temple,active_unverified
pl_osm_ca4e5b2dc7,openstreetmap,node,2186928821,osm:node:2186928821,https://www.openstreetmap.org/node/2186928821,Sri Visuddharamaya,Kurunagala,Buddhist Temple,active_unverified
pl_osm_272c3ee2f4,openstreetmap,node,2377737050,osm:node:2377737050,https://www.openstreetmap.org/node/2377737050,Kalatuwagama Temple,Kurunagala,Buddhist Temple,active_unverified
pl_osm_2e096b0866,openstreetmap,node,2381216537,osm:node:2381216537,https://www.openstreetmap.org/node/2381216537,Ganewatta Temple,Kurunagala,Buddhist Temple,active_unverified
pl_osm_8a6997f67c,openstreetmap,node,2541480287,osm:node:2541480287,https://www.openstreetmap.org/node/2541480287,Arankale Arahantha Monastery,Kurunagala,Buddhist Temple,active_unverified
pl_osm_d679570ce4,openstreetmap,node,2558587691,osm:node:2558587691,https://www.openstreetmap.org/node/2558587691,Galdeniya Raja Maha Viharaya,Kurunagala,Buddhist Temple,active_unverified
pl_osm_0a3ae4fbfb,openstreetmap,node,2559434836,osm:node:2559434836,https://www.openstreetmap.org/node/2559434836,Kurundugolla Bhikshuni Aramaya,Kurunagala,Buddhist Temple,active_unverified
pl_osm_3a2331627e,openstreetmap,node,2831639436,osm:node:2831639436,https://www.openstreetmap.org/node/2831639436,Gonnawa Sri Wishnu Devalaya,Kurunagala,Buddhist Temple,active_unverified
pl_osm_24d165a0eb,openstreetmap,node,2888534595,osm:node:2888534595,https://www.openstreetmap.org/node/2888534595,Dambadeniya Sri Wijayasundararamaya Ancient Temple,Kurunagala,Buddhist Temple,active_unverified
pl_osm_4427d9b44d,openstreetmap,node,2902613201,osm:node:2902613201,https://www.openstreetmap.org/node/2902613201,Keppitiwalana Purana Viharaya,Kurunagala,Buddhist Temple,active_unverified
pl_osm_7c796ebc25,openstreetmap,node,2902615267,osm:node:2902615267,https://www.openstreetmap.org/node/2902615267,Boyawalana Purana Viharaya,Kurunagala,Buddhist Temple,active_unverified
pl_osm_d2f170aa74,openstreetmap,node,2907542180,osm:node:2907542180,https://www.openstreetmap.org/node/2907542180,Muthugala Temple,Kurunagala,Buddhist Temple,active_unverified
pl_osm_260ba82fc4,openstreetmap,node,2908375238,osm:node:2908375238,https://www.openstreetmap.org/node/2908375238,Dampelessa Temple,Kurunagala,Buddhist Temple,active_unverified
pl_osm_7ff8f8f969,openstreetmap,node,2910614434,osm:node:2910614434,https://www.openstreetmap.org/node/2910614434,Madawala Rajamaha Viharaya,Kurunagala,Buddhist Temple,active_unverified
pl_osm_6b6a796dc6,openstreetmap,node,2910633277,osm:node:2910633277,https://www.openstreetmap.org/node/2910633277,Kanogama Temple,Kurunagala,Buddhist Temple,active_unverified
pl_osm_6261ce0c9c,openstreetmap,node,2918215670,osm:node:2918215670,https://www.openstreetmap.org/node/2918215670,Habbelekanda Arannya Senasanaya,Kurunagala,Buddhist Temple,active_unverified
pl_osm_bd4f11b5c2,openstreetmap,node,2918215835,osm:node:2918215835,https://www.openstreetmap.org/node/2918215835,Medagampola Rajamaha Viharaya,Kurunagala,Buddhist Temple,active_unverified
pl_osm_eaf0d2e229,openstreetmap,node,2918236114,osm:node:2918236114,https://www.openstreetmap.org/node/2918236114,Rangala Raja Maha Viharaya,Kurunagala,Buddhist Temple,active_unverified
pl_osm_2ee85214fe,openstreetmap,node,2920031067,osm:node:2920031067,https://www.openstreetmap.org/node/2920031067,Sevendana Rajamaha Viharaya,Kurunagala,Buddhist Temple,active_unverified
pl_osm_0fbac4f169,openstreetmap,node,3064572065,osm:node:3064572065,https://www.openstreetmap.org/node/3064572065,Lord Buddha Statue (Ethugala),Kurunagala,Buddhist Temple,active_unverified
pl_osm_f99d43cdd2,openstreetmap,node,3064600105,osm:node:3064600105,https://www.openstreetmap.org/node/3064600105,Bauddhaloka Pirivena,Kurunagala,Buddhist Temple,active_unverified
pl_osm_fb88cb979a,openstreetmap,node,3064822021,osm:node:3064822021,https://www.openstreetmap.org/node/3064822021,Kolalegala Old Temple,Kurunagala,Buddhist Temple,active_unverified
pl_osm_cd147b1a12,openstreetmap,node,3066351713,osm:node:3066351713,https://www.openstreetmap.org/node/3066351713,Thiththawella Viharaya,Kurunagala,Buddhist Temple,active_unverified
pl_osm_9d754e0ee3,openstreetmap,node,3066351789,osm:node:3066351789,https://www.openstreetmap.org/node/3066351789,Angangala Raja Maha Viharaya,Kurunagala,Buddhist Temple,active_unverified
pl_osm_f6f3667043,openstreetmap,node,3066443504,osm:node:3066443504,https://www.openstreetmap.org/node/3066443504,Welagane Temple,Kurunagala,Buddhist Temple,active_unverified
pl_osm_5ada0c9fba,openstreetmap,node,3066446248,osm:node:3066446248,https://www.openstreetmap.org/node/3066446248,Maspotha Temple,Kurunagala,Buddhist Temple,active_unverified
pl_osm_bbbae4ef51,openstreetmap,node,3066455184,osm:node:3066455184,https://www.openstreetmap.org/node/3066455184,Sri Sudharshana Maha Viharaya,Kurunagala,Buddhist Temple,active_unverified
pl_osm_28eb663164,openstreetmap,node,3070215060,osm:node:3070215060,https://www.openstreetmap.org/node/3070215060,Dematawa Sudharshanaraamaya,Kurunagala,Buddhist Temple,active_unverified
pl_osm_c8569c60ee,openstreetmap,node,3070240241,osm:node:3070240241,https://www.openstreetmap.org/node/3070240241,Dematawa Aranya,Kurunagala,Buddhist Temple,active_unverified
pl_osm_774bfa61c1,openstreetmap,node,3093900671,osm:node:3093900671,https://www.openstreetmap.org/node/3093900671,Yapahuwa Kota Vehera,Kurunagala,Buddhist Temple,active_unverified
pl_osm_77a734df8c,openstreetmap,node,3137967387,osm:node:3137967387,https://www.openstreetmap.org/node/3137967387,Bamunugedara temple,Kurunagala,Buddhist Temple,active_unverified
pl_osm_fa5c8d06a4,openstreetmap,node,3168348777,osm:node:3168348777,https://www.openstreetmap.org/node/3168348777,Wanduragala Viharaya,Kurunagala,Buddhist Temple,active_unverified
pl_osm_961d8a68fe,openstreetmap,node,3168929613,osm:node:3168929613,https://www.openstreetmap.org/node/3168929613,Sri Vijayananda Piriven Viharaya,Kurunagala,Buddhist Temple,active_unverified
pl_osm_88010168f6,openstreetmap,node,3168929883,osm:node:3168929883,https://www.openstreetmap.org/node/3168929883,Morugama viharaya,Kurunagala,Buddhist Temple,active_unverified
pl_osm_a06d5ba55f,openstreetmap,node,3171709877,osm:node:3171709877,https://www.openstreetmap.org/node/3171709877,Wehera Jayasumanaramaya,Kurunagala,Buddhist Temple,active_unverified
pl_osm_6b75d4ba80,openstreetmap,node,3180227622,osm:node:3180227622,https://www.openstreetmap.org/node/3180227622,Wew Gala Viharaya,Kurunagala,Buddhist Temple,active_unverified
pl_osm_31c177cfee,openstreetmap,node,3185981901,osm:node:3185981901,https://www.openstreetmap.org/node/3185981901,Sri Abhinawarama Viharaya,Kurunagala,Buddhist Temple,active_unverified
pl_osm_a0aa747a48,openstreetmap,node,3205677374,osm:node:3205677374,https://www.openstreetmap.org/node/3205677374,Sri Sudharshanaramaya,Kurunagala,Buddhist Temple,active_unverified
pl_osm_ddfc3f3735,openstreetmap,node,3205682115,osm:node:3205682115,https://www.openstreetmap.org/node/3205682115,Mahamewnawa Temple Uyandana,Kurunagala,Buddhist Temple,active_unverified
pl_osm_157cf8b435,openstreetmap,node,3213648168,osm:node:3213648168,https://www.openstreetmap.org/node/3213648168,Ridee Viharaya,Kurunagala,Buddhist Temple,active_unverified
pl_osm_eb7c6c3774,openstreetmap,node,3236741234,osm:node:3236741234,https://www.openstreetmap.org/node/3236741234,Sapugaskanda Wijaya Sunandarama Viharaya,Kurunagala,Buddhist Temple,active_unverified
pl_osm_7eecbcfca5,openstreetmap,node,3450047400,osm:node:3450047400,https://www.openstreetmap.org/node/3450047400,Sri Bodhirukkharamaya,Kurunagala,Buddhist Temple,active_unverified
pl_osm_3ba00da814,openstreetmap,node,3575253005,osm:node:3575253005,https://www.openstreetmap.org/node/3575253005,Ibbagala Viharaya,Kurunagala,Buddhist Temple,active_unverified
pl_osm_14c6e3363c,openstreetmap,node,3617600696,osm:node:3617600696,https://www.openstreetmap.org/node/3617600696,Mahamuni Viharaya,Kurunagala,Buddhist Temple,active_unverified
pl_osm_35d1a08e8a,openstreetmap,node,3628331167,osm:node:3628331167,https://www.openstreetmap.org/node/3628331167,Atigala Mudalindaramaya Dodangaslanda,Kurunagala,Buddhist Temple,active_unverified
pl_osm_0cc9e6fe65,openstreetmap,node,3628467862,osm:node:3628467862,https://www.openstreetmap.org/node/3628467862,mirissala temple,Kurunagala,Buddhist Temple,active_unverified
pl_osm_4dc743ad2d,openstreetmap,node,3628535216,osm:node:3628535216,https://www.openstreetmap.org/node/3628535216,Paaraagoda Sri Subhadrarama Viharaya,Kurunagala,Buddhist Temple,active_unverified
pl_osm_a27b6873e3,openstreetmap,node,3641740099,osm:node:3641740099,https://www.openstreetmap.org/node/3641740099,Mahamevnawa Asapuwa Polgahawela,Kurunagala,Buddhist Temple,active_unverified
pl_osm_7f7c9e8e04,openstreetmap,node,3706371502,osm:node:3706371502,https://www.openstreetmap.org/node/3706371502,Udaththapola Uththungaramaya,Kurunagala,Buddhist Temple,active_unverified
pl_osm_f391e3cb8c,openstreetmap,node,3706397910,osm:node:3706397910,https://www.openstreetmap.org/node/3706397910,Meepitiya Jinamandiraramaya,Kurunagala,Buddhist Temple,active_unverified
pl_osm_819d45d170,openstreetmap,node,3725754888,osm:node:3725754888,https://www.openstreetmap.org/node/3725754888,Pahala Walakumbura Temple,Kurunagala,Buddhist Temple,active_unverified
pl_osm_6edf28ff53,openstreetmap,node,3725754892,osm:node:3725754892,https://www.openstreetmap.org/node/3725754892,Ihala Walakumbura Temple,Kurunagala,Buddhist Temple,active_unverified
pl_osm_17ab712538,openstreetmap,node,3728776501,osm:node:3728776501,https://www.openstreetmap.org/node/3728776501,Kapila Viharaya,Kurunagala,Buddhist Temple,active_unverified
pl_osm_73776988ab,openstreetmap,node,3729754398,osm:node:3729754398,https://www.openstreetmap.org/node/3729754398,Gedige Dewalaya,Kurunagala,Buddhist Temple,active_unverified
pl_osm_10bd4297f3,openstreetmap,node,3729754399,osm:node:3729754399,https://www.openstreetmap.org/node/3729754399,Sri Gangaramaya Temple,Kurunagala,Buddhist Temple,active_unverified
pl_osm_090d67a80a,openstreetmap,node,3729813137,osm:node:3729813137,https://www.openstreetmap.org/node/3729813137,Galebandara devalaya,Kurunagala,Buddhist Temple,active_unverified
pl_osm_d6ae786053,openstreetmap,node,3781234947,osm:node:3781234947,https://www.openstreetmap.org/node/3781234947,Koswaththa Temple,Kurunagala,Buddhist Temple,active_unverified
pl_osm_14839cd3b9,openstreetmap,node,3785649834,osm:node:3785649834,https://www.openstreetmap.org/node/3785649834,Hathalispahuwa Temple,Kurunagala,Buddhist Temple,active_unverified
pl_osm_d07ef73010,openstreetmap,node,3803758076,osm:node:3803758076,https://www.openstreetmap.org/node/3803758076,Pujapitiya Sri Bodhimalakaramaya,Kurunagala,Buddhist Temple,active_unverified
pl_osm_d37500ff49,openstreetmap,node,3803760502,osm:node:3803760502,https://www.openstreetmap.org/node/3803760502,Jayasundararamaya,Kurunagala,Buddhist Temple,active_unverified
pl_osm_7e8c16242b,openstreetmap,node,3808386219,osm:node:3808386219,https://www.openstreetmap.org/node/3808386219,Viharegama Rajamaha Viharaya,Kurunagala,Buddhist Temple,active_unverified
pl_osm_b820dde067,openstreetmap,node,3840458269,osm:node:3840458269,https://www.openstreetmap.org/node/3840458269,Sri Bodirukkaramaya,Kurunagala,Buddhist Temple,active_unverified
pl_osm_e61d4aadf3,openstreetmap,node,3850853357,osm:node:3850853357,https://www.openstreetmap.org/node/3850853357,Kalu Bandara Devalaya & Traditional SInhala Medicine Centre,Kurunagala,Buddhist Temple,active_unverified
pl_osm_3afc3cf977,openstreetmap,node,4036963692,osm:node:4036963692,https://www.openstreetmap.org/node/4036963692,Degammeda Temple,Kurunagala,Buddhist Temple,active_unverified
pl_osm_0d3d10c4b3,openstreetmap,node,4036971490,osm:node:4036971490,https://www.openstreetmap.org/node/4036971490,Annaruwagama Abinawaramaya,Kurunagala,Buddhist Temple,active_unverified
pl_osm_6c657ef01c,openstreetmap,node,4043763401,osm:node:4043763401,https://www.openstreetmap.org/node/4043763401,Purana Rahathgal Viharaya,Kurunagala,Buddhist Temple,active_unverified
pl_osm_6e0b012164,openstreetmap,node,4095123491,osm:node:4095123491,https://www.openstreetmap.org/node/4095123491,Kondadeniya Rajamaha Viharaya,Kurunagala,Buddhist Temple,active_unverified
pl_osm_5b4f2b08e3,openstreetmap,node,4095200280,osm:node:4095200280,https://www.openstreetmap.org/node/4095200280,Thammannawa Temple,Kurunagala,Buddhist Temple,active_unverified
pl_osm_4cb9593002,openstreetmap,node,4099787026,osm:node:4099787026,https://www.openstreetmap.org/node/4099787026,Paadeniya Rajamaha Viharaya,Kurunagala,Buddhist Temple,active_unverified
pl_osm_b3e44cc3f2,openstreetmap,node,4105143445,osm:node:4105143445,https://www.openstreetmap.org/node/4105143445,Buduruwakanda Rajamaha Viharaya,Kurunagala,Buddhist Temple,active_unverified
pl_osm_d5f6f4f54b,openstreetmap,node,4406831388,osm:node:4406831388,https://www.openstreetmap.org/node/4406831388,Raswehera Purana Rajamaha Viharaya,Kurunagala,Buddhist Temple,active_unverified
pl_osm_29c69d9b70,openstreetmap,node,4414003193,osm:node:4414003193,https://www.openstreetmap.org/node/4414003193,Monaragala Vihara Buddha Statue,Kurunagala,Buddhist Temple,active_unverified
pl_osm_1c0029f37e,openstreetmap,node,4414010829,osm:node:4414010829,https://www.openstreetmap.org/node/4414010829,Kumburulena Temple,Kurunagala,Buddhist Temple,active_unverified
pl_osm_766f018a2a,openstreetmap,node,4451261130,osm:node:4451261130,https://www.openstreetmap.org/node/4451261130,Sri Bodhirajaramaya,Kurunagala,Buddhist Temple,active_unverified
pl_osm_2fb7b04e1f,openstreetmap,node,4695733509,osm:node:4695733509,https://www.openstreetmap.org/node/4695733509,Shailathalarama Viharaya,Kurunagala,Buddhist Temple,active_unverified
pl_osm_ffd6b8efcf,openstreetmap,node,4742486163,osm:node:4742486163,https://www.openstreetmap.org/node/4742486163,Manelembuwa Raja Maha Viharaya,Kurunagala,Buddhist Temple,active_unverified
pl_osm_3733a54be1,openstreetmap,node,4923011694,osm:node:4923011694,https://www.openstreetmap.org/node/4923011694,Rambadagalla Sri Monaragala Viharaya,Kurunagala,Buddhist Temple,active_unverified
pl_osm_72c2b8e080,openstreetmap,node,4923954946,osm:node:4923954946,https://www.openstreetmap.org/node/4923954946,Pillassa Temple,Kurunagala,Buddhist Temple,active_unverified
pl_osm_dcd4306e7a,openstreetmap,node,4936764752,osm:node:4936764752,https://www.openstreetmap.org/node/4936764752,Sri Mahindaramaya,Kurunagala,Buddhist Temple,active_unverified
pl_osm_67977f0241,openstreetmap,node,5166957624,osm:node:5166957624,https://www.openstreetmap.org/node/5166957624,Sri Jettathissa Raja Maha Viharaya,Kurunagala,Buddhist Temple,active_unverified
pl_osm_fb6449f2e7,openstreetmap,node,5166965478,osm:node:5166965478,https://www.openstreetmap.org/node/5166965478,Mahamithawa Sri Sumittaramaya Tampita Viharaya,Kurunagala,Buddhist Temple,active_unverified
pl_osm_a3743b5340,openstreetmap,node,5314447548,osm:node:5314447548,https://www.openstreetmap.org/node/5314447548,Devagiriya Kande Viharaya,Kurunagala,Buddhist Temple,active_unverified
pl_osm_e663cf8957,openstreetmap,node,5338881897,osm:node:5338881897,https://www.openstreetmap.org/node/5338881897,Kobbewehera Gale Bandar Dewalaya,Kurunagala,Buddhist Temple,active_unverified
pl_osm_a5e8f90f1b,openstreetmap,node,5366093935,osm:node:5366093935,https://www.openstreetmap.org/node/5366093935,Watareka Sri Sugatharamaya,Kurunagala,Buddhist Temple,active_unverified
pl_osm_ab3c7fd33d,openstreetmap,node,5414035124,osm:node:5414035124,https://www.openstreetmap.org/node/5414035124,Solewewa Temple,Kurunagala,Buddhist Temple,active_unverified
pl_osm_2f44d307c2,openstreetmap,node,7134834085,osm:node:7134834085,https://www.openstreetmap.org/node/7134834085,Sucharitha's House,Kurunagala,Building,active_unverified
pl_osm_48c41dfc5b,openstreetmap,node,9809202117,osm:node:9809202117,https://www.openstreetmap.org/node/9809202117,Sunil's Housr,Kurunagala,Building,active_unverified
pl_osm_f222fdaa55,openstreetmap,node,1261548536,osm:node:1261548536,https://www.openstreetmap.org/node/1261548536,Dutch Church,Kurunagala,Church,active_unverified
pl_osm_b98fca7111,openstreetmap,node,1976181051,osm:node:1976181051,https://www.openstreetmap.org/node/1976181051,Kadawalagedara Church,Kurunagala,Church,active_unverified
pl_osm_d7d1b7ad42,openstreetmap,node,2377733434,osm:node:2377733434,https://www.openstreetmap.org/node/2377733434,Hiripitiya church,Kurunagala,Church,active_unverified
pl_osm_9039ccef60,openstreetmap,node,2918217039,osm:node:2918217039,https://www.openstreetmap.org/node/2918217039,Alawwa Church,Kurunagala,Church,active_unverified
pl_osm_11bf16049c,openstreetmap,node,3706364275,osm:node:3706364275,https://www.openstreetmap.org/node/3706364275,Dodangaslanda Catholic Church,Kurunagala,Church,active_unverified
pl_osm_35c472da3a,openstreetmap,node,4388530429,osm:node:4388530429,https://www.openstreetmap.org/node/4388530429,St. Helen's Church,Kurunagala,Church,active_unverified
pl_osm_f6355b9b12,openstreetmap,node,4448719389,osm:node:4448719389,https://www.openstreetmap.org/node/4448719389,Saint Joseph's Church,Kurunagala,Church,active_unverified
pl_osm_268ba81480,openstreetmap,node,7732803739,osm:node:7732803739,https://www.openstreetmap.org/node/7732803739,Roman Catholic Church,Kurunagala,Church,active_unverified
pl_osm_313bcd3873,openstreetmap,node,9399149904,osm:node:9399149904,https://www.openstreetmap.org/node/9399149904,St. Benedict's Church,Kurunagala,Church,active_unverified
pl_osm_5729e9a41f,openstreetmap,node,9400611520,osm:node:9400611520,https://www.openstreetmap.org/node/9400611520,Assembly of God Church,Kurunagala,Church,active_unverified
pl_osm_6115ed5e9a,openstreetmap,node,9400611544,osm:node:9400611544,https://www.openstreetmap.org/node/9400611544,Kithu Sevana Church,Kurunagala,Church,active_unverified
pl_osm_18758b2893,openstreetmap,node,11132405470,osm:node:11132405470,https://www.openstreetmap.org/node/11132405470,St.Thomas Church,Kurunagala,Church,active_unverified
pl_osm_026fdef4a8,openstreetmap,node,12995325329,osm:node:12995325329,https://www.openstreetmap.org/node/12995325329,Pannala church,Kurunagala,Church,active_unverified
pl_osm_03c578a847,openstreetmap,node,13923569240,osm:node:13923569240,https://www.openstreetmap.org/node/13923569240,Our Lady of Sorrows Church,Kurunagala,Church,active_unverified
pl_osm_d21979c3a3,openstreetmap,node,13923582412,osm:node:13923582412,https://www.openstreetmap.org/node/13923582412,Calvary Shrine,Kurunagala,Church,active_unverified
pl_osm_78349dda2c,openstreetmap,way,286222223,osm:way:286222223,https://www.openstreetmap.org/way/286222223,Metiyagane Church,Kurunagala,Church,active_unverified
pl_osm_d3f737180c,openstreetmap,way,499229850,osm:way:499229850,https://www.openstreetmap.org/way/499229850,Cathedral Church of Christ the King,Kurunagala,Church,active_unverified
pl_osm_2e6997390a,openstreetmap,way,634303367,osm:way:634303367,https://www.openstreetmap.org/way/634303367,Salvation Army,Kurunagala,Church,active_unverified
pl_osm_ffdb92bf70,openstreetmap,node,3180227593,osm:node:3180227593,https://www.openstreetmap.org/node/3180227593,Kathiresan Kovil,Kurunagala,Kovil,active_unverified
pl_osm_a00405ec0e,openstreetmap,node,5226708299,osm:node:5226708299,https://www.openstreetmap.org/node/5226708299,Temple of The Hindu's,Kurunagala,Kovil,active_unverified
pl_osm_960edbc2a9,openstreetmap,node,9399109141,osm:node:9399109141,https://www.openstreetmap.org/node/9399109141,Pillair Kovil,Kurunagala,Kovil,active_unverified
pl_osm_25974850a1,openstreetmap,node,11132413171,osm:node:11132413171,https://www.openstreetmap.org/node/11132413171,Murugan Kovila,Kurunagala,Kovil,active_unverified
pl_osm_4ac169948c,openstreetmap,way,511881688,osm:way:511881688,https://www.openstreetmap.org/way/511881688,Sri Selva Vinayagar Temple,Kurunagala,Kovil,active_unverified
pl_osm_c24617c00f,openstreetmap,way,737221030,osm:way:737221030,https://www.openstreetmap.org/way/737221030,Diddeniya Kataragama Devalaya,Kurunagala,Kovil,active_unverified
pl_osm_c7eb183d3e,openstreetmap,node,1977821333,osm:node:1977821333,https://www.openstreetmap.org/node/1977821333,Narammala Mosque,Kurunagala,Mosque,active_unverified
pl_osm_fbefc02967,openstreetmap,node,3168269406,osm:node:3168269406,https://www.openstreetmap.org/node/3168269406,Mohideen Jumma Masjid,Kurunagala,Mosque,active_unverified
pl_osm_bad95b9881,openstreetmap,node,3180227592,osm:node:3180227592,https://www.openstreetmap.org/node/3180227592,Malay Jumma Mosque,Kurunagala,Mosque,active_unverified
pl_osm_91619cff16,openstreetmap,node,3185981955,osm:node:3185981955,https://www.openstreetmap.org/node/3185981955,Aswedduma Jumma Masjid,Kurunagala,Mosque,active_unverified
pl_osm_20ce277b5e,openstreetmap,node,5759107143,osm:node:5759107143,https://www.openstreetmap.org/node/5759107143,MASJID,Kurunagala,Mosque,active_unverified
pl_osm_dabc21a97b,openstreetmap,node,9399150943,osm:node:9399150943,https://www.openstreetmap.org/node/9399150943,Galgamuwa Mosque,Kurunagala,Mosque,active_unverified
pl_osm_fe4925c262,openstreetmap,node,9399192569,osm:node:9399192569,https://www.openstreetmap.org/node/9399192569,Town Thakkiya Mosque,Kurunagala,Mosque,active_unverified
pl_osm_69806eb53d,openstreetmap,node,9399883066,osm:node:9399883066,https://www.openstreetmap.org/node/9399883066,Jumma Masjid Palukandewa,Kurunagala,Mosque,active_unverified
pl_osm_be73467cd7,openstreetmap,node,9400611596,osm:node:9400611596,https://www.openstreetmap.org/node/9400611596,Jumma Mosque,Kurunagala,Mosque,active_unverified
pl_osm_cab94b567c,openstreetmap,node,11139094409,osm:node:11139094409,https://www.openstreetmap.org/node/11139094409,Mosque,Kurunagala,Mosque,active_unverified
pl_osm_40506dd04c,openstreetmap,node,14076448707,osm:node:14076448707,https://www.openstreetmap.org/node/14076448707,divurumpola masjidhul hudha jumma mosque,Kurunagala,Mosque,active_unverified
pl_osm_81b8fb5905,openstreetmap,way,588869420,osm:way:588869420,https://www.openstreetmap.org/way/588869420,Hadirawala Mosque,Kurunagala,Mosque,active_unverified
pl_osm_f45cda2186,openstreetmap,way,597411027,osm:way:597411027,https://www.openstreetmap.org/way/597411027,THELIYAGONNA JUMMA MOSQUE,Kurunagala,Mosque,active_unverified
pl_osm_58290eea44,openstreetmap,way,597840013,osm:way:597840013,https://www.openstreetmap.org/way/597840013,Erthungaha kotuwajumma masjid,Kurunagala,Mosque,active_unverified
pl_osm_bfd4bfee0c,openstreetmap,way,617507360,osm:way:617507360,https://www.openstreetmap.org/way/617507360,Jamiul Hairath Jummah Masjith,Kurunagala,Mosque,active_unverified
pl_osm_1d3a75fb36,openstreetmap,way,1247676486,osm:way:1247676486,https://www.openstreetmap.org/way/1247676486,Jamiul Anwar Jumma Mosque,Kurunagala,Mosque,active_unverified
pl_osm_eeff0bacee,openstreetmap,way,1247685310,osm:way:1247685310,https://www.openstreetmap.org/way/1247685310,Jamiuth Thowheed Jummah Mosque,Kurunagala,Mosque,active_unverified
pl_osm_d0526d82b5,openstreetmap,node,2902361316,osm:node:2902361316,https://www.openstreetmap.org/node/2902361316,Dambadeniya Museum,Kurunagala,Museum,active_unverified
pl_osm_36ca60a07f,openstreetmap,node,10815681905,osm:node:10815681905,https://www.openstreetmap.org/node/10815681905,Correct location of the museum,Kurunagala,Museum,active_unverified
pl_osm_7017555dfc,openstreetmap,way,390561601,osm:way:390561601,https://www.openstreetmap.org/way/390561601,Rajanganaya Museum,Kurunagala,Museum,active_unverified
pl_osm_c6011fcc6f,openstreetmap,way,407605045,osm:way:407605045,https://www.openstreetmap.org/way/407605045,Yapahuwa Museum,Kurunagala,Museum,active_unverified
pl_osm_c5fc261141,openstreetmap,way,666080543,osm:way:666080543,https://www.openstreetmap.org/way/666080543,Nisala Suwa Arana,Kurunagala,National Park,active_unverified
pl_osm_ffb2c77f0a,openstreetmap,node,2902167399,osm:node:2902167399,https://www.openstreetmap.org/node/2902167399,Dambadeniya Anciant Kingdom Rock,Kurunagala,Other,active_unverified
pl_osm_357bf094e2,openstreetmap,node,4096616981,osm:node:4096616981,https://www.openstreetmap.org/node/4096616981,Palace of King Parakramabahu II,Kurunagala,Other,active_unverified
pl_osm_bfa77590fb,openstreetmap,node,6702565385,osm:node:6702565385,https://www.openstreetmap.org/node/6702565385,Ruins,Kurunagala,Other,active_unverified
pl_osm_40186d2381,openstreetmap,node,8628173725,osm:node:8628173725,https://www.openstreetmap.org/node/8628173725,Dolukanda Cave,Kurunagala,Other,active_unverified
pl_osm_0123e11a6b,openstreetmap,node,10814382919,osm:node:10814382919,https://www.openstreetmap.org/node/10814382919,Well preserved 13th century temple,Kurunagala,Other,active_unverified
pl_osm_1935dd3551,openstreetmap,node,10815930110,osm:node:10815930110,https://www.openstreetmap.org/node/10815930110,Ruin,Kurunagala,Other,active_unverified
pl_osm_8ec0cb6032,openstreetmap,node,10815930111,osm:node:10815930111,https://www.openstreetmap.org/node/10815930111,Circular ruin,Kurunagala,Other,active_unverified
pl_osm_50038fbc7e,openstreetmap,node,10815930112,osm:node:10815930112,https://www.openstreetmap.org/node/10815930112,Outer wall,Kurunagala,Other,active_unverified
pl_osm_af2099039f,openstreetmap,node,10815937308,osm:node:10815937308,https://www.openstreetmap.org/node/10815937308,Massive tree with ruins around,Kurunagala,Other,active_unverified
pl_osm_8a84b565f5,openstreetmap,node,10815940005,osm:node:10815940005,https://www.openstreetmap.org/node/10815940005,Three ancient image houses,Kurunagala,Other,active_unverified
pl_osm_7099e0077a,openstreetmap,node,10815940006,osm:node:10815940006,https://www.openstreetmap.org/node/10815940006,Image House,Kurunagala,Other,active_unverified
pl_osm_61db2d243d,openstreetmap,node,10815940008,osm:node:10815940008,https://www.openstreetmap.org/node/10815940008,Monastery ruin,Kurunagala,Other,active_unverified
pl_osm_39145b932f,openstreetmap,node,12564912459,osm:node:12564912459,https://www.openstreetmap.org/node/12564912459,Peak,Kurunagala,Other,active_unverified
pl_osm_08b8eea411,openstreetmap,node,3937209693,osm:node:3937209693,https://www.openstreetmap.org/node/3937209693,Haththikuchchi Viharaya,Kurunagala,Ruins,active_unverified
pl_osm_c4f1502445,openstreetmap,node,4478428209,osm:node:4478428209,https://www.openstreetmap.org/node/4478428209,Panduwasnura,Kurunagala,Ruins,active_unverified
pl_osm_f877266d20,openstreetmap,way,286533752,osm:way:286533752,https://www.openstreetmap.org/way/286533752,Maliga Gala,Kurunagala,Ruins,active_unverified
pl_osm_b835ecd089,openstreetmap,way,914173458,osm:way:914173458,https://www.openstreetmap.org/way/914173458,Haththikuchchi Ruins,Kurunagala,Ruins,active_unverified
pl_osm_81e8bf6294,openstreetmap,node,3070240242,osm:node:3070240242,https://www.openstreetmap.org/node/3070240242,King Vijaya Tomb,Kurunagala,Ruins,active_unverified
pl_osm_d797cf7bfb,openstreetmap,node,3937209560,osm:node:3937209560,https://www.openstreetmap.org/node/3937209560,Haththikuchchi (Rajanganaya),Kurunagala,Ruins,active_unverified
pl_osm_276ef284be,openstreetmap,way,440018544,osm:way:440018544,https://www.openstreetmap.org/way/440018544,Panduwasnuwara,Kurunagala,Ruins,active_unverified
pl_osm_991d802187,openstreetmap,way,616177734,osm:way:616177734,https://www.openstreetmap.org/way/616177734,Nathagane Stupa,Kurunagala,Ruins,active_unverified
pl_osm_2152767688,openstreetmap,node,6074632985,osm:node:6074632985,https://www.openstreetmap.org/node/6074632985,Rangallepola,Kurunagala,Viewpoint,active_unverified
pl_osm_6504a32f84,openstreetmap,node,6159506917,osm:node:6159506917,https://www.openstreetmap.org/node/6159506917,Wilpothuwewa Bridge,Kurunagala,Viewpoint,active_unverified
pl_osm_60227ca5a3,openstreetmap,node,6398623280,osm:node:6398623280,https://www.openstreetmap.org/node/6398623280,Pahan Gala Viewpoint,Kurunagala,Viewpoint,active_unverified
pl_osm_bf3641d050,openstreetmap,node,8628173726,osm:node:8628173726,https://www.openstreetmap.org/node/8628173726,Dolukanda Sunset,Kurunagala,Viewpoint,active_unverified
pl_osm_e923e87b22,openstreetmap,node,9340201267,osm:node:9340201267,https://www.openstreetmap.org/node/9340201267,The Cocoons viewpoint,Kurunagala,Viewpoint,active_unverified
pl_osm_5860066975,openstreetmap,node,5005743687,osm:node:5005743687,https://www.openstreetmap.org/node/5005743687,Thirukketeeswaram Kovil,Mannar,Buddhist Temple,active_unverified
pl_osm_0498b66766,openstreetmap,node,5430953374,osm:node:5430953374,https://www.openstreetmap.org/node/5430953374,"St. Sebastian's Cathedral, Mannar",Mannar,Church,active_unverified
pl_osm_ca2c4b6cee,openstreetmap,way,483435994,osm:way:483435994,https://www.openstreetmap.org/way/483435994,Shrine Of Our Lady Of Madhu,Mannar,Church,active_unverified
pl_osm_24b718171d,openstreetmap,way,1019086534,osm:way:1019086534,https://www.openstreetmap.org/way/1019086534,Our Lady of Lourdes Church,Mannar,Church,active_unverified
pl_osm_656627c1e0,openstreetmap,way,1069652141,osm:way:1069652141,https://www.openstreetmap.org/way/1069652141,St.anthony's church,Mannar,Church,active_unverified
pl_osm_79b6ac92e1,openstreetmap,way,1079734773,osm:way:1079734773,https://www.openstreetmap.org/way/1079734773,New Cathedral Building,Mannar,Church,active_unverified
pl_osm_f7ae1f357f,openstreetmap,way,1216717853,osm:way:1216717853,https://www.openstreetmap.org/way/1216717853,NANATTAN CHURCH,Mannar,Church,active_unverified
pl_osm_f99ac7d17d,openstreetmap,node,4573545419,osm:node:4573545419,https://www.openstreetmap.org/node/4573545419,Kovil,Mannar,Kovil,active_unverified
pl_osm_4feda96642,openstreetmap,node,4703314568,osm:node:4703314568,https://www.openstreetmap.org/node/4703314568,Hindu Temple,Mannar,Kovil,active_unverified
pl_osm_6abc47ed43,openstreetmap,way,480240162,osm:way:480240162,https://www.openstreetmap.org/way/480240162,Thiruketheeswaram Temple,Mannar,Kovil,active_unverified
pl_osm_98896e5a05,openstreetmap,way,1069652099,osm:way:1069652099,https://www.openstreetmap.org/way/1069652099,Eluthoor Ambal temple,Mannar,Kovil,active_unverified
pl_osm_fa4256dd9c,openstreetmap,node,4322769191,osm:node:4322769191,https://www.openstreetmap.org/node/4322769191,Kootte Mosque,Mannar,Mosque,active_unverified
pl_osm_87bf7dc1b6,openstreetmap,way,434310303,osm:way:434310303,https://www.openstreetmap.org/way/434310303,Uppukulam Jummah Mosque,Mannar,Mosque,active_unverified
pl_osm_37fa647b64,openstreetmap,way,1164421201,osm:way:1164421201,https://www.openstreetmap.org/way/1164421201,RASOOL PUTHUVELI MASJID,Mannar,Mosque,active_unverified
pl_osm_c83781eafc,openstreetmap,node,4289829989,osm:node:4289829989,https://www.openstreetmap.org/node/4289829989,Mannar Dutch Fort,Mannar,Other,active_unverified
pl_osm_86a3a4c520,openstreetmap,node,4723787590,osm:node:4723787590,https://www.openstreetmap.org/node/4723787590,Baobab Tree,Mannar,Other,active_unverified
pl_osm_e460bb4943,openstreetmap,node,6183477765,osm:node:6183477765,https://www.openstreetmap.org/node/6183477765,Dorric Fort,Mannar,Other,active_unverified
pl_osm_f567820f94,openstreetmap,node,6218908687,osm:node:6218908687,https://www.openstreetmap.org/node/6218908687,Keeri beach,Mannar,Other,active_unverified
pl_osm_d6f44f405e,openstreetmap,node,12578799904,osm:node:12578799904,https://www.openstreetmap.org/node/12578799904,Donkey Clinic and education centre,Mannar,Other,active_unverified
pl_osm_add6884a9a,openstreetmap,node,12618488649,osm:node:12618488649,https://www.openstreetmap.org/node/12618488649,Hanging bridge,Mannar,Other,active_unverified
pl_osm_e0a5a9e262,openstreetmap,way,611905557,osm:way:611905557,https://www.openstreetmap.org/way/611905557,Adam's Grave,Mannar,Other,active_unverified
pl_osm_c11b9134c5,openstreetmap,node,6183477764,osm:node:6183477764,https://www.openstreetmap.org/node/6183477764,Arippu Dutch Fort,Mannar,Ruins,active_unverified
pl_osm_ba9d58dc7b,openstreetmap,node,7793068285,osm:node:7793068285,https://www.openstreetmap.org/node/7793068285,"St. Anne's Church, Vankalai",Mannar,Temple,active_unverified
pl_osm_55853cc337,openstreetmap,node,10759409898,osm:node:10759409898,https://www.openstreetmap.org/node/10759409898,Thalaimannar Islands Viewpoint,Mannar,Viewpoint,active_unverified
pl_osm_85dfb75189,openstreetmap,node,10976238973,osm:node:10976238973,https://www.openstreetmap.org/node/10976238973,Sri Rama's Bridge Viewpoint,Mannar,Viewpoint,active_unverified
pl_osm_d7ca123226,openstreetmap,node,2801368717,osm:node:2801368717,https://www.openstreetmap.org/node/2801368717,Sri Magallena Rajamaha Viharaya,Matale,Buddhist Temple,active_unverified
pl_osm_be339841d1,openstreetmap,node,3599750630,osm:node:3599750630,https://www.openstreetmap.org/node/3599750630,Weligala Temple,Matale,Buddhist Temple,active_unverified
pl_osm_b6e69175c9,openstreetmap,node,3743600797,osm:node:3743600797,https://www.openstreetmap.org/node/3743600797,Makulugaswewa Temple,Matale,Buddhist Temple,active_unverified
pl_osm_d06effe229,openstreetmap,node,3756726678,osm:node:3756726678,https://www.openstreetmap.org/node/3756726678,Sri Dhammanandaramaya,Matale,Buddhist Temple,active_unverified
pl_osm_935b51641b,openstreetmap,node,3879461387,osm:node:3879461387,https://www.openstreetmap.org/node/3879461387,Talakiriyagama Sri Buddhajayanthi Viharaya,Matale,Buddhist Temple,active_unverified
pl_osm_a1e6bf923d,openstreetmap,node,4110098850,osm:node:4110098850,https://www.openstreetmap.org/node/4110098850,Pallepola Sri Weluwanaramaya,Matale,Buddhist Temple,active_unverified
pl_osm_8cd79f3d40,openstreetmap,node,4110217790,osm:node:4110217790,https://www.openstreetmap.org/node/4110217790,Bambawa Raja Maha Viharaya,Matale,Buddhist Temple,active_unverified
pl_osm_ffe2f7591b,openstreetmap,node,4397210293,osm:node:4397210293,https://www.openstreetmap.org/node/4397210293,Awariyapathaha Raja Maha Viharaya,Matale,Buddhist Temple,active_unverified
pl_osm_5cc8e2a181,openstreetmap,node,4406975173,osm:node:4406975173,https://www.openstreetmap.org/node/4406975173,Kawatayamuna Purana Viharaya,Matale,Buddhist Temple,active_unverified
pl_osm_73d0efcc76,openstreetmap,node,4813320357,osm:node:4813320357,https://www.openstreetmap.org/node/4813320357,Ketawala Temple,Matale,Buddhist Temple,active_unverified
pl_osm_285d857db8,openstreetmap,node,4813406725,osm:node:4813406725,https://www.openstreetmap.org/node/4813406725,Andawala Temple,Matale,Buddhist Temple,active_unverified
pl_osm_f3b97efffb,openstreetmap,node,4879716136,osm:node:4879716136,https://www.openstreetmap.org/node/4879716136,Veherahena Kalyani Yogasramaya,Matale,Buddhist Temple,active_unverified
pl_osm_58cc9c591f,openstreetmap,node,4879857889,osm:node:4879857889,https://www.openstreetmap.org/node/4879857889,Sigiriya Temple,Matale,Buddhist Temple,active_unverified
pl_osm_e9b8db73ed,openstreetmap,node,4892070638,osm:node:4892070638,https://www.openstreetmap.org/node/4892070638,Sri Shaila Bimbaramaya,Matale,Buddhist Temple,active_unverified
pl_osm_725f99e3e8,openstreetmap,node,4920070966,osm:node:4920070966,https://www.openstreetmap.org/node/4920070966,Sri Sudharsanaramaya,Matale,Buddhist Temple,active_unverified
pl_osm_12c46d22c4,openstreetmap,node,4920316655,osm:node:4920316655,https://www.openstreetmap.org/node/4920316655,Sri Gunanandaramaya,Matale,Buddhist Temple,active_unverified
pl_osm_49f2acec91,openstreetmap,node,4922637669,osm:node:4922637669,https://www.openstreetmap.org/node/4922637669,Sonuththara Temple,Matale,Buddhist Temple,active_unverified
pl_osm_5ff23b385b,openstreetmap,node,4922637681,osm:node:4922637681,https://www.openstreetmap.org/node/4922637681,Handungamauwa Sri Abhinawarama Viharaya,Matale,Buddhist Temple,active_unverified
pl_osm_6247646301,openstreetmap,node,4926591555,osm:node:4926591555,https://www.openstreetmap.org/node/4926591555,Ashokaramaya Temple,Matale,Buddhist Temple,active_unverified
pl_osm_cd71e56f9d,openstreetmap,node,4926780615,osm:node:4926780615,https://www.openstreetmap.org/node/4926780615,Puwakpitiya Viharaya,Matale,Buddhist Temple,active_unverified
pl_osm_6c3022cb4f,openstreetmap,node,4933685076,osm:node:4933685076,https://www.openstreetmap.org/node/4933685076,Walakumbura Purana Viharaya,Matale,Buddhist Temple,active_unverified
pl_osm_aa478a455a,openstreetmap,node,4933685077,osm:node:4933685077,https://www.openstreetmap.org/node/4933685077,Sri Sudarshanaramaya,Matale,Buddhist Temple,active_unverified
pl_osm_dd06c6cd77,openstreetmap,node,4933895492,osm:node:4933895492,https://www.openstreetmap.org/node/4933895492,Kospotha Aranya,Matale,Buddhist Temple,active_unverified
pl_osm_90e90696b7,openstreetmap,node,4933895493,osm:node:4933895493,https://www.openstreetmap.org/node/4933895493,Moragolla Tample,Matale,Buddhist Temple,active_unverified
pl_osm_2512041857,openstreetmap,node,4933895495,osm:node:4933895495,https://www.openstreetmap.org/node/4933895495,Sri Piyarathanarama Gallen Viharaya,Matale,Buddhist Temple,active_unverified
pl_osm_e3c4cf06b1,openstreetmap,node,4933930182,osm:node:4933930182,https://www.openstreetmap.org/node/4933930182,Wijaya Sri Dammarama Viharaya,Matale,Buddhist Temple,active_unverified
pl_osm_cc476150ca,openstreetmap,node,4933934455,osm:node:4933934455,https://www.openstreetmap.org/node/4933934455,Beligamuwa Viharaya,Matale,Buddhist Temple,active_unverified
pl_osm_19bdb471f1,openstreetmap,node,4936849274,osm:node:4936849274,https://www.openstreetmap.org/node/4936849274,Wehera Purana viharaya,Matale,Buddhist Temple,active_unverified
pl_osm_428f038f82,openstreetmap,node,4936959992,osm:node:4936959992,https://www.openstreetmap.org/node/4936959992,Medabadda Temple,Matale,Buddhist Temple,active_unverified
pl_osm_b7e723f294,openstreetmap,node,4938330480,osm:node:4938330480,https://www.openstreetmap.org/node/4938330480,Ambokka Purana Rajamaha Viharaya,Matale,Buddhist Temple,active_unverified
pl_osm_202c456989,openstreetmap,node,4938366703,osm:node:4938366703,https://www.openstreetmap.org/node/4938366703,Kandewatta Temple,Matale,Buddhist Temple,active_unverified
pl_osm_4925d1607e,openstreetmap,node,4938366704,osm:node:4938366704,https://www.openstreetmap.org/node/4938366704,Jayanthi Viharaya,Matale,Buddhist Temple,active_unverified
pl_osm_b9553911d9,openstreetmap,node,4938366796,osm:node:4938366796,https://www.openstreetmap.org/node/4938366796,Sri Jethawana Viharaya,Matale,Buddhist Temple,active_unverified
pl_osm_42b61ed6bc,openstreetmap,node,4938366797,osm:node:4938366797,https://www.openstreetmap.org/node/4938366797,Maningamuwe Purana Viharaya,Matale,Buddhist Temple,active_unverified
pl_osm_bf4456633e,openstreetmap,node,4943905050,osm:node:4943905050,https://www.openstreetmap.org/node/4943905050,Sri Upathissaramaya,Matale,Buddhist Temple,active_unverified
pl_osm_1f4fcc9d86,openstreetmap,node,4944017270,osm:node:4944017270,https://www.openstreetmap.org/node/4944017270,Naagabodhi Wiharaya,Matale,Buddhist Temple,active_unverified
pl_osm_8b2cd62943,openstreetmap,node,4945392713,osm:node:4945392713,https://www.openstreetmap.org/node/4945392713,"Mahamevnawa,Madawala.",Matale,Buddhist Temple,active_unverified
pl_osm_1a77dd411f,openstreetmap,node,4945412582,osm:node:4945412582,https://www.openstreetmap.org/node/4945412582,Sri Shilamalakaramaya,Matale,Buddhist Temple,active_unverified
pl_osm_b63a27fe14,openstreetmap,node,4945412583,osm:node:4945412583,https://www.openstreetmap.org/node/4945412583,Sri Bouddhaloka Wiharaya,Matale,Buddhist Temple,active_unverified
pl_osm_c6aec64feb,openstreetmap,node,4945470885,osm:node:4945470885,https://www.openstreetmap.org/node/4945470885,Ududeniya Sri Vijayaramaya,Matale,Buddhist Temple,active_unverified
pl_osm_787d07ce04,openstreetmap,node,4946779553,osm:node:4946779553,https://www.openstreetmap.org/node/4946779553,Sri Nandarama Buddhist Center,Matale,Buddhist Temple,active_unverified
pl_osm_467a6e7618,openstreetmap,node,4948394588,osm:node:4948394588,https://www.openstreetmap.org/node/4948394588,Sri Nalandarama Viharaya,Matale,Buddhist Temple,active_unverified
pl_osm_6dd58fb859,openstreetmap,node,4948522364,osm:node:4948522364,https://www.openstreetmap.org/node/4948522364,Sri Shayla Bimbaramaya,Matale,Buddhist Temple,active_unverified
pl_osm_6960ba2e0c,openstreetmap,node,4948522365,osm:node:4948522365,https://www.openstreetmap.org/node/4948522365,Sri Ananda Bodi Viharaya,Matale,Buddhist Temple,active_unverified
pl_osm_9c410cbfb0,openstreetmap,node,4948522378,osm:node:4948522378,https://www.openstreetmap.org/node/4948522378,Mahasen Dewalaya And Temple,Matale,Buddhist Temple,active_unverified
pl_osm_f7cfdc9a02,openstreetmap,node,4948615321,osm:node:4948615321,https://www.openstreetmap.org/node/4948615321,Siri Arahaththa Pabbatharamaya,Matale,Buddhist Temple,active_unverified
pl_osm_d70b09d1f0,openstreetmap,node,4948776108,osm:node:4948776108,https://www.openstreetmap.org/node/4948776108,Buddha statue Naula,Matale,Buddhist Temple,active_unverified
pl_osm_d2c4f60b68,openstreetmap,node,4961668868,osm:node:4961668868,https://www.openstreetmap.org/node/4961668868,Nathissa Raja Maha Viharaya,Matale,Buddhist Temple,active_unverified
pl_osm_d22c4980ea,openstreetmap,node,4961881689,osm:node:4961881689,https://www.openstreetmap.org/node/4961881689,Sri Maliyadewa Raja Maha Viharaya,Matale,Buddhist Temple,active_unverified
pl_osm_cc931bf91e,openstreetmap,node,4965168168,osm:node:4965168168,https://www.openstreetmap.org/node/4965168168,Anularamaya,Matale,Buddhist Temple,active_unverified
pl_osm_c5e87a7d57,openstreetmap,node,4965414975,osm:node:4965414975,https://www.openstreetmap.org/node/4965414975,Sri Bodhirukkarama Temple,Matale,Buddhist Temple,active_unverified
pl_osm_8007f4b598,openstreetmap,node,4965414997,osm:node:4965414997,https://www.openstreetmap.org/node/4965414997,Sri Anandarama Viharaya,Matale,Buddhist Temple,active_unverified
pl_osm_9a9d5a5ff3,openstreetmap,node,4971653246,osm:node:4971653246,https://www.openstreetmap.org/node/4971653246,Sri Buddhajayanthi Viharaya,Matale,Buddhist Temple,active_unverified
pl_osm_2dc97e7989,openstreetmap,node,4971900429,osm:node:4971900429,https://www.openstreetmap.org/node/4971900429,Ambana Temple,Matale,Buddhist Temple,active_unverified
pl_osm_101794f5e9,openstreetmap,node,4971900516,osm:node:4971900516,https://www.openstreetmap.org/node/4971900516,Opalgala Bodhirukkharamaya,Matale,Buddhist Temple,active_unverified
pl_osm_210c9fa1f3,openstreetmap,node,4984933680,osm:node:4984933680,https://www.openstreetmap.org/node/4984933680,Suluna Pahura Temple,Matale,Buddhist Temple,active_unverified
pl_osm_87421ac0c1,openstreetmap,node,4984933686,osm:node:4984933686,https://www.openstreetmap.org/node/4984933686,Sri Rathanapala Dahampasala,Matale,Buddhist Temple,active_unverified
pl_osm_34287b7977,openstreetmap,node,4984933704,osm:node:4984933704,https://www.openstreetmap.org/node/4984933704,Veheragala Ancient Temple,Matale,Buddhist Temple,active_unverified
pl_osm_c67e25555d,openstreetmap,node,4984934136,osm:node:4984934136,https://www.openstreetmap.org/node/4984934136,Galaliyadda Anciant Temple,Matale,Buddhist Temple,active_unverified
pl_osm_be088df706,openstreetmap,node,4986254019,osm:node:4986254019,https://www.openstreetmap.org/node/4986254019,Kvudupelella Temple,Matale,Buddhist Temple,active_unverified
pl_osm_be5b94bff0,openstreetmap,node,4986424366,osm:node:4986424366,https://www.openstreetmap.org/node/4986424366,Sri Anandaramaya,Matale,Buddhist Temple,active_unverified
pl_osm_56720a0e28,openstreetmap,node,4986424415,osm:node:4986424415,https://www.openstreetmap.org/node/4986424415,Malgammana Sri Naga Raja Maha Viharaya,Matale,Buddhist Temple,active_unverified
pl_osm_6d35e40db5,openstreetmap,node,5071555983,osm:node:5071555983,https://www.openstreetmap.org/node/5071555983,Elkaduwa Temple,Matale,Buddhist Temple,active_unverified
pl_osm_a8310ff254,openstreetmap,node,5138765250,osm:node:5138765250,https://www.openstreetmap.org/node/5138765250,Shri Vivekaramaya Temple,Matale,Buddhist Temple,active_unverified
pl_osm_d0cb27b440,openstreetmap,node,5219301090,osm:node:5219301090,https://www.openstreetmap.org/node/5219301090,Dambagasdeniya Temple,Matale,Buddhist Temple,active_unverified
pl_osm_1d02e85221,openstreetmap,node,5219301111,osm:node:5219301111,https://www.openstreetmap.org/node/5219301111,Owilikanda Temple,Matale,Buddhist Temple,active_unverified
pl_osm_36e72b6277,openstreetmap,node,5623913422,osm:node:5623913422,https://www.openstreetmap.org/node/5623913422,Hunukatey Sri Ashokarama Temple,Matale,Buddhist Temple,active_unverified
pl_osm_448800a98b,openstreetmap,node,6915661302,osm:node:6915661302,https://www.openstreetmap.org/node/6915661302,Sri Isipathana Bodhimalu Viharaya,Matale,Buddhist Temple,active_unverified
pl_osm_f0bf94a638,openstreetmap,node,9547089117,osm:node:9547089117,https://www.openstreetmap.org/node/9547089117,Sankassapura Senasanaya Anakatawa,Matale,Buddhist Temple,active_unverified
pl_osm_2a68ec4406,openstreetmap,node,9771464083,osm:node:9771464083,https://www.openstreetmap.org/node/9771464083,Sri Kulathungarama Bhavanava,Matale,Buddhist Temple,active_unverified
pl_osm_38b1f83514,openstreetmap,node,9779606636,osm:node:9779606636,https://www.openstreetmap.org/node/9779606636,kawdupelella pansala,Matale,Buddhist Temple,active_unverified
pl_osm_2db025e1e8,openstreetmap,node,9954125196,osm:node:9954125196,https://www.openstreetmap.org/node/9954125196,Mithsewana,Matale,Buddhist Temple,active_unverified
pl_osm_37dadc2047,openstreetmap,node,10856002132,osm:node:10856002132,https://www.openstreetmap.org/node/10856002132,නෙලුම්ගල ආරණ්‍ය සේනාසනය | Nelumgala Aranya Senasanaya,Matale,Buddhist Temple,active_unverified
pl_osm_f329e866a6,openstreetmap,node,12886319385,osm:node:12886319385,https://www.openstreetmap.org/node/12886319385,Koholanwela Temple,Matale,Buddhist Temple,active_unverified
pl_osm_939278dd40,openstreetmap,node,13757990001,osm:node:13757990001,https://www.openstreetmap.org/node/13757990001,Lunuatuwa Forest Monastery ‐ ලුණුඅටුව ආරණ්‍ය සේනාසනය,Matale,Buddhist Temple,active_unverified
pl_osm_8552225482,openstreetmap,node,13760013101,osm:node:13760013101,https://www.openstreetmap.org/node/13760013101,Vipassana Bhavana Center,Matale,Buddhist Temple,active_unverified
pl_osm_2c4c259836,openstreetmap,node,13760647301,osm:node:13760647301,https://www.openstreetmap.org/node/13760647301,Mahamevnawa Matale,Matale,Buddhist Temple,active_unverified
pl_osm_575a920cce,openstreetmap,way,398737881,osm:way:398737881,https://www.openstreetmap.org/way/398737881,New Temple,Matale,Buddhist Temple,active_unverified
pl_osm_6e605e40aa,openstreetmap,way,409124846,osm:way:409124846,https://www.openstreetmap.org/way/409124846,Nagolla Purana Viharaya,Matale,Buddhist Temple,active_unverified
pl_osm_e56b5b4858,openstreetmap,way,431488935,osm:way:431488935,https://www.openstreetmap.org/way/431488935,The Golden Temple,Matale,Buddhist Temple,active_unverified
pl_osm_dd10b34621,openstreetmap,way,431489913,osm:way:431489913,https://www.openstreetmap.org/way/431489913,Dambulla Cave Temple,Matale,Buddhist Temple,active_unverified
pl_osm_c8da00f377,openstreetmap,way,567520619,osm:way:567520619,https://www.openstreetmap.org/way/567520619,Inamaluwa Temple,Matale,Buddhist Temple,active_unverified
pl_osm_6b12386a23,openstreetmap,way,580335941,osm:way:580335941,https://www.openstreetmap.org/way/580335941,Sri Dharmaraja Maha Piriwena,Matale,Buddhist Temple,active_unverified
pl_osm_523704133e,openstreetmap,way,580335978,osm:way:580335978,https://www.openstreetmap.org/way/580335978,Bomaluwa Purana Viharaya,Matale,Buddhist Temple,active_unverified
pl_osm_4abf064564,openstreetmap,way,581116450,osm:way:581116450,https://www.openstreetmap.org/way/581116450,Somawathi Dagoba,Matale,Buddhist Temple,active_unverified
pl_osm_721eaa3e81,openstreetmap,way,827476671,osm:way:827476671,https://www.openstreetmap.org/way/827476671,Sri Sudarshana Piriwena,Matale,Buddhist Temple,active_unverified
pl_osm_95ff0ca968,openstreetmap,way,1075222740,osm:way:1075222740,https://www.openstreetmap.org/way/1075222740,Statue,Matale,Buddhist Temple,active_unverified
pl_osm_1b4b06b570,openstreetmap,way,1078779989,osm:way:1078779989,https://www.openstreetmap.org/way/1078779989,Nithissa Raja Maha Viharaya,Matale,Buddhist Temple,active_unverified
pl_osm_98d9565ce0,openstreetmap,way,1197751507,osm:way:1197751507,https://www.openstreetmap.org/way/1197751507,Matale Aluvihara Raja Maha Viharaya,Matale,Buddhist Temple,active_unverified
pl_osm_4c2d377d7b,openstreetmap,way,1310825605,osm:way:1310825605,https://www.openstreetmap.org/way/1310825605,Ramakale Stupa,Matale,Buddhist Temple,active_unverified
pl_osm_fa12bc62fb,openstreetmap,node,4016303689,osm:node:4016303689,https://www.openstreetmap.org/node/4016303689,Lion's Paws,Matale,Building,active_unverified
pl_osm_111ca509d9,openstreetmap,node,6181355843,osm:node:6181355843,https://www.openstreetmap.org/node/6181355843,Sima Malakaya,Matale,Building,active_unverified
pl_osm_b9d28740cc,openstreetmap,node,11775113771,osm:node:11775113771,https://www.openstreetmap.org/node/11775113771,Soldier,Matale,Building,active_unverified
pl_osm_6cbb16af70,openstreetmap,node,12788198153,osm:node:12788198153,https://www.openstreetmap.org/node/12788198153,9 c. inscription,Matale,Building,active_unverified
pl_osm_2ec0a5519d,openstreetmap,node,12788198178,osm:node:12788198178,https://www.openstreetmap.org/node/12788198178,10 c. inscription,Matale,Building,active_unverified
pl_osm_0e36ba7c05,openstreetmap,node,4524885990,osm:node:4524885990,https://www.openstreetmap.org/node/4524885990,St. Anthony's Church - Wahakotte,Matale,Church,active_unverified
pl_osm_7abdfc13a8,openstreetmap,node,4879715303,osm:node:4879715303,https://www.openstreetmap.org/node/4879715303,St. Sebastian Church,Matale,Church,active_unverified
pl_osm_6241813819,openstreetmap,node,4984933685,osm:node:4984933685,https://www.openstreetmap.org/node/4984933685,St. Mary's Church,Matale,Church,active_unverified
pl_osm_c4aa88ffe7,openstreetmap,way,287420572,osm:way:287420572,https://www.openstreetmap.org/way/287420572,Rattota Baptist Church,Matale,Church,active_unverified
pl_osm_9197b1c9e3,openstreetmap,way,579902150,osm:way:579902150,https://www.openstreetmap.org/way/579902150,Saint Thomas' Church,Matale,Church,active_unverified
pl_osm_5225efdfd4,openstreetmap,node,1728628589,osm:node:1728628589,https://www.openstreetmap.org/node/1728628589,Kanapathi Kovil,Matale,Kovil,active_unverified
pl_osm_ffb8a2cd40,openstreetmap,node,4938330481,osm:node:4938330481,https://www.openstreetmap.org/node/4938330481,Ambokka Paththini Devalaya,Matale,Kovil,active_unverified
pl_osm_0ff5367cb5,openstreetmap,node,9767408350,osm:node:9767408350,https://www.openstreetmap.org/node/9767408350,Arulmihu Sri Muthumariyamman Temple,Matale,Kovil,active_unverified
pl_osm_2ee49e4d5f,openstreetmap,node,9767408351,osm:node:9767408351,https://www.openstreetmap.org/node/9767408351,Sri Sivasubramaniyar Temple,Matale,Kovil,active_unverified
pl_osm_0780eb12fd,openstreetmap,node,9771162661,osm:node:9771162661,https://www.openstreetmap.org/node/9771162661,Rattota Pillayar Kovil,Matale,Kovil,active_unverified
pl_osm_5c5d15c727,openstreetmap,node,9779608257,osm:node:9779608257,https://www.openstreetmap.org/node/9779608257,kawdupelella pillayar aalayam,Matale,Kovil,active_unverified
pl_osm_94d1bebe9d,openstreetmap,way,274093781,osm:way:274093781,https://www.openstreetmap.org/way/274093781,Sri Muthumariamman Thevasthanam,Matale,Kovil,active_unverified
pl_osm_65de1baf26,openstreetmap,way,1102859686,osm:way:1102859686,https://www.openstreetmap.org/way/1102859686,pillayar kovil,Matale,Kovil,active_unverified
pl_osm_f2ce78b534,openstreetmap,node,14019887100,osm:node:14019887100,https://www.openstreetmap.org/node/14019887100,Gongawela Jumma Masjid,Matale,Mosque,active_unverified
pl_osm_71566c6b3b,openstreetmap,node,14019895824,osm:node:14019895824,https://www.openstreetmap.org/node/14019895824,Raheemiya Jumma Masjid,Matale,Mosque,active_unverified
pl_osm_54d9d11d29,openstreetmap,way,1078126798,osm:way:1078126798,https://www.openstreetmap.org/way/1078126798,Jumma Masjid,Matale,Mosque,active_unverified
pl_osm_670e0cffd6,openstreetmap,way,1145080590,osm:way:1145080590,https://www.openstreetmap.org/way/1145080590,masjidul Hudha Jumma Mosque,Matale,Mosque,active_unverified
pl_osm_8223f01598,openstreetmap,way,1167295611,osm:way:1167295611,https://www.openstreetmap.org/way/1167295611,Masjidul Noor Jummah Mosque,Matale,Mosque,active_unverified
pl_osm_afcf1554e0,openstreetmap,way,1167295615,osm:way:1167295615,https://www.openstreetmap.org/way/1167295615,Maberiya Jummah Masjidh,Matale,Mosque,active_unverified
pl_osm_76f855994e,openstreetmap,way,1167319668,osm:way:1167319668,https://www.openstreetmap.org/way/1167319668,Ukuwela Town Masjidh,Matale,Mosque,active_unverified
pl_osm_22d6d7f0a8,openstreetmap,node,6144326492,osm:node:6144326492,https://www.openstreetmap.org/node/6144326492,Aluvihare Walauwe,Matale,Museum,active_unverified
pl_osm_eb5a3480f5,openstreetmap,way,191390663,osm:way:191390663,https://www.openstreetmap.org/way/191390663,Sigiriya Museum,Matale,Museum,active_unverified
pl_osm_07c0a46701,openstreetmap,way,581120217,osm:way:581120217,https://www.openstreetmap.org/way/581120217,Buddhist Museum,Matale,Museum,active_unverified
pl_osm_8a0a754509,openstreetmap,way,1167894557,osm:way:1167894557,https://www.openstreetmap.org/way/1167894557,Museum of Wall Paintings,Matale,Museum,active_unverified
pl_osm_7b72d8f9af,openstreetmap,way,519016201,osm:way:519016201,https://www.openstreetmap.org/way/519016201,Pallekele Reserved Forest,Matale,National Park,active_unverified
pl_osm_b20cd597b5,openstreetmap,node,2019733748,osm:node:2019733748,https://www.openstreetmap.org/node/2019733748,Cave Inscriptions,Matale,Other,active_unverified
pl_osm_cc888a511b,openstreetmap,node,2019733762,osm:node:2019733762,https://www.openstreetmap.org/node/2019733762,Cobra Hood Cave,Matale,Other,active_unverified
pl_osm_b759b404e5,openstreetmap,node,2714398529,osm:node:2714398529,https://www.openstreetmap.org/node/2714398529,Popham's Arboretum,Matale,Other,active_unverified
pl_osm_6c50e0108c,openstreetmap,node,3205709398,osm:node:3205709398,https://www.openstreetmap.org/node/3205709398,Cruel elephant rides,Matale,Other,active_unverified
pl_osm_69451b083a,openstreetmap,node,3412740593,osm:node:3412740593,https://www.openstreetmap.org/node/3412740593,Hunas Falls,Matale,Other,active_unverified
pl_osm_8efbb60953,openstreetmap,node,4463369590,osm:node:4463369590,https://www.openstreetmap.org/node/4463369590,Luckgrove Spice Garden,Matale,Other,active_unverified
pl_osm_aae6eb21fe,openstreetmap,node,4586724489,osm:node:4586724489,https://www.openstreetmap.org/node/4586724489,Spice Garden #50,Matale,Other,active_unverified
pl_osm_1930cbf18e,openstreetmap,node,4986173123,osm:node:4986173123,https://www.openstreetmap.org/node/4986173123,Royal Spice Garden,Matale,Other,active_unverified
pl_osm_096b7a92a0,openstreetmap,node,4986196478,osm:node:4986196478,https://www.openstreetmap.org/node/4986196478,New Paradise Spice Garden,Matale,Other,active_unverified
pl_osm_35bd586f33,openstreetmap,node,4986254002,osm:node:4986254002,https://www.openstreetmap.org/node/4986254002,Sirilak Spice and Herbal Botanical Garden,Matale,Other,active_unverified
pl_osm_05376d82e6,openstreetmap,node,4986424115,osm:node:4986424115,https://www.openstreetmap.org/node/4986424115,Safari Palace Wasgamuwa,Matale,Other,active_unverified
pl_osm_4cc85f1613,openstreetmap,node,5071014216,osm:node:5071014216,https://www.openstreetmap.org/node/5071014216,Upper Hunnasfall,Matale,Other,active_unverified
pl_osm_193ad468c9,openstreetmap,node,5106951411,osm:node:5106951411,https://www.openstreetmap.org/node/5106951411,Wedda peni ella,Matale,Other,active_unverified
pl_osm_06a9ae6d85,openstreetmap,node,5107267913,osm:node:5107267913,https://www.openstreetmap.org/node/5107267913,Rathninda Ella,Matale,Other,active_unverified
pl_osm_3be3d192c3,openstreetmap,node,5138765254,osm:node:5138765254,https://www.openstreetmap.org/node/5138765254,Duwannagala,Matale,Other,active_unverified
pl_osm_3e353880f5,openstreetmap,node,5350918621,osm:node:5350918621,https://www.openstreetmap.org/node/5350918621,Moragahakanda Reservoir Viewpoint,Matale,Other,active_unverified
pl_osm_b59e6772c6,openstreetmap,node,6134602817,osm:node:6134602817,https://www.openstreetmap.org/node/6134602817,Alugolla,Matale,Other,active_unverified
pl_osm_04c936c94f,openstreetmap,node,6837039786,osm:node:6837039786,https://www.openstreetmap.org/node/6837039786,Potani,Matale,Other,active_unverified
pl_osm_20c5d9e050,openstreetmap,node,7194678489,osm:node:7194678489,https://www.openstreetmap.org/node/7194678489,Preaching Rock,Matale,Other,active_unverified
pl_osm_3410258652,openstreetmap,node,8566285117,osm:node:8566285117,https://www.openstreetmap.org/node/8566285117,Walpolamulla,Matale,Other,active_unverified
pl_osm_3b8c961bb0,openstreetmap,node,10796165510,osm:node:10796165510,https://www.openstreetmap.org/node/10796165510,Melu’s rock,Matale,Other,active_unverified
pl_osm_2001305817,openstreetmap,node,12770414401,osm:node:12770414401,https://www.openstreetmap.org/node/12770414401,Paramount Spice Garden,Matale,Other,active_unverified
pl_osm_8bb88987f9,openstreetmap,node,13022382601,osm:node:13022382601,https://www.openstreetmap.org/node/13022382601,Elephant cruelty,Matale,Other,active_unverified
pl_osm_c7ecc23dbd,openstreetmap,node,13098242452,osm:node:13098242452,https://www.openstreetmap.org/node/13098242452,Infinity Pool,Matale,Other,active_unverified
pl_osm_2cb79dde0b,openstreetmap,node,13098268804,osm:node:13098268804,https://www.openstreetmap.org/node/13098268804,Dumbara Ella Falls and Pool,Matale,Other,active_unverified
pl_osm_de50602daf,openstreetmap,way,824870522,osm:way:824870522,https://www.openstreetmap.org/way/824870522,Herbal Garden,Matale,Other,active_unverified
pl_osm_984aa83770,openstreetmap,node,2019733740,osm:node:2019733740,https://www.openstreetmap.org/node/2019733740,Audience Hall,Matale,Ruins,active_unverified
pl_osm_f8033932bd,openstreetmap,node,2019733746,osm:node:2019733746,https://www.openstreetmap.org/node/2019733746,Bodikaraya,Matale,Ruins,active_unverified
pl_osm_6227f14713,openstreetmap,node,2019733819,osm:node:2019733819,https://www.openstreetmap.org/node/2019733819,Pidurangala Vihara,Matale,Ruins,active_unverified
pl_osm_7b7efe7891,openstreetmap,node,2732074707,osm:node:2732074707,https://www.openstreetmap.org/node/2732074707,Apsara Paintings,Matale,Ruins,active_unverified
pl_osm_36db7f0d44,openstreetmap,node,4933895494,osm:node:4933895494,https://www.openstreetmap.org/node/4933895494,Viharahinna Archaeological Area,Matale,Ruins,active_unverified
pl_osm_48e1058849,openstreetmap,node,4938231523,osm:node:4938231523,https://www.openstreetmap.org/node/4938231523,Menikdena Archeological Reserve,Matale,Ruins,active_unverified
pl_osm_c3ad12a2cb,openstreetmap,node,5589539521,osm:node:5589539521,https://www.openstreetmap.org/node/5589539521,Ibbankatuwa Megalithic Burial Site,Matale,Ruins,active_unverified
pl_osm_d9fca15f6f,openstreetmap,node,6127982022,osm:node:6127982022,https://www.openstreetmap.org/node/6127982022,Kaludiya Pokuna,Matale,Ruins,active_unverified
pl_osm_8bd2fd9eea,openstreetmap,node,11431846298,osm:node:11431846298,https://www.openstreetmap.org/node/11431846298,Giant buddha,Matale,Ruins,active_unverified
pl_osm_18364a6c86,openstreetmap,way,23810659,osm:way:23810659,https://www.openstreetmap.org/way/23810659,Lion Temple,Matale,Ruins,active_unverified
pl_osm_a133c145e4,openstreetmap,way,258787124,osm:way:258787124,https://www.openstreetmap.org/way/258787124,Pidurangala,Matale,Ruins,active_unverified
pl_osm_dc5dc5a819,openstreetmap,node,6649955485,osm:node:6649955485,https://www.openstreetmap.org/node/6649955485,Chapter House,Matale,Ruins,active_unverified
pl_osm_e4866e98a4,openstreetmap,node,6649955585,osm:node:6649955585,https://www.openstreetmap.org/node/6649955585,Image House,Matale,Ruins,active_unverified
pl_osm_bd7cd4682f,openstreetmap,node,11802067669,osm:node:11802067669,https://www.openstreetmap.org/node/11802067669,Mapagala Archaeological Site,Matale,Ruins,active_unverified
pl_osm_a322340e55,openstreetmap,way,217591865,osm:way:217591865,https://www.openstreetmap.org/way/217591865,Sigiriya,Matale,Ruins,active_unverified
pl_osm_bc86b3fa70,openstreetmap,node,4645582289,osm:node:4645582289,https://www.openstreetmap.org/node/4645582289,Manamboda Jummah Masjid,Matale,Temple,active_unverified
pl_osm_beb5708e4c,openstreetmap,node,5030807622,osm:node:5030807622,https://www.openstreetmap.org/node/5030807622,Siri Sumana Sama Viharaya,Matale,Temple,active_unverified
pl_osm_c437e14d14,openstreetmap,node,5032457423,osm:node:5032457423,https://www.openstreetmap.org/node/5032457423,Bodimalu Viharaya,Matale,Temple,active_unverified
pl_osm_e3f3ffb82a,openstreetmap,node,5909626147,osm:node:5909626147,https://www.openstreetmap.org/node/5909626147,Buddah,Matale,Temple,active_unverified
pl_osm_916e885347,openstreetmap,node,7905101880,osm:node:7905101880,https://www.openstreetmap.org/node/7905101880,Bomaluwa ancient temple,Matale,Temple,active_unverified
pl_osm_93de853cf6,openstreetmap,node,10796648597,osm:node:10796648597,https://www.openstreetmap.org/node/10796648597,Raithalawela Sub Post Office,Matale,Temple,active_unverified
pl_osm_a403b0e277,openstreetmap,way,1072528769,osm:way:1072528769,https://www.openstreetmap.org/way/1072528769,Kandenuwara Amman Kovil,Matale,Temple,active_unverified
pl_osm_77355f1723,openstreetmap,way,1160821076,osm:way:1160821076,https://www.openstreetmap.org/way/1160821076,Cake in Wonderland,Matale,Temple,active_unverified
pl_osm_9583bb3cbb,openstreetmap,node,2019734191,osm:node:2019734191,https://www.openstreetmap.org/node/2019734191,Sunrise viewpoint,Matale,Viewpoint,active_unverified
pl_osm_6e841cb224,openstreetmap,node,2732074684,osm:node:2732074684,https://www.openstreetmap.org/node/2732074684,Pidurangala Rock Viewpoint,Matale,Viewpoint,active_unverified
pl_osm_63840e86fc,openstreetmap,node,3937275720,osm:node:3937275720,https://www.openstreetmap.org/node/3937275720,Sigiriya viewpoint,Matale,Viewpoint,active_unverified
pl_osm_f91e676474,openstreetmap,node,4016318087,osm:node:4016318087,https://www.openstreetmap.org/node/4016318087,Sigiriya Reservoir Viewpoint,Matale,Viewpoint,active_unverified
pl_osm_ea8a5fcc72,openstreetmap,node,4472247508,osm:node:4472247508,https://www.openstreetmap.org/node/4472247508,Bambarakiri Ella,Matale,Viewpoint,active_unverified
pl_osm_4e5dac7894,openstreetmap,node,4472284387,osm:node:4472284387,https://www.openstreetmap.org/node/4472284387,Pallegama Old Village,Matale,Viewpoint,active_unverified
pl_osm_35ffff60fd,openstreetmap,node,4683162589,osm:node:4683162589,https://www.openstreetmap.org/node/4683162589,Sigiriya and Pidurangala rocks view point,Matale,Viewpoint,active_unverified
pl_osm_030798b021,openstreetmap,node,4946779498,osm:node:4946779498,https://www.openstreetmap.org/node/4946779498,Laggala Old Town,Matale,Viewpoint,active_unverified
pl_osm_c006be59de,openstreetmap,node,5043038322,osm:node:5043038322,https://www.openstreetmap.org/node/5043038322,Sera Ella Water Fall,Matale,Viewpoint,active_unverified
pl_osm_1c37a488de,openstreetmap,node,6632682803,osm:node:6632682803,https://www.openstreetmap.org/node/6632682803,Kalupahana,Matale,Viewpoint,active_unverified
pl_osm_0059dd6d6a,openstreetmap,node,7194678488,osm:node:7194678488,https://www.openstreetmap.org/node/7194678488,Carved Rock,Matale,Viewpoint,active_unverified
pl_osm_11bcab3dcd,openstreetmap,node,7194686985,osm:node:7194686985,https://www.openstreetmap.org/node/7194686985,Aligala Cave,Matale,Viewpoint,active_unverified
pl_osm_f3b5bd1e68,openstreetmap,node,7194686986,osm:node:7194686986,https://www.openstreetmap.org/node/7194686986,Rock with Holes,Matale,Viewpoint,active_unverified
pl_osm_201f216b27,openstreetmap,node,8144003520,osm:node:8144003520,https://www.openstreetmap.org/node/8144003520,Karagahatenna Transmission Station,Matale,Viewpoint,active_unverified
pl_osm_20efad5709,openstreetmap,node,8144003521,osm:node:8144003521,https://www.openstreetmap.org/node/8144003521,Opalgala Transmission Station,Matale,Viewpoint,active_unverified
pl_osm_f631082a8e,openstreetmap,node,11022083105,osm:node:11022083105,https://www.openstreetmap.org/node/11022083105,Viewpoint of Sigirya Rock,Matale,Viewpoint,active_unverified
pl_osm_4ddb266834,openstreetmap,node,11628632970,osm:node:11628632970,https://www.openstreetmap.org/node/11628632970,view on rice fields & mountains,Matale,Viewpoint,active_unverified
pl_osm_5743a15ae5,openstreetmap,node,11802067469,osm:node:11802067469,https://www.openstreetmap.org/node/11802067469,Mapagala Rock,Matale,Viewpoint,active_unverified
pl_osm_e2e2bd3831,openstreetmap,node,12061825773,osm:node:12061825773,https://www.openstreetmap.org/node/12061825773,Balakaduwa Ella,Matale,Viewpoint,active_unverified
pl_osm_5b308da15f,openstreetmap,node,12543613879,osm:node:12543613879,https://www.openstreetmap.org/node/12543613879,Duwannagala Rock,Matale,Viewpoint,active_unverified
pl_osm_7efe1e3c0d,openstreetmap,node,12543620282,osm:node:12543620282,https://www.openstreetmap.org/node/12543620282,Sunset Point,Matale,Viewpoint,active_unverified
pl_osm_859fb34066,openstreetmap,way,398895493,osm:way:398895493,https://www.openstreetmap.org/way/398895493,Upper Terrace,Matale,Viewpoint,active_unverified
pl_osm_bf3bb704ae,openstreetmap,node,1231840497,osm:node:1231840497,https://www.openstreetmap.org/node/1231840497,Snake farm,Matara,Adventure Park,active_unverified
pl_osm_f62a502b94,openstreetmap,node,13828686766,osm:node:13828686766,https://www.openstreetmap.org/node/13828686766,Wild Beach,Matara,Sandy Beach,active_unverified
pl_osm_71011d223b,openstreetmap,node,13828686767,osm:node:13828686767,https://www.openstreetmap.org/node/13828686767,Midigama Beach,Matara,Sandy Beach,active_unverified
pl_osm_807cfb0618,openstreetmap,way,179655473,osm:way:179655473,https://www.openstreetmap.org/way/179655473,Devinuwara Beach,Matara,Sandy Beach,active_unverified
pl_osm_f6feb2e87d,openstreetmap,way,320952531,osm:way:320952531,https://www.openstreetmap.org/way/320952531,Bathigama Beach,Matara,Sandy Beach,active_unverified
pl_osm_008b7e99ae,openstreetmap,way,321233215,osm:way:321233215,https://www.openstreetmap.org/way/321233215,Ubuntu Beach,Matara,Sandy Beach,active_unverified
pl_osm_6838d4b2f5,openstreetmap,way,331628697,osm:way:331628697,https://www.openstreetmap.org/way/331628697,midigama,Matara,Sandy Beach,active_unverified
pl_osm_5849b80fd7,openstreetmap,way,384150115,osm:way:384150115,https://www.openstreetmap.org/way/384150115,Nunna wella,Matara,Sandy Beach,active_unverified
pl_osm_2228a78e89,openstreetmap,way,384150116,osm:way:384150116,https://www.openstreetmap.org/way/384150116,Gandara Wella,Matara,Sandy Beach,active_unverified
pl_osm_b3ae23a027,openstreetmap,way,392336872,osm:way:392336872,https://www.openstreetmap.org/way/392336872,Fishamans reef,Matara,Sandy Beach,active_unverified
pl_osm_6e6f1e7a09,openstreetmap,way,404358849,osm:way:404358849,https://www.openstreetmap.org/way/404358849,kapparawella beach,Matara,Sandy Beach,active_unverified
pl_osm_90376135e2,openstreetmap,way,404359537,osm:way:404359537,https://www.openstreetmap.org/way/404359537,edanda wella beach,Matara,Sandy Beach,active_unverified
pl_osm_5a169ef377,openstreetmap,way,408253108,osm:way:408253108,https://www.openstreetmap.org/way/408253108,Abimanagama Beach,Matara,Sandy Beach,active_unverified
pl_osm_4380aef1ce,openstreetmap,way,446443251,osm:way:446443251,https://www.openstreetmap.org/way/446443251,Lazy left,Matara,Sandy Beach,active_unverified
pl_osm_0e5700e689,openstreetmap,way,573467082,osm:way:573467082,https://www.openstreetmap.org/way/573467082,Secret Beach,Matara,Sandy Beach,active_unverified
pl_osm_10eb2941e2,openstreetmap,way,588057723,osm:way:588057723,https://www.openstreetmap.org/way/588057723,Hummana Beach Dondra,Matara,Sandy Beach,active_unverified
pl_osm_5d45433b64,openstreetmap,way,599643483,osm:way:599643483,https://www.openstreetmap.org/way/599643483,Wawwa Beach,Matara,Sandy Beach,active_unverified
pl_osm_703cb14538,openstreetmap,way,914713630,osm:way:914713630,https://www.openstreetmap.org/way/914713630,Naomi Beach,Matara,Sandy Beach,active_unverified
pl_osm_fb548b2957,openstreetmap,way,1134338128,osm:way:1134338128,https://www.openstreetmap.org/way/1134338128,Coconut Beach,Matara,Sandy Beach,active_unverified
pl_osm_57f26f561d,openstreetmap,way,1134338129,osm:way:1134338129,https://www.openstreetmap.org/way/1134338129,Jungle Beach,Matara,Sandy Beach,active_unverified
pl_osm_7a013901dc,openstreetmap,way,1158995331,osm:way:1158995331,https://www.openstreetmap.org/way/1158995331,Madiha Surf Beach,Matara,Sandy Beach,active_unverified
pl_osm_f326317b7d,openstreetmap,way,1430189010,osm:way:1430189010,https://www.openstreetmap.org/way/1430189010,Nyanawella beach,Matara,Sandy Beach,active_unverified
pl_osm_19bf5fce78,openstreetmap,node,8943808415,osm:node:8943808415,https://www.openstreetmap.org/node/8943808415,OLU AYURVEDA BEACH RESORT,Matara,Sandy Beach,active_unverified
pl_osm_49c7c78f30,openstreetmap,way,1058132256,osm:way:1058132256,https://www.openstreetmap.org/way/1058132256,Kurumba Bay,Matara,Sandy Beach,active_unverified
pl_osm_f7ce1f77b0,openstreetmap,node,1650266439,osm:node:1650266439,https://www.openstreetmap.org/node/1650266439,Sri Bodhirukkharamaya,Matara,Buddhist Temple,active_unverified
pl_osm_a008418341,openstreetmap,node,1650280188,osm:node:1650280188,https://www.openstreetmap.org/node/1650280188,Hiththatiya Raja Maha Viharaya,Matara,Buddhist Temple,active_unverified
pl_osm_2788d8a8ec,openstreetmap,node,1650284128,osm:node:1650284128,https://www.openstreetmap.org/node/1650284128,Sirimangala Piriwena,Matara,Buddhist Temple,active_unverified
pl_osm_16ae63cfb0,openstreetmap,node,1671541848,osm:node:1671541848,https://www.openstreetmap.org/node/1671541848,Mahindagiri Wiharaya,Matara,Buddhist Temple,active_unverified
pl_osm_c581c83aaa,openstreetmap,node,1745481395,osm:node:1745481395,https://www.openstreetmap.org/node/1745481395,Galgane Viharaya,Matara,Buddhist Temple,active_unverified
pl_osm_2a3793ba19,openstreetmap,node,1812140638,osm:node:1812140638,https://www.openstreetmap.org/node/1812140638,Sri Wajiraghnana Dhrmawijaya Dharmayathanaya,Matara,Buddhist Temple,active_unverified
pl_osm_106142fd7f,openstreetmap,node,1812231567,osm:node:1812231567,https://www.openstreetmap.org/node/1812231567,Jayawardhanaramaya,Matara,Buddhist Temple,active_unverified
pl_osm_bdfd543ed3,openstreetmap,node,1812231613,osm:node:1812231613,https://www.openstreetmap.org/node/1812231613,Thumbodhi Viharaya,Matara,Buddhist Temple,active_unverified
pl_osm_bd59802263,openstreetmap,node,1813426234,osm:node:1813426234,https://www.openstreetmap.org/node/1813426234,Kitulwana Temple,Matara,Buddhist Temple,active_unverified
pl_osm_bbf49ee1b7,openstreetmap,node,1818609872,osm:node:1818609872,https://www.openstreetmap.org/node/1818609872,Maliyaddha Purana Viharaya,Matara,Buddhist Temple,active_unverified
pl_osm_32658a3222,openstreetmap,node,2152921682,osm:node:2152921682,https://www.openstreetmap.org/node/2152921682,Horapawita Sri Wijesundara Pirivena,Matara,Buddhist Temple,active_unverified
pl_osm_f9cedead7b,openstreetmap,node,2152922593,osm:node:2152922593,https://www.openstreetmap.org/node/2152922593,Dewalegama Viharaya,Matara,Buddhist Temple,active_unverified
pl_osm_853ffd0ee6,openstreetmap,node,2154297674,osm:node:2154297674,https://www.openstreetmap.org/node/2154297674,Sri Indraramaya,Matara,Buddhist Temple,active_unverified
pl_osm_1c7b16cc28,openstreetmap,node,2155827143,osm:node:2155827143,https://www.openstreetmap.org/node/2155827143,Getabaru Raja Maha Viharaya,Matara,Buddhist Temple,active_unverified
pl_osm_45b4d11232,openstreetmap,node,2164965705,osm:node:2164965705,https://www.openstreetmap.org/node/2164965705,Jethawana Raja Maha Viharaya,Matara,Buddhist Temple,active_unverified
pl_osm_0648a80a59,openstreetmap,node,2164965797,osm:node:2164965797,https://www.openstreetmap.org/node/2164965797,Sri Gangaramaya,Matara,Buddhist Temple,active_unverified
pl_osm_c9dfc9229b,openstreetmap,node,2165146528,osm:node:2165146528,https://www.openstreetmap.org/node/2165146528,Sapugoda Temple,Matara,Buddhist Temple,active_unverified
pl_osm_7f1aaba90e,openstreetmap,node,2176941129,osm:node:2176941129,https://www.openstreetmap.org/node/2176941129,Sri Keththaramaya,Matara,Buddhist Temple,active_unverified
pl_osm_713ced42ee,openstreetmap,node,2380090322,osm:node:2380090322,https://www.openstreetmap.org/node/2380090322,Nadeetherarama Temple,Matara,Buddhist Temple,active_unverified
pl_osm_a8b760545e,openstreetmap,node,2380090329,osm:node:2380090329,https://www.openstreetmap.org/node/2380090329,Pagoda,Matara,Buddhist Temple,active_unverified
pl_osm_3faffe0e38,openstreetmap,node,2407143063,osm:node:2407143063,https://www.openstreetmap.org/node/2407143063,තෙපුදෙණිය ශ්‍රී බෝධිරාජ විහාරය,Matara,Buddhist Temple,active_unverified
pl_osm_18465c67c3,openstreetmap,node,2418523016,osm:node:2418523016,https://www.openstreetmap.org/node/2418523016,BodhiMalu Viaharaya,Matara,Buddhist Temple,active_unverified
pl_osm_b7fb33dc33,openstreetmap,node,2643547346,osm:node:2643547346,https://www.openstreetmap.org/node/2643547346,Siri Kettaramaya,Matara,Buddhist Temple,active_unverified
pl_osm_0a646bfb2e,openstreetmap,node,2800340118,osm:node:2800340118,https://www.openstreetmap.org/node/2800340118,Kemaramaya,Matara,Buddhist Temple,active_unverified
pl_osm_fe4e3910f8,openstreetmap,node,2902179225,osm:node:2902179225,https://www.openstreetmap.org/node/2902179225,Wiratungaramaya,Matara,Buddhist Temple,active_unverified
pl_osm_9293e94fd0,openstreetmap,node,2902424541,osm:node:2902424541,https://www.openstreetmap.org/node/2902424541,Suvisuddaramaya- Makandura,Matara,Buddhist Temple,active_unverified
pl_osm_050b07a0dd,openstreetmap,node,2910274706,osm:node:2910274706,https://www.openstreetmap.org/node/2910274706,Samarasingharamaya Temple,Matara,Buddhist Temple,active_unverified
pl_osm_03371b3093,openstreetmap,node,3053113859,osm:node:3053113859,https://www.openstreetmap.org/node/3053113859,Midigama Temple,Matara,Buddhist Temple,active_unverified
pl_osm_139d082340,openstreetmap,node,3098805416,osm:node:3098805416,https://www.openstreetmap.org/node/3098805416,"Sri Sudharshanarama Pothgul Viharaya, Watagedara",Matara,Buddhist Temple,active_unverified
pl_osm_88e9e7e044,openstreetmap,node,3098822750,osm:node:3098822750,https://www.openstreetmap.org/node/3098822750,Palatuwa Temple,Matara,Buddhist Temple,active_unverified
pl_osm_096a5b0fb2,openstreetmap,node,3098824068,osm:node:3098824068,https://www.openstreetmap.org/node/3098824068,"Sri Bodhirukkaramaya, Elambakalagoda",Matara,Buddhist Temple,active_unverified
pl_osm_5b2083380c,openstreetmap,node,3253177217,osm:node:3253177217,https://www.openstreetmap.org/node/3253177217,"Batapaththala temple, Sri Upasena piriwena",Matara,Buddhist Temple,active_unverified
pl_osm_f035bd463f,openstreetmap,node,3370231931,osm:node:3370231931,https://www.openstreetmap.org/node/3370231931,Divigalahena Purana Viharaya,Matara,Buddhist Temple,active_unverified
pl_osm_c5430cdcf7,openstreetmap,node,3471431834,osm:node:3471431834,https://www.openstreetmap.org/node/3471431834,Sri Sudarshi Vidyayathanaya,Matara,Buddhist Temple,active_unverified
pl_osm_aac940ede1,openstreetmap,node,3493140356,osm:node:3493140356,https://www.openstreetmap.org/node/3493140356,Divelagoda puran viharaya,Matara,Buddhist Temple,active_unverified
pl_osm_14ed250c7d,openstreetmap,node,3621129594,osm:node:3621129594,https://www.openstreetmap.org/node/3621129594,Sri Ramagiri Viharaya,Matara,Buddhist Temple,active_unverified
pl_osm_fbd7dcd4c4,openstreetmap,node,3621167189,osm:node:3621167189,https://www.openstreetmap.org/node/3621167189,Khettaramaya,Matara,Buddhist Temple,active_unverified
pl_osm_503d6e9468,openstreetmap,node,3621414241,osm:node:3621414241,https://www.openstreetmap.org/node/3621414241,Sri Indrarama Purana Viharaya,Matara,Buddhist Temple,active_unverified
pl_osm_c90c92e62e,openstreetmap,node,3621425956,osm:node:3621425956,https://www.openstreetmap.org/node/3621425956,Jayasumanaramaya Road,Matara,Buddhist Temple,active_unverified
pl_osm_60db0856a9,openstreetmap,node,3621483816,osm:node:3621483816,https://www.openstreetmap.org/node/3621483816,Samudratheera Maha Viharaya,Matara,Buddhist Temple,active_unverified
pl_osm_3d690830df,openstreetmap,node,3621485371,osm:node:3621485371,https://www.openstreetmap.org/node/3621485371,Sri Rathanaramaya,Matara,Buddhist Temple,active_unverified
pl_osm_886698ff16,openstreetmap,node,3621867333,osm:node:3621867333,https://www.openstreetmap.org/node/3621867333,Gangarama Temple,Matara,Buddhist Temple,active_unverified
pl_osm_b81decd758,openstreetmap,node,3622696063,osm:node:3622696063,https://www.openstreetmap.org/node/3622696063,Naalakaramaya,Matara,Buddhist Temple,active_unverified
pl_osm_872cf052e3,openstreetmap,node,3633692197,osm:node:3633692197,https://www.openstreetmap.org/node/3633692197,Urubokka Temple,Matara,Buddhist Temple,active_unverified
pl_osm_0189db9718,openstreetmap,node,3633693450,osm:node:3633693450,https://www.openstreetmap.org/node/3633693450,Thusitha Piriwena urubokka,Matara,Buddhist Temple,active_unverified
pl_osm_631afd32ce,openstreetmap,node,3633854445,osm:node:3633854445,https://www.openstreetmap.org/node/3633854445,Pasgoda Sri Nagaramaya,Matara,Buddhist Temple,active_unverified
pl_osm_1a523f1ff5,openstreetmap,node,3916676767,osm:node:3916676767,https://www.openstreetmap.org/node/3916676767,Umangala Anciant temple,Matara,Buddhist Temple,active_unverified
pl_osm_ae0e357d5a,openstreetmap,node,4014795960,osm:node:4014795960,https://www.openstreetmap.org/node/4014795960,Sri Dharmarama Viharaya,Matara,Buddhist Temple,active_unverified
pl_osm_d266bebc84,openstreetmap,node,4200338818,osm:node:4200338818,https://www.openstreetmap.org/node/4200338818,Vilayaya Purana Rajamaha Viharaya,Matara,Buddhist Temple,active_unverified
pl_osm_d44e39d00e,openstreetmap,node,4267565848,osm:node:4267565848,https://www.openstreetmap.org/node/4267565848,Sri Sumanarathana Buddhist Centre,Matara,Buddhist Temple,active_unverified
pl_osm_d2fb7a8ce8,openstreetmap,node,4437273646,osm:node:4437273646,https://www.openstreetmap.org/node/4437273646,Sri Sudarshanarama,Matara,Buddhist Temple,active_unverified
pl_osm_8a3f66d12b,openstreetmap,node,4678848871,osm:node:4678848871,https://www.openstreetmap.org/node/4678848871,Sri Sumanarama Viharaya,Matara,Buddhist Temple,active_unverified
pl_osm_d37bca504d,openstreetmap,node,4884218731,osm:node:4884218731,https://www.openstreetmap.org/node/4884218731,Ransegoda Temple,Matara,Buddhist Temple,active_unverified
pl_osm_ced03b5eec,openstreetmap,node,4887110537,osm:node:4887110537,https://www.openstreetmap.org/node/4887110537,Uda Peekwella Temple,Matara,Buddhist Temple,active_unverified
pl_osm_56f8fa701b,openstreetmap,node,4985071861,osm:node:4985071861,https://www.openstreetmap.org/node/4985071861,Boraluketiya Temple,Matara,Buddhist Temple,active_unverified
pl_osm_138142e12b,openstreetmap,node,4985104434,osm:node:4985104434,https://www.openstreetmap.org/node/4985104434,Thumbe Sri Bodhirukkaramaya,Matara,Buddhist Temple,active_unverified
pl_osm_f702655d59,openstreetmap,node,4985110724,osm:node:4985110724,https://www.openstreetmap.org/node/4985110724,Jayasinharamaya,Matara,Buddhist Temple,active_unverified
pl_osm_e03a8bb50d,openstreetmap,node,5265734682,osm:node:5265734682,https://www.openstreetmap.org/node/5265734682,Ellakanda Aranya Senasanaya,Matara,Buddhist Temple,active_unverified
pl_osm_0db52c67d4,openstreetmap,node,5265734683,osm:node:5265734683,https://www.openstreetmap.org/node/5265734683,Batuwita Aranya Senasanaya,Matara,Buddhist Temple,active_unverified
pl_osm_736256b8e9,openstreetmap,node,5293133784,osm:node:5293133784,https://www.openstreetmap.org/node/5293133784,Arambegoda Purana Rajamaha Viharaya,Matara,Buddhist Temple,active_unverified
pl_osm_f2971fc537,openstreetmap,node,5675599573,osm:node:5675599573,https://www.openstreetmap.org/node/5675599573,Sudharmarama Purana Viharaya,Matara,Buddhist Temple,active_unverified
pl_osm_8744c617e6,openstreetmap,node,5675621441,osm:node:5675621441,https://www.openstreetmap.org/node/5675621441,Vidyarathne Pirivena,Matara,Buddhist Temple,active_unverified
pl_osm_73fee7116c,openstreetmap,node,5675866252,osm:node:5675866252,https://www.openstreetmap.org/node/5675866252,Wandurudeniya Purana Rajamaha Viharaya,Matara,Buddhist Temple,active_unverified
pl_osm_e241253e9f,openstreetmap,node,6224233756,osm:node:6224233756,https://www.openstreetmap.org/node/6224233756,Sri Gangagiri Viharaya,Matara,Buddhist Temple,active_unverified
pl_osm_4e92c53c07,openstreetmap,node,6248070780,osm:node:6248070780,https://www.openstreetmap.org/node/6248070780,Sri Sunandarama Piriven Viharaya,Matara,Buddhist Temple,active_unverified
pl_osm_3ee8b62c29,openstreetmap,node,6260672362,osm:node:6260672362,https://www.openstreetmap.org/node/6260672362,Samudragiri Viharaya,Matara,Buddhist Temple,active_unverified
pl_osm_1c3155a964,openstreetmap,node,6404167287,osm:node:6404167287,https://www.openstreetmap.org/node/6404167287,Poththewela Sri Jinaraja Maha Piriwen Viharaya,Matara,Buddhist Temple,active_unverified
pl_osm_57a2f710e2,openstreetmap,node,9138177491,osm:node:9138177491,https://www.openstreetmap.org/node/9138177491,Gatabaruwa Raja Maha Viharaya,Matara,Buddhist Temple,active_unverified
pl_osm_4b6182a7d9,openstreetmap,node,9861982152,osm:node:9861982152,https://www.openstreetmap.org/node/9861982152,Kamburupitiya Bodhiya,Matara,Buddhist Temple,active_unverified
pl_osm_76ff61dc06,openstreetmap,node,9924091245,osm:node:9924091245,https://www.openstreetmap.org/node/9924091245,Lankaramaya Kekanadura,Matara,Buddhist Temple,active_unverified
pl_osm_c30ae9bdc3,openstreetmap,node,10932046608,osm:node:10932046608,https://www.openstreetmap.org/node/10932046608,Dediyagala Aranya Senasanaya,Matara,Buddhist Temple,active_unverified
pl_osm_e76269361e,openstreetmap,node,10949946092,osm:node:10949946092,https://www.openstreetmap.org/node/10949946092,Urumuththa Rajjuru Bandara Devalaya,Matara,Buddhist Temple,active_unverified
pl_osm_38b120a900,openstreetmap,node,11169110353,osm:node:11169110353,https://www.openstreetmap.org/node/11169110353,Sri Bhoddirukkarama purana Viharaya,Matara,Buddhist Temple,active_unverified
pl_osm_7104264862,openstreetmap,node,12473123847,osm:node:12473123847,https://www.openstreetmap.org/node/12473123847,Purana Ethkanda Raja Maha Viharaya - Kamburugamuwa,Matara,Buddhist Temple,active_unverified
pl_osm_c03be3f8b5,openstreetmap,node,12709749719,osm:node:12709749719,https://www.openstreetmap.org/node/12709749719,Nikadeniya Sri Purana Viharaya,Matara,Buddhist Temple,active_unverified
pl_osm_d77ce09477,openstreetmap,node,13336121453,osm:node:13336121453,https://www.openstreetmap.org/node/13336121453,Karayalkanaththa Rajamaha Viharaya,Matara,Buddhist Temple,active_unverified
pl_osm_aa5eaec97c,openstreetmap,node,13380401267,osm:node:13380401267,https://www.openstreetmap.org/node/13380401267,Sri Nagawanaramaya,Matara,Buddhist Temple,active_unverified
pl_osm_6192e66ca4,openstreetmap,node,13403988622,osm:node:13403988622,https://www.openstreetmap.org/node/13403988622,Samanamulla Viharaya,Matara,Buddhist Temple,active_unverified
pl_osm_0d53f4736c,openstreetmap,node,13404338645,osm:node:13404338645,https://www.openstreetmap.org/node/13404338645,Sri Vijayaramaya,Matara,Buddhist Temple,active_unverified
pl_osm_799d6970c1,openstreetmap,node,13404338664,osm:node:13404338664,https://www.openstreetmap.org/node/13404338664,Sri Bodhimaluwa Temple,Matara,Buddhist Temple,active_unverified
pl_osm_4438fb9612,openstreetmap,node,13404505347,osm:node:13404505347,https://www.openstreetmap.org/node/13404505347,Karathota Bodiya,Matara,Buddhist Temple,active_unverified
pl_osm_132c6f7758,openstreetmap,node,13404505374,osm:node:13404505374,https://www.openstreetmap.org/node/13404505374,Naradda Temple,Matara,Buddhist Temple,active_unverified
pl_osm_c9f735f775,openstreetmap,node,13412730675,osm:node:13412730675,https://www.openstreetmap.org/node/13412730675,Kotabo Temple,Matara,Buddhist Temple,active_unverified
pl_osm_24e296f122,openstreetmap,node,13412998293,osm:node:13412998293,https://www.openstreetmap.org/node/13412998293,Dandeniya Purana Viharaya,Matara,Buddhist Temple,active_unverified
pl_osm_02c0571a1f,openstreetmap,node,13423660244,osm:node:13423660244,https://www.openstreetmap.org/node/13423660244,Sri Sudarshanaramaya Purana Viharaya,Matara,Buddhist Temple,active_unverified
pl_osm_c216f6ee25,openstreetmap,node,13423818213,osm:node:13423818213,https://www.openstreetmap.org/node/13423818213,Jayasumanarama Maha Viharaya,Matara,Buddhist Temple,active_unverified
pl_osm_2825d6f71b,openstreetmap,node,13423818214,osm:node:13423818214,https://www.openstreetmap.org/node/13423818214,Sri Premasiri Dharmayathanaya,Matara,Buddhist Temple,active_unverified
pl_osm_703e0616d4,openstreetmap,node,13428136062,osm:node:13428136062,https://www.openstreetmap.org/node/13428136062,Obadakanda Purana Viharaya,Matara,Buddhist Temple,active_unverified
pl_osm_12ac201578,openstreetmap,node,13442708018,osm:node:13442708018,https://www.openstreetmap.org/node/13442708018,Kirinda Maha Viharaya,Matara,Buddhist Temple,active_unverified
pl_osm_276b7f5a89,openstreetmap,way,286371740,osm:way:286371740,https://www.openstreetmap.org/way/286371740,Budu Medura,Matara,Buddhist Temple,active_unverified
pl_osm_2d1c2c6054,openstreetmap,way,286371861,osm:way:286371861,https://www.openstreetmap.org/way/286371861,Darmashalawa,Matara,Buddhist Temple,active_unverified
pl_osm_c9cbe2e092,openstreetmap,way,286371892,osm:way:286371892,https://www.openstreetmap.org/way/286371892,Awasaya,Matara,Buddhist Temple,active_unverified
pl_osm_c10afec2e6,openstreetmap,way,286373879,osm:way:286373879,https://www.openstreetmap.org/way/286373879,Matara Bodiya,Matara,Buddhist Temple,active_unverified
pl_osm_68b0fa8f82,openstreetmap,way,286550761,osm:way:286550761,https://www.openstreetmap.org/way/286550761,Udukawa temple,Matara,Buddhist Temple,active_unverified
pl_osm_3ffde60177,openstreetmap,way,287015058,osm:way:287015058,https://www.openstreetmap.org/way/287015058,Sri Subhadrarama Viharaya,Matara,Buddhist Temple,active_unverified
pl_osm_edcec1cbed,openstreetmap,way,287427307,osm:way:287427307,https://www.openstreetmap.org/way/287427307,Samara Weeraramaya Temple,Matara,Buddhist Temple,active_unverified
pl_osm_e668e460d5,openstreetmap,way,330066069,osm:way:330066069,https://www.openstreetmap.org/way/330066069,Sri Sunandarama Ancient Temple,Matara,Buddhist Temple,active_unverified
pl_osm_1a9ea5409c,openstreetmap,way,462516197,osm:way:462516197,https://www.openstreetmap.org/way/462516197,Makandura Pushparama temple 1,Matara,Buddhist Temple,active_unverified
pl_osm_5a4ae94795,openstreetmap,way,462516202,osm:way:462516202,https://www.openstreetmap.org/way/462516202,Makandura Pushparama temple,Matara,Buddhist Temple,active_unverified
pl_osm_a108cc7ba8,openstreetmap,way,496961952,osm:way:496961952,https://www.openstreetmap.org/way/496961952,Migadhaya Pirivena,Matara,Buddhist Temple,active_unverified
pl_osm_14677348e1,openstreetmap,way,498079967,osm:way:498079967,https://www.openstreetmap.org/way/498079967,Midellawala Temple,Matara,Buddhist Temple,active_unverified
pl_osm_dc163fd5f1,openstreetmap,way,508983127,osm:way:508983127,https://www.openstreetmap.org/way/508983127,Sabarale Sri Niwasaramaya,Matara,Buddhist Temple,active_unverified
pl_osm_dac1c36c54,openstreetmap,way,508987736,osm:way:508987736,https://www.openstreetmap.org/way/508987736,Anagarika Dharmapala Temple,Matara,Buddhist Temple,active_unverified
pl_osm_e70fb65315,openstreetmap,way,509218884,osm:way:509218884,https://www.openstreetmap.org/way/509218884,Godawa Sri Bodhirajaramaya,Matara,Buddhist Temple,active_unverified
pl_osm_4dadd6745d,openstreetmap,way,597460715,osm:way:597460715,https://www.openstreetmap.org/way/597460715,Sri Mangalaramaya Kalubowitiyana,Matara,Buddhist Temple,active_unverified
pl_osm_596ab7436e,openstreetmap,node,1745489040,osm:node:1745489040,https://www.openstreetmap.org/node/1745489040,Kushtarajagala Statue,Matara,Building,active_unverified
pl_osm_12c177f5da,openstreetmap,node,10933003915,osm:node:10933003915,https://www.openstreetmap.org/node/10933003915,Big Standing Buddha,Matara,Building,active_unverified
pl_osm_fd3df106c6,openstreetmap,node,10948764905,osm:node:10948764905,https://www.openstreetmap.org/node/10948764905,Rev. Anagarika Dharmapala,Matara,Building,active_unverified
pl_osm_94c9aaa5d9,openstreetmap,node,6931105798,osm:node:6931105798,https://www.openstreetmap.org/node/6931105798,David Martin Sailraweera,Matara,Building,active_unverified
pl_osm_bdb28a953d,openstreetmap,node,9722122604,osm:node:9722122604,https://www.openstreetmap.org/node/9722122604,Hemachandra Gunasekara,Matara,Building,active_unverified
pl_osm_10166256c6,openstreetmap,node,9722124151,osm:node:9722124151,https://www.openstreetmap.org/node/9722124151,General Montagu Jayawickrama,Matara,Building,active_unverified
pl_osm_8147fbd8ab,openstreetmap,node,10760867322,osm:node:10760867322,https://www.openstreetmap.org/node/10760867322,Victims Of Tsunami,Matara,Building,active_unverified
pl_osm_68055c961f,openstreetmap,node,12347126831,osm:node:12347126831,https://www.openstreetmap.org/node/12347126831,Late Prime Minister Hon. Dudley Senanayaka,Matara,Building,active_unverified
pl_osm_6a535376f6,openstreetmap,node,13475232948,osm:node:13475232948,https://www.openstreetmap.org/node/13475232948,SOME PARTS OF THIS MOSQUE HAS BEEN REPAIRED BY TURKISH RED CRESCENT SOCIETY,Matara,Building,active_unverified
pl_osm_2ee1bac64b,openstreetmap,node,13477879946,osm:node:13477879946,https://www.openstreetmap.org/node/13477879946,Koica,Matara,Building,active_unverified
pl_osm_fd9166ed1d,openstreetmap,node,13477879947,osm:node:13477879947,https://www.openstreetmap.org/node/13477879947,https://photos.app.goo.gl/QUHJcipSEb514BVF9,Matara,Building,active_unverified
pl_osm_7c1640a0c3,openstreetmap,way,596239241,osm:way:596239241,https://www.openstreetmap.org/way/596239241,Soldier Statue,Matara,Building,active_unverified
pl_osm_f895746919,openstreetmap,node,4267569147,osm:node:4267569147,https://www.openstreetmap.org/node/4267569147,St.Joseph's Church,Matara,Church,active_unverified
pl_osm_502aa835d5,openstreetmap,node,10760867325,osm:node:10760867325,https://www.openstreetmap.org/node/10760867325,Christ's Faith,Matara,Church,active_unverified
pl_osm_214e21ce3f,openstreetmap,way,496970157,osm:way:496970157,https://www.openstreetmap.org/way/496970157,Dutch Church,Matara,Church,active_unverified
pl_osm_11613f87a3,openstreetmap,way,637940698,osm:way:637940698,https://www.openstreetmap.org/way/637940698,The Shrine of Our Lady of Matara,Matara,Church,active_unverified
pl_osm_7db17b8acd,openstreetmap,node,4267564822,osm:node:4267564822,https://www.openstreetmap.org/node/4267564822,Hindu Kovil,Matara,Kovil,active_unverified
pl_osm_30cfee0e82,openstreetmap,node,4102115197,osm:node:4102115197,https://www.openstreetmap.org/node/4102115197,Ladies Prayer Hall,Matara,Mosque,active_unverified
pl_osm_29a5146c9d,openstreetmap,way,286372639,osm:way:286372639,https://www.openstreetmap.org/way/286372639,Matara Mosque,Matara,Mosque,active_unverified
pl_osm_5b3a6da612,openstreetmap,way,497169972,osm:way:497169972,https://www.openstreetmap.org/way/497169972,Meerah Jumma Masjid,Matara,Mosque,active_unverified
pl_osm_ea5ad5b343,openstreetmap,way,1039251924,osm:way:1039251924,https://www.openstreetmap.org/way/1039251924,PORWAI JUMMAH MOSQUE,Matara,Mosque,active_unverified
pl_osm_b379d191e2,openstreetmap,way,1461478391,osm:way:1461478391,https://www.openstreetmap.org/way/1461478391,Jumma Mohideen Mosque,Matara,Mosque,active_unverified
pl_osm_1217096039,openstreetmap,node,3493298910,osm:node:3493298910,https://www.openstreetmap.org/node/3493298910,Kananke Bridge,Matara,Other,active_unverified
pl_osm_0d88b5ff14,openstreetmap,node,5242116921,osm:node:5242116921,https://www.openstreetmap.org/node/5242116921,Turtle Bay,Matara,Other,active_unverified
pl_osm_924793ed81,openstreetmap,node,5745528021,osm:node:5745528021,https://www.openstreetmap.org/node/5745528021,Sinharaja Conservation Centre,Matara,Other,active_unverified
pl_osm_edccf921de,openstreetmap,node,5800272353,osm:node:5800272353,https://www.openstreetmap.org/node/5800272353,Pallisters,Matara,Other,active_unverified
pl_osm_4f5d9e2407,openstreetmap,node,9128405980,osm:node:9128405980,https://www.openstreetmap.org/node/9128405980,Raja Wetunu Ella,Matara,Other,active_unverified
pl_osm_2c0c9ad30c,openstreetmap,node,10586762306,osm:node:10586762306,https://www.openstreetmap.org/node/10586762306,Crocodile River,Matara,Other,active_unverified
pl_osm_c72485cd04,openstreetmap,node,10779464806,osm:node:10779464806,https://www.openstreetmap.org/node/10779464806,Blowhole,Matara,Other,active_unverified
pl_osm_266ee1ddde,openstreetmap,node,11593689270,osm:node:11593689270,https://www.openstreetmap.org/node/11593689270,Sea turtle feeding point,Matara,Other,active_unverified
pl_osm_87981a804c,openstreetmap,node,11595481269,osm:node:11595481269,https://www.openstreetmap.org/node/11595481269,Blue Beach Island,Matara,Other,active_unverified
pl_osm_42a0784091,openstreetmap,node,11598066769,osm:node:11598066769,https://www.openstreetmap.org/node/11598066769,CoCo Bay Beach,Matara,Other,active_unverified
pl_osm_dfa69e05cb,openstreetmap,node,12518379540,osm:node:12518379540,https://www.openstreetmap.org/node/12518379540,Two Oceans Gateway,Matara,Other,active_unverified
pl_osm_ebd8bef82a,openstreetmap,node,13568838001,osm:node:13568838001,https://www.openstreetmap.org/node/13568838001,Twin coconut tree swing,Matara,Other,active_unverified
pl_osm_498569094a,openstreetmap,way,286366417,osm:way:286366417,https://www.openstreetmap.org/way/286366417,Old Dutch Market,Matara,Ruins,active_unverified
pl_osm_7b6587678b,openstreetmap,way,286550762,osm:way:286550762,https://www.openstreetmap.org/way/286550762,Udukawa Doss House (Udukawa Ambalama),Matara,Ruins,active_unverified
pl_osm_b3142a3ba7,openstreetmap,way,639688807,osm:way:639688807,https://www.openstreetmap.org/way/639688807,Tea,Matara,Tea Estate,active_unverified
pl_osm_78566f7083,openstreetmap,node,2440195258,osm:node:2440195258,https://www.openstreetmap.org/node/2440195258,Sri Nimalaramaya,Matara,Temple,active_unverified
pl_osm_6f229f2762,openstreetmap,node,9504129499,osm:node:9504129499,https://www.openstreetmap.org/node/9504129499,Nilwella Minikirula Viharaya,Matara,Temple,active_unverified
pl_osm_ae30abb413,openstreetmap,node,10778145947,osm:node:10778145947,https://www.openstreetmap.org/node/10778145947,Buddha Statue,Matara,Temple,active_unverified
pl_osm_07da578435,openstreetmap,way,286576554,osm:way:286576554,https://www.openstreetmap.org/way/286576554,Sudharmaramaya- Makandura,Matara,Temple,active_unverified
pl_osm_d901027ab9,openstreetmap,node,2176947342,osm:node:2176947342,https://www.openstreetmap.org/node/2176947342,Hathmale Ella,Matara,Viewpoint,active_unverified
pl_osm_e9a5ee5d48,openstreetmap,node,2380090550,osm:node:2380090550,https://www.openstreetmap.org/node/2380090550,Parrot Rock,Matara,Viewpoint,active_unverified
pl_osm_f1f04a6a4b,openstreetmap,node,4437193978,osm:node:4437193978,https://www.openstreetmap.org/node/4437193978,Midigama Right,Matara,Viewpoint,active_unverified
pl_osm_1a974aa6e4,openstreetmap,node,5253581491,osm:node:5253581491,https://www.openstreetmap.org/node/5253581491,Weligambay Villas Parking Space,Matara,Viewpoint,active_unverified
pl_osm_13b286106e,openstreetmap,node,5764539554,osm:node:5764539554,https://www.openstreetmap.org/node/5764539554,Coconut Tree Hill,Matara,Viewpoint,active_unverified
pl_osm_7e0aeaeda3,openstreetmap,node,5920897285,osm:node:5920897285,https://www.openstreetmap.org/node/5920897285,nugaduwa,Matara,Viewpoint,active_unverified
pl_osm_e89a54e900,openstreetmap,node,6131886486,osm:node:6131886486,https://www.openstreetmap.org/node/6131886486,Secluded Beach,Matara,Viewpoint,active_unverified
pl_osm_831c94b865,openstreetmap,node,6620896189,osm:node:6620896189,https://www.openstreetmap.org/node/6620896189,Dondra Point,Matara,Viewpoint,active_unverified
pl_osm_18dfa1c6a0,openstreetmap,node,6852252385,osm:node:6852252385,https://www.openstreetmap.org/node/6852252385,Ajantha,Matara,Viewpoint,active_unverified
pl_osm_b800e96264,openstreetmap,node,9483334917,osm:node:9483334917,https://www.openstreetmap.org/node/9483334917,Sunset Viewpoint,Matara,Viewpoint,active_unverified
pl_osm_9f2aeba4eb,openstreetmap,node,10564476084,osm:node:10564476084,https://www.openstreetmap.org/node/10564476084,Patna Viewpoint,Matara,Viewpoint,active_unverified
pl_loc_mat_maliyadda_09,openstreetmap,node,890123456,osm:node:890123456,https://www.openstreetmap.org/node/890123456,Maliyadda Purana Viharaya,Matara,Temple,active_unverified
pl_loc_mat_island_10,openstreetmap,way,901234567,osm:way:901234567,https://www.openstreetmap.org/way/901234567,Old Island Temple | පැරණි ලංකා විහාරය,Matara,Temple,active_unverified
pl_loc_mat_lighthouse_12,openstreetmap,node,213456789,osm:node:213456789,https://www.openstreetmap.org/node/213456789,Lighthouse Dewundara,Matara,Lighthouse,active_unverified
pl_loc_mat_devnuwara_13,openstreetmap,way,112345678,osm:way:112345678,https://www.openstreetmap.org/way/112345678,Devinuwara Uthpalawanna Sri Vishnu Maha Dewalaya,Matara,Temple,active_unverified
pl_loc_mat_dondra_point_14,openstreetmap,node,312345678,osm:node:312345678,https://www.openstreetmap.org/node/312345678,දෙවුන්දර තුඩුව| Point of Devundara,Matara,Geographic Feature,active_unverified
pl_loc_mat_kumbalgama_15,openstreetmap,node,412345678,osm:node:412345678,https://www.openstreetmap.org/node/412345678,Sri vijaya Sundararama Temple Kumbalgama,Matara,Temple,active_unverified
pl_loc_mat_asokaramaya_16,openstreetmap,node,512345678,osm:node:512345678,https://www.openstreetmap.org/node/512345678,Asokaramaya Temple,Matara,Temple,active_unverified
pl_loc_mat_anomaramaya_17,openstreetmap,node,612345678,osm:node:612345678,https://www.openstreetmap.org/node/612345678,Siri Anomaramaya Temple,Matara,Temple,active_unverified
pl_osm_71ab76c085,openstreetmap,node,8597590918,osm:node:8597590918,https://www.openstreetmap.org/node/8597590918,Green Park,Monaragala,Adventure Park,active_unverified
pl_osm_b0f77c1578,openstreetmap,way,918216905,osm:way:918216905,https://www.openstreetmap.org/way/918216905,Pradeshiya Sabha Children Park,Monaragala,Adventure Park,active_unverified
pl_osm_7c956fe56c,openstreetmap,node,1727612257,osm:node:1727612257,https://www.openstreetmap.org/node/1727612257,Dematamal Viharaya,Monaragala,Buddhist Temple,active_unverified
pl_osm_5313d8d975,openstreetmap,node,1727612269,osm:node:1727612269,https://www.openstreetmap.org/node/1727612269,Yudaganawa Viharaya,Monaragala,Buddhist Temple,active_unverified
pl_osm_8afbcd2fb4,openstreetmap,node,1744023363,osm:node:1744023363,https://www.openstreetmap.org/node/1744023363,Mahamevna Buddhist Monastery,Monaragala,Buddhist Temple,active_unverified
pl_osm_a0582d272e,openstreetmap,node,2155776662,osm:node:2155776662,https://www.openstreetmap.org/node/2155776662,Kotaweheragala Purana Viharaya,Monaragala,Buddhist Temple,active_unverified
pl_osm_9d2f2b4627,openstreetmap,node,2563987720,osm:node:2563987720,https://www.openstreetmap.org/node/2563987720,Maligawila Rajamaha Viharaya,Monaragala,Buddhist Temple,active_unverified
pl_osm_a8fca00d63,openstreetmap,node,3147073151,osm:node:3147073151,https://www.openstreetmap.org/node/3147073151,Sri Sumanasararamaya,Monaragala,Buddhist Temple,active_unverified
pl_osm_5a34669d3c,openstreetmap,node,3264992755,osm:node:3264992755,https://www.openstreetmap.org/node/3264992755,"Wathuruwa Raja Maha Viharaya ""Yasvanth Golden Temple """,Monaragala,Buddhist Temple,active_unverified
pl_osm_ad1f655b8a,openstreetmap,node,3268702170,osm:node:3268702170,https://www.openstreetmap.org/node/3268702170,Ashta Phala Ruhu Bodhi,Monaragala,Buddhist Temple,active_unverified
pl_osm_338f039958,openstreetmap,node,3274207775,osm:node:3274207775,https://www.openstreetmap.org/node/3274207775,Sri Saddhasoma Pirivena,Monaragala,Buddhist Temple,active_unverified
pl_osm_00b86398ac,openstreetmap,node,3274207786,osm:node:3274207786,https://www.openstreetmap.org/node/3274207786,Jayasumanaramaya Temple,Monaragala,Buddhist Temple,active_unverified
pl_osm_2e37638f2f,openstreetmap,node,3351182752,osm:node:3351182752,https://www.openstreetmap.org/node/3351182752,Rathmalwehera Temple,Monaragala,Buddhist Temple,active_unverified
pl_osm_9df1dc7539,openstreetmap,node,3622787442,osm:node:3622787442,https://www.openstreetmap.org/node/3622787442,Sri Dakshinarama Purana Viharaya,Monaragala,Buddhist Temple,active_unverified
pl_osm_f0d8ae8fa1,openstreetmap,node,3678278847,osm:node:3678278847,https://www.openstreetmap.org/node/3678278847,Unaawatuna Purana Viharaya,Monaragala,Buddhist Temple,active_unverified
pl_osm_d6049eafe4,openstreetmap,node,3694535846,osm:node:3694535846,https://www.openstreetmap.org/node/3694535846,Buddama Purana Rajamaha Viharaya,Monaragala,Buddhist Temple,active_unverified
pl_osm_def2fa05e9,openstreetmap,node,4322767584,osm:node:4322767584,https://www.openstreetmap.org/node/4322767584,Sri Wijitharama Viharaya,Monaragala,Buddhist Temple,active_unverified
pl_osm_5a1983f0bc,openstreetmap,node,4811349530,osm:node:4811349530,https://www.openstreetmap.org/node/4811349530,Bulupitiya Purana Viharaya,Monaragala,Buddhist Temple,active_unverified
pl_osm_19b3f3b7c8,openstreetmap,node,4826442949,osm:node:4826442949,https://www.openstreetmap.org/node/4826442949,Buduruwagala Rajamaha Viharaya,Monaragala,Buddhist Temple,active_unverified
pl_osm_585217f7a9,openstreetmap,node,4917729656,osm:node:4917729656,https://www.openstreetmap.org/node/4917729656,Nugayaya Temple,Monaragala,Buddhist Temple,active_unverified
pl_osm_2a9d0e98d6,openstreetmap,node,5265769070,osm:node:5265769070,https://www.openstreetmap.org/node/5265769070,Rakkiththa Kanda Rajamaha Viharaya,Monaragala,Buddhist Temple,active_unverified
pl_osm_9cac2d06c5,openstreetmap,node,5265769071,osm:node:5265769071,https://www.openstreetmap.org/node/5265769071,Rahathan kandha arannya Senasanaya,Monaragala,Buddhist Temple,active_unverified
pl_osm_621ca474bc,openstreetmap,node,5265769072,osm:node:5265769072,https://www.openstreetmap.org/node/5265769072,Dewagiri Aranya Senasanaya,Monaragala,Buddhist Temple,active_unverified
pl_osm_e437033fb1,openstreetmap,node,5265769073,osm:node:5265769073,https://www.openstreetmap.org/node/5265769073,Budugallena Aranya Senasanaya,Monaragala,Buddhist Temple,active_unverified
pl_osm_a4e620e6a0,openstreetmap,node,5265769074,osm:node:5265769074,https://www.openstreetmap.org/node/5265769074,Sri Rathanapala Aranya Senasanaya,Monaragala,Buddhist Temple,active_unverified
pl_osm_16cd4510db,openstreetmap,node,5265769075,osm:node:5265769075,https://www.openstreetmap.org/node/5265769075,Dimbulagala Aranya Senasanaya,Monaragala,Buddhist Temple,active_unverified
pl_osm_049a68e61e,openstreetmap,node,5291927675,osm:node:5291927675,https://www.openstreetmap.org/node/5291927675,Unagolla Purana Rajamaha Viharaya,Monaragala,Buddhist Temple,active_unverified
pl_osm_3d939e1ff1,openstreetmap,node,5904397670,osm:node:5904397670,https://www.openstreetmap.org/node/5904397670,Sri Goonaratne Mdalindarama Purana Viharaya,Monaragala,Buddhist Temple,active_unverified
pl_osm_e33be65367,openstreetmap,node,6202689909,osm:node:6202689909,https://www.openstreetmap.org/node/6202689909,Bulugala Arannaya Senasanaya,Monaragala,Buddhist Temple,active_unverified
pl_osm_b524f89751,openstreetmap,node,7845821146,osm:node:7845821146,https://www.openstreetmap.org/node/7845821146,Mauragiri Rajamaha Viharaya,Monaragala,Buddhist Temple,active_unverified
pl_osm_72d9a2cd66,openstreetmap,node,9133126425,osm:node:9133126425,https://www.openstreetmap.org/node/9133126425,Sellaba Ancient Temple,Monaragala,Buddhist Temple,active_unverified
pl_osm_362c76219f,openstreetmap,node,9719677732,osm:node:9719677732,https://www.openstreetmap.org/node/9719677732,Buddhist Temple - KDU Southern Campus,Monaragala,Buddhist Temple,active_unverified
pl_osm_ffe7a988ea,openstreetmap,node,10237993665,osm:node:10237993665,https://www.openstreetmap.org/node/10237993665,Dimbulagala Buddhist Monetary,Monaragala,Buddhist Temple,active_unverified
pl_osm_0e019edec3,openstreetmap,node,10913575638,osm:node:10913575638,https://www.openstreetmap.org/node/10913575638,Obbegoda Temple,Monaragala,Buddhist Temple,active_unverified
pl_osm_02d8084840,openstreetmap,node,13732126499,osm:node:13732126499,https://www.openstreetmap.org/node/13732126499,Veheragoda Temple,Monaragala,Buddhist Temple,active_unverified
pl_osm_e230fed59c,openstreetmap,node,13732257874,osm:node:13732257874,https://www.openstreetmap.org/node/13732257874,Sri Shailabimbarama,Monaragala,Buddhist Temple,active_unverified
pl_osm_865872ad9c,openstreetmap,way,317502746,osm:way:317502746,https://www.openstreetmap.org/way/317502746,Kataragama Kiri Vehera,Monaragala,Buddhist Temple,active_unverified
pl_osm_79f9cb0dde,openstreetmap,way,319623846,osm:way:319623846,https://www.openstreetmap.org/way/319623846,Mahasen,Monaragala,Buddhist Temple,active_unverified
pl_osm_6dad8a0d84,openstreetmap,way,404619419,osm:way:404619419,https://www.openstreetmap.org/way/404619419,Sri Buwanekaba Viharaya,Monaragala,Buddhist Temple,active_unverified
pl_osm_bd4ce58b57,openstreetmap,way,528416357,osm:way:528416357,https://www.openstreetmap.org/way/528416357,Dewagiri Rajamaha Viharaya,Monaragala,Buddhist Temple,active_unverified
pl_osm_822e4d15cd,openstreetmap,way,543627030,osm:way:543627030,https://www.openstreetmap.org/way/543627030,Medagama Sri Vijarayaramaya,Monaragala,Buddhist Temple,active_unverified
pl_osm_6b2d5e4243,openstreetmap,way,547700635,osm:way:547700635,https://www.openstreetmap.org/way/547700635,Temgoda Rajamaha Viharaya,Monaragala,Buddhist Temple,active_unverified
pl_osm_46c8689d6d,openstreetmap,way,550614204,osm:way:550614204,https://www.openstreetmap.org/way/550614204,Bodagama Vidyaloka Piriwena,Monaragala,Buddhist Temple,active_unverified
pl_osm_8d1caf9f58,openstreetmap,way,585979135,osm:way:585979135,https://www.openstreetmap.org/way/585979135,Miyanakandura Sri Chethiyarama Purana Viharaya,Monaragala,Buddhist Temple,active_unverified
pl_osm_2015681ef0,openstreetmap,way,675803631,osm:way:675803631,https://www.openstreetmap.org/way/675803631,Buddhist Temple,Monaragala,Buddhist Temple,active_unverified
pl_osm_e3153acd4a,openstreetmap,way,759511969,osm:way:759511969,https://www.openstreetmap.org/way/759511969,Sri Bodhiraja,Monaragala,Buddhist Temple,active_unverified
pl_osm_c1cab139bc,openstreetmap,way,787996795,osm:way:787996795,https://www.openstreetmap.org/way/787996795,Kurudana Rajamaha Viharaya,Monaragala,Buddhist Temple,active_unverified
pl_osm_17a223b56f,openstreetmap,way,787996821,osm:way:787996821,https://www.openstreetmap.org/way/787996821,Sri Bodhirukkharamaya,Monaragala,Buddhist Temple,active_unverified
pl_osm_6b9122f46c,openstreetmap,way,823580527,osm:way:823580527,https://www.openstreetmap.org/way/823580527,Siyagul Rajamaha Viharaya,Monaragala,Buddhist Temple,active_unverified
pl_osm_194d808105,openstreetmap,way,839825350,osm:way:839825350,https://www.openstreetmap.org/way/839825350,Thampalawela Dharamaraja Viharaya,Monaragala,Buddhist Temple,active_unverified
pl_osm_6804c477dd,openstreetmap,way,839825351,osm:way:839825351,https://www.openstreetmap.org/way/839825351,Karametiya Sri Nandaramaya,Monaragala,Buddhist Temple,active_unverified
pl_osm_8a9e5c3ebf,openstreetmap,way,839825357,osm:way:839825357,https://www.openstreetmap.org/way/839825357,Ruwalwela Sri Mallikaramaya,Monaragala,Buddhist Temple,active_unverified
pl_osm_2d86bc83a7,openstreetmap,way,841378982,osm:way:841378982,https://www.openstreetmap.org/way/841378982,Badulugammana Purana Viharaya,Monaragala,Buddhist Temple,active_unverified
pl_osm_7651329717,openstreetmap,way,1081829098,osm:way:1081829098,https://www.openstreetmap.org/way/1081829098,Bhodhirukkarama Viharaya,Monaragala,Buddhist Temple,active_unverified
pl_osm_d1c5e02e08,openstreetmap,way,1101270989,osm:way:1101270989,https://www.openstreetmap.org/way/1101270989,temple buildings,Monaragala,Buddhist Temple,active_unverified
pl_osm_d823c12837,openstreetmap,way,1101270990,osm:way:1101270990,https://www.openstreetmap.org/way/1101270990,temple area,Monaragala,Buddhist Temple,active_unverified
pl_osm_54275a8d2b,openstreetmap,node,6697124544,osm:node:6697124544,https://www.openstreetmap.org/node/6697124544,The United Pentecostal Church kataragama,Monaragala,Church,active_unverified
pl_osm_2930e16bd5,openstreetmap,way,923743573,osm:way:923743573,https://www.openstreetmap.org/way/923743573,St. Anthony 's Church,Monaragala,Church,active_unverified
pl_osm_7651554c50,openstreetmap,node,1727709359,osm:node:1727709359,https://www.openstreetmap.org/node/1727709359,Ruhunu Maha Kataragama Devalaya,Monaragala,Kovil,active_unverified
pl_osm_e74a5e6414,openstreetmap,node,6697056090,osm:node:6697056090,https://www.openstreetmap.org/node/6697056090,Sri Mayura Golden Temple,Monaragala,Kovil,active_unverified
pl_osm_b422f27e87,openstreetmap,way,318543977,osm:way:318543977,https://www.openstreetmap.org/way/318543977,Palani kovil,Monaragala,Kovil,active_unverified
pl_osm_0142711ef3,openstreetmap,way,318543991,osm:way:318543991,https://www.openstreetmap.org/way/318543991,Arunachalam Pillai Ganesha devale,Monaragala,Kovil,active_unverified
pl_osm_38449ca4a6,openstreetmap,way,319623848,osm:way:319623848,https://www.openstreetmap.org/way/319623848,Lord Ganesh Temple,Monaragala,Kovil,active_unverified
pl_osm_dd32084cc4,openstreetmap,way,320361575,osm:way:320361575,https://www.openstreetmap.org/way/320361575,Ganesha kovil,Monaragala,Kovil,active_unverified
pl_osm_c7d6a9c9ac,openstreetmap,way,320361590,osm:way:320361590,https://www.openstreetmap.org/way/320361590,Kataragama Mahadevale,Monaragala,Kovil,active_unverified
pl_osm_803323fb6b,openstreetmap,way,320361592,osm:way:320361592,https://www.openstreetmap.org/way/320361592,Mari Amman Kovil,Monaragala,Kovil,active_unverified
pl_osm_be02d3c1e9,openstreetmap,way,320361593,osm:way:320361593,https://www.openstreetmap.org/way/320361593,Shrines of attendant deities,Monaragala,Kovil,active_unverified
pl_osm_84bb171635,openstreetmap,way,320361594,osm:way:320361594,https://www.openstreetmap.org/way/320361594,Sri Bhairava Kovil,Monaragala,Kovil,active_unverified
pl_osm_78599dcfc4,openstreetmap,way,320361598,osm:way:320361598,https://www.openstreetmap.org/way/320361598,Teyvani Amma Kovil,Monaragala,Kovil,active_unverified
pl_osm_9ced8472e3,openstreetmap,way,320361599,osm:way:320361599,https://www.openstreetmap.org/way/320361599,Visnu kovil,Monaragala,Kovil,active_unverified
pl_osm_d6be109a39,openstreetmap,way,997227818,osm:way:997227818,https://www.openstreetmap.org/way/997227818,Wedihiti Kanda Viharaya,Monaragala,Kovil,active_unverified
pl_osm_844dfe792a,openstreetmap,way,997227820,osm:way:997227820,https://www.openstreetmap.org/way/997227820,Thakshina Kailaya Sivan Temple,Monaragala,Kovil,active_unverified
pl_osm_88805e3b34,openstreetmap,way,320361591,osm:way:320361591,https://www.openstreetmap.org/way/320361591,Khizar Thakkiya,Monaragala,Mosque,active_unverified
pl_osm_7548779de0,openstreetmap,node,1744023356,osm:node:1744023356,https://www.openstreetmap.org/node/1744023356,Archaeological Museum,Monaragala,Museum,active_unverified
pl_osm_c035f9a97a,openstreetmap,node,6257451771,osm:node:6257451771,https://www.openstreetmap.org/node/6257451771,Archeological Museum,Monaragala,Museum,active_unverified
pl_osm_a4e89d3554,openstreetmap,node,11117457721,osm:node:11117457721,https://www.openstreetmap.org/node/11117457721,Vadda's Heritage Centre,Monaragala,Museum,active_unverified
pl_osm_8e63a103d9,openstreetmap,node,4496380791,osm:node:4496380791,https://www.openstreetmap.org/node/4496380791,Weheragala National Park Entrance,Monaragala,Other,active_unverified
pl_osm_cd2c4ea1f7,openstreetmap,node,4496380792,osm:node:4496380792,https://www.openstreetmap.org/node/4496380792,Lulugamvehera National Park,Monaragala,Other,active_unverified
pl_osm_6448375a48,openstreetmap,node,4496392090,osm:node:4496392090,https://www.openstreetmap.org/node/4496392090,Luluganverhera National Park ticket office,Monaragala,Other,active_unverified
pl_osm_e92d9131e5,openstreetmap,node,5007045022,osm:node:5007045022,https://www.openstreetmap.org/node/5007045022,Big Game Camp Pickup Spot,Monaragala,Other,active_unverified
pl_osm_fdce53e37a,openstreetmap,node,9133167330,osm:node:9133167330,https://www.openstreetmap.org/node/9133167330,Pareiyan Ella Falls,Monaragala,Other,active_unverified
pl_osm_16dba6df9a,openstreetmap,node,10291933255,osm:node:10291933255,https://www.openstreetmap.org/node/10291933255,Makara Kata (Dragon's Mouth),Monaragala,Other,active_unverified
pl_osm_1c450e0d9f,openstreetmap,node,1727612256,osm:node:1727612256,https://www.openstreetmap.org/node/1727612256,Dambegoda Bosath Statue,Monaragala,Ruins,active_unverified
pl_osm_440b335ffa,openstreetmap,node,1727612263,osm:node:1727612263,https://www.openstreetmap.org/node/1727612263,Maligawila Buddha Statue,Monaragala,Ruins,active_unverified
pl_osm_14f8f2567d,openstreetmap,node,1727612266,osm:node:1727612266,https://www.openstreetmap.org/node/1727612266,Yudaganawa Stupa,Monaragala,Ruins,active_unverified
pl_osm_32c8d674d0,openstreetmap,node,4558623660,osm:node:4558623660,https://www.openstreetmap.org/node/4558623660,Sugala Devi Bathing Pond,Monaragala,Ruins,active_unverified
pl_osm_b84442ff1f,openstreetmap,node,10235161659,osm:node:10235161659,https://www.openstreetmap.org/node/10235161659,Namaluwa,Monaragala,Ruins,active_unverified
pl_osm_190ece5f2d,openstreetmap,node,10235195803,osm:node:10235195803,https://www.openstreetmap.org/node/10235195803,Manabarana Viharaya,Monaragala,Ruins,active_unverified
pl_osm_ef0e4bbcaf,openstreetmap,node,10235224228,osm:node:10235224228,https://www.openstreetmap.org/node/10235224228,Wattarama Aranya Senasanaya,Monaragala,Ruins,active_unverified
pl_osm_439c93be9b,openstreetmap,node,10235226830,osm:node:10235226830,https://www.openstreetmap.org/node/10235226830,Waththegama Purana Raja Maha Viharaya,Monaragala,Ruins,active_unverified
pl_osm_24d22f0abc,openstreetmap,node,10235242357,osm:node:10235242357,https://www.openstreetmap.org/node/10235242357,Kadala Vehera,Monaragala,Ruins,active_unverified
pl_osm_8828eba9d9,openstreetmap,node,10351495556,osm:node:10351495556,https://www.openstreetmap.org/node/10351495556,Diwulanegoda Ancient Temple,Monaragala,Ruins,active_unverified
pl_osm_2255002ea6,openstreetmap,node,1720902214,osm:node:1720902214,https://www.openstreetmap.org/node/1720902214,Buduruwagala Rock Carvings,Monaragala,Ruins,active_unverified
pl_osm_669dd83206,openstreetmap,node,9133135823,osm:node:9133135823,https://www.openstreetmap.org/node/9133135823,Sellaba Archeological Reserve,Monaragala,Ruins,active_unverified
pl_osm_f4bbd68c89,openstreetmap,node,10291933252,osm:node:10291933252,https://www.openstreetmap.org/node/10291933252,Nilgala Mukkaru Tomb,Monaragala,Ruins,active_unverified
pl_osm_fa2d1dbba4,openstreetmap,node,10291933253,osm:node:10291933253,https://www.openstreetmap.org/node/10291933253,Ruins of Ancient Kalugalbemma Road,Monaragala,Ruins,active_unverified
pl_osm_03ca5ff7f9,openstreetmap,node,10291933260,osm:node:10291933260,https://www.openstreetmap.org/node/10291933260,Kahataththa Hela Ruins,Monaragala,Ruins,active_unverified
pl_osm_9ac0599aec,openstreetmap,node,11212568717,osm:node:11212568717,https://www.openstreetmap.org/node/11212568717,Katupelellegala Ancient Buddhist Ruins,Monaragala,Ruins,active_unverified
pl_osm_32e7e720b2,openstreetmap,node,11212568718,osm:node:11212568718,https://www.openstreetmap.org/node/11212568718,Helamulla Degalhela Viharaya Ruins,Monaragala,Ruins,active_unverified
pl_osm_0ca749651f,openstreetmap,node,11212568719,osm:node:11212568719,https://www.openstreetmap.org/node/11212568719,Pansalgoda Ruins,Monaragala,Ruins,active_unverified
pl_osm_ea91b1e01d,openstreetmap,node,12310552246,osm:node:12310552246,https://www.openstreetmap.org/node/12310552246,Iriyapola Ancient Temple,Monaragala,Ruins,active_unverified
pl_osm_7d760e2f40,openstreetmap,node,12310552412,osm:node:12310552412,https://www.openstreetmap.org/node/12310552412,Lunuatu Galge Archaeological Ruins,Monaragala,Ruins,active_unverified
pl_osm_6f1d7c6a04,openstreetmap,node,12310552447,osm:node:12310552447,https://www.openstreetmap.org/node/12310552447,Malwariyakema Monastic Ruins and Vedda Paintings,Monaragala,Ruins,active_unverified
pl_osm_09237a4bd0,openstreetmap,node,12310552524,osm:node:12310552524,https://www.openstreetmap.org/node/12310552524,Pilimagala Monastic Ruins,Monaragala,Ruins,active_unverified
pl_osm_3b075c3a4e,openstreetmap,node,12310552621,osm:node:12310552621,https://www.openstreetmap.org/node/12310552621,Thalaguruhela Monastic Ruins,Monaragala,Ruins,active_unverified
pl_osm_86317cf194,openstreetmap,node,4558097165,osm:node:4558097165,https://www.openstreetmap.org/node/4558097165,Sri Sivasubramaniyam Devalaya,Monaragala,Temple,active_unverified
pl_osm_bbb8b93cae,openstreetmap,node,4561226364,osm:node:4561226364,https://www.openstreetmap.org/node/4561226364,Pothubandana Rajaha Viharaya,Monaragala,Temple,active_unverified
pl_osm_6209f4503f,openstreetmap,node,5405211521,osm:node:5405211521,https://www.openstreetmap.org/node/5405211521,send remove land GRPiyadasa,Monaragala,Temple,active_unverified
pl_osm_3ee637a8ef,openstreetmap,node,13599114878,osm:node:13599114878,https://www.openstreetmap.org/node/13599114878,Kebiliththa Devalaya,Monaragala,Temple,active_unverified
pl_osm_4d0ac754b0,openstreetmap,node,6169995089,osm:node:6169995089,https://www.openstreetmap.org/node/6169995089,Senanayaka Samudraya Spilling Point,Monaragala,Viewpoint,active_unverified
pl_osm_5f7279ce65,openstreetmap,node,9528569417,osm:node:9528569417,https://www.openstreetmap.org/node/9528569417,View to Fields,Monaragala,Viewpoint,active_unverified
pl_osm_44920439d2,openstreetmap,node,11117374578,osm:node:11117374578,https://www.openstreetmap.org/node/11117374578,Henewala Wadigala,Monaragala,Viewpoint,active_unverified
pl_osm_fe2725616d,openstreetmap,node,11117374581,osm:node:11117374581,https://www.openstreetmap.org/node/11117374581,Belumgala,Monaragala,Viewpoint,active_unverified
pl_osm_2b8d1cc735,openstreetmap,node,11117457719,osm:node:11117457719,https://www.openstreetmap.org/node/11117457719,Galoya Forest View,Monaragala,Viewpoint,active_unverified
pl_osm_83b646c447,openstreetmap,node,11117457720,osm:node:11117457720,https://www.openstreetmap.org/node/11117457720,Bulupitiya Bend Ganadewi Temple,Monaragala,Viewpoint,active_unverified
pl_osm_33425a9424,openstreetmap,node,3369554000,osm:node:3369554000,https://www.openstreetmap.org/node/3369554000,Sri Samudragiri Raja Maha Viharaya,Mullaitivu,Buddhist Temple,active_unverified
pl_osm_7bd5be826f,openstreetmap,node,3926618891,osm:node:3926618891,https://www.openstreetmap.org/node/3926618891,Vihara,Mullaitivu,Buddhist Temple,active_unverified
pl_osm_168ccff450,openstreetmap,way,555231813,osm:way:555231813,https://www.openstreetmap.org/way/555231813,Sunirnala Aramaya,Mullaitivu,Buddhist Temple,active_unverified
pl_osm_c91d8f6574,openstreetmap,way,663704425,osm:way:663704425,https://www.openstreetmap.org/way/663704425,Nayaru Gurukanda Rajamaha Viharaya,Mullaitivu,Buddhist Temple,active_unverified
pl_osm_d04208da29,openstreetmap,node,4700424388,osm:node:4700424388,https://www.openstreetmap.org/node/4700424388,Tamilmani Ariyan Poigai,Mullaitivu,Building,active_unverified
pl_osm_45dd0d98d0,openstreetmap,node,5682692325,osm:node:5682692325,https://www.openstreetmap.org/node/5682692325,Monument of Victory,Mullaitivu,Building,active_unverified
pl_osm_51bbae6318,openstreetmap,way,392710598,osm:way:392710598,https://www.openstreetmap.org/way/392710598,War Memorial,Mullaitivu,Building,active_unverified
pl_osm_05a3227780,openstreetmap,node,5634374686,osm:node:5634374686,https://www.openstreetmap.org/node/5634374686,Thiru Valuvar,Mullaitivu,Building,active_unverified
pl_osm_cbdc3f8e6c,openstreetmap,node,5634374687,osm:node:5634374687,https://www.openstreetmap.org/node/5634374687,Sarswathithevi,Mullaitivu,Building,active_unverified
pl_osm_63bbabec1b,openstreetmap,node,3369560277,osm:node:3369560277,https://www.openstreetmap.org/node/3369560277,St.Peters Church,Mullaitivu,Church,active_unverified
pl_osm_44a8177b6a,openstreetmap,node,3369564578,osm:node:3369564578,https://www.openstreetmap.org/node/3369564578,Mount Zion House of Prayer,Mullaitivu,Church,active_unverified
pl_osm_d07e92f283,openstreetmap,way,682959132,osm:way:682959132,https://www.openstreetmap.org/way/682959132,Mallavi catholic Church,Mullaitivu,Church,active_unverified
pl_osm_c2cb573e6a,openstreetmap,way,743112764,osm:way:743112764,https://www.openstreetmap.org/way/743112764,Rc Church Redbana,Mullaitivu,Church,active_unverified
pl_osm_6b4d15d9fd,openstreetmap,node,3236800699,osm:node:3236800699,https://www.openstreetmap.org/node/3236800699,Thirumurikandy,Mullaitivu,Kovil,active_unverified
pl_osm_896dca90c3,openstreetmap,node,3539510767,osm:node:3539510767,https://www.openstreetmap.org/node/3539510767,Puthukudrippu Sri Kanthaswamy Kovil,Mullaitivu,Kovil,active_unverified
pl_osm_7c389dec95,openstreetmap,node,3539524358,osm:node:3539524358,https://www.openstreetmap.org/node/3539524358,Ulakalantha Pillayar Kovil,Mullaitivu,Kovil,active_unverified
pl_osm_86ea181e66,openstreetmap,node,3539537646,osm:node:3539537646,https://www.openstreetmap.org/node/3539537646,Muththumari Amman Aalayam,Mullaitivu,Kovil,active_unverified
pl_osm_93fabbaeb3,openstreetmap,node,4124004091,osm:node:4124004091,https://www.openstreetmap.org/node/4124004091,Thaneerootu Narasinghar,Mullaitivu,Kovil,active_unverified
pl_osm_8d4bbe961e,openstreetmap,node,4124079571,osm:node:4124079571,https://www.openstreetmap.org/node/4124079571,Kadda Viyanagar Kovil,Mullaitivu,Kovil,active_unverified
pl_osm_87ccd28559,openstreetmap,node,4420660397,osm:node:4420660397,https://www.openstreetmap.org/node/4420660397,Mamil Pillyar Kovil,Mullaitivu,Kovil,active_unverified
pl_osm_c97bc1277c,openstreetmap,node,4580961175,osm:node:4580961175,https://www.openstreetmap.org/node/4580961175,Kombavil Nagathambiraan Temple,Mullaitivu,Kovil,active_unverified
pl_osm_b77594e7b5,openstreetmap,node,5637946019,osm:node:5637946019,https://www.openstreetmap.org/node/5637946019,Murugan Kovil,Mullaitivu,Kovil,active_unverified
pl_osm_32f1b113b8,openstreetmap,node,5686990445,osm:node:5686990445,https://www.openstreetmap.org/node/5686990445,Puthumatalan Pillayar Kovil,Mullaitivu,Kovil,active_unverified
pl_osm_940e7d40ff,openstreetmap,node,7249191351,osm:node:7249191351,https://www.openstreetmap.org/node/7249191351,"ஜயனாா் ஆலயம், கரடிப்புவல், குமுளமுனை",Mullaitivu,Kovil,active_unverified
pl_osm_7f1db23b6a,openstreetmap,way,354426889,osm:way:354426889,https://www.openstreetmap.org/way/354426889,Sri Muththumariyamman Aaalayam,Mullaitivu,Kovil,active_unverified
pl_osm_d4ddc9a247,openstreetmap,way,389499028,osm:way:389499028,https://www.openstreetmap.org/way/389499028,Oddusuddan Thanthoonreeswaram,Mullaitivu,Kovil,active_unverified
pl_osm_069f1b550f,openstreetmap,way,410593641,osm:way:410593641,https://www.openstreetmap.org/way/410593641,Mulliyavalai Uuthangkaraip Pillayar Kovil,Mullaitivu,Kovil,active_unverified
pl_osm_2f29f96bbb,openstreetmap,way,433782522,osm:way:433782522,https://www.openstreetmap.org/way/433782522,Thoddiyady Siththi Vinayagar Kovil,Mullaitivu,Kovil,active_unverified
pl_osm_a72d4f8a31,openstreetmap,way,434308026,osm:way:434308026,https://www.openstreetmap.org/way/434308026,Puththady Puthumai Vinayagar Kovil,Mullaitivu,Kovil,active_unverified
pl_osm_1fd00f6e21,openstreetmap,way,435096832,osm:way:435096832,https://www.openstreetmap.org/way/435096832,Anjaneyar Kovil,Mullaitivu,Kovil,active_unverified
pl_osm_4fdfc31e73,openstreetmap,way,435340755,osm:way:435340755,https://www.openstreetmap.org/way/435340755,Hanuman Temple,Mullaitivu,Kovil,active_unverified
pl_osm_f410f25030,openstreetmap,way,445014749,osm:way:445014749,https://www.openstreetmap.org/way/445014749,Pillayar Temple,Mullaitivu,Kovil,active_unverified
pl_osm_f8d804893b,openstreetmap,way,458064956,osm:way:458064956,https://www.openstreetmap.org/way/458064956,Vattappalai Kannai Amman Kovil,Mullaitivu,Kovil,active_unverified
pl_osm_6fb0b4b40a,openstreetmap,way,467100761,osm:way:467100761,https://www.openstreetmap.org/way/467100761,Kannan Kojil,Mullaitivu,Kovil,active_unverified
pl_osm_407cd99aa9,openstreetmap,way,474368306,osm:way:474368306,https://www.openstreetmap.org/way/474368306,Sivan Temple,Mullaitivu,Kovil,active_unverified
pl_osm_62077e9996,openstreetmap,way,681780655,osm:way:681780655,https://www.openstreetmap.org/way/681780655,Maalavi Sivan Temple,Mullaitivu,Kovil,active_unverified
pl_osm_f5f5e3d99b,openstreetmap,way,682193026,osm:way:682193026,https://www.openstreetmap.org/way/682193026,Mallavi Murugan Temple,Mullaitivu,Kovil,active_unverified
pl_osm_ee0831cf00,openstreetmap,way,744575499,osm:way:744575499,https://www.openstreetmap.org/way/744575499,"கற்பகப் பிள்ளையாா் ஆலயம், குமுளமுனை",Mullaitivu,Kovil,active_unverified
pl_osm_4088f116c7,openstreetmap,way,776909405,osm:way:776909405,https://www.openstreetmap.org/way/776909405,"நாகதம்பிரான் ஆலயம், குமுளமுனை",Mullaitivu,Kovil,active_unverified
pl_osm_39854a31e8,openstreetmap,way,776909406,osm:way:776909406,https://www.openstreetmap.org/way/776909406,"கொட்டுக்கிணற்று பிள்ளையாா் ஆலயம், குமுளமுனை",Mullaitivu,Kovil,active_unverified
pl_osm_b2c6444928,openstreetmap,way,776909409,osm:way:776909409,https://www.openstreetmap.org/way/776909409,"முருகன் கோயில், குமுளமுனை",Mullaitivu,Kovil,active_unverified
pl_osm_7560052d42,openstreetmap,way,1212932381,osm:way:1212932381,https://www.openstreetmap.org/way/1212932381,"Sri Sathya sai Seva Centre, Thaniyutty",Mullaitivu,Kovil,active_unverified
pl_osm_27811a7b77,openstreetmap,node,5397206222,osm:node:5397206222,https://www.openstreetmap.org/node/5397206222,Ocean park benches,Mullaitivu,Other,active_unverified
pl_osm_5ccc5ed901,openstreetmap,node,5397206524,osm:node:5397206524,https://www.openstreetmap.org/node/5397206524,Lake with crocodiles STP,Mullaitivu,Other,active_unverified
pl_osm_ec993d7b4b,openstreetmap,node,5669433623,osm:node:5669433623,https://www.openstreetmap.org/node/5669433623,Road to subarine,Mullaitivu,Other,active_unverified
pl_osm_b1a403923c,openstreetmap,node,5669433624,osm:node:5669433624,https://www.openstreetmap.org/node/5669433624,Memorial tamil tiger,Mullaitivu,Other,active_unverified
pl_osm_e408909929,openstreetmap,way,882666483,osm:way:882666483,https://www.openstreetmap.org/way/882666483,Abandoned LTTE Submarine Yard,Mullaitivu,Other,active_unverified
pl_osm_67d426386b,openstreetmap,way,882666495,osm:way:882666495,https://www.openstreetmap.org/way/882666495,LTTE Training Pool,Mullaitivu,Other,active_unverified
pl_osm_025ecd15db,openstreetmap,node,4603432391,osm:node:4603432391,https://www.openstreetmap.org/node/4603432391,Chuvantamuripu Ruins,Mullaitivu,Ruins,active_unverified
pl_osm_d7d6fb3409,openstreetmap,node,5686989910,osm:node:5686989910,https://www.openstreetmap.org/node/5686989910,Uchipillayar Kovil,Mullaitivu,Ruins,active_unverified
pl_osm_846ee3a908,openstreetmap,node,6212284593,osm:node:6212284593,https://www.openstreetmap.org/node/6212284593,Gurukanda Temple,Mullaitivu,Ruins,active_unverified
pl_osm_1bc7e44195,openstreetmap,node,8208656008,osm:node:8208656008,https://www.openstreetmap.org/node/8208656008,LTTE Leadership Bunker,Mullaitivu,Ruins,active_unverified
pl_osm_9b9bc38bbe,openstreetmap,node,4124074497,osm:node:4124074497,https://www.openstreetmap.org/node/4124074497,Iyan Kovil,Mullaitivu,Temple,active_unverified
pl_osm_bc341e5d01,openstreetmap,node,5397206421,osm:node:5397206421,https://www.openstreetmap.org/node/5397206421,Mosque,Mullaitivu,Temple,active_unverified
pl_osm_8060c5a149,openstreetmap,node,7249191350,osm:node:7249191350,https://www.openstreetmap.org/node/7249191350,"சுடலை, குமுளமுனை",Mullaitivu,Temple,active_unverified
pl_osm_4b83917fcb,openstreetmap,way,740824749,osm:way:740824749,https://www.openstreetmap.org/way/740824749,St. Mary's Adaikala Matha church,Mullaitivu,Temple,active_unverified
pl_osm_54dd00e5dc,openstreetmap,way,740929156,osm:way:740929156,https://www.openstreetmap.org/way/740929156,Mt. Zion House of Prayer,Mullaitivu,Temple,active_unverified
pl_osm_c97bdc0cd7,openstreetmap,way,744354422,osm:way:744354422,https://www.openstreetmap.org/way/744354422,Our Lady of Velankanni Church,Mullaitivu,Temple,active_unverified
pl_osm_c15a77559f,openstreetmap,way,1196872351,osm:way:1196872351,https://www.openstreetmap.org/way/1196872351,Lake Gregory Park,Nuwara Eliya,Adventure Park,active_unverified
pl_osm_90e4b696ed,openstreetmap,node,1830386908,osm:node:1830386908,https://www.openstreetmap.org/node/1830386908,Nigrodharamaya,Nuwara Eliya,Buddhist Temple,active_unverified
pl_osm_750a3a7b37,openstreetmap,node,1834911275,osm:node:1834911275,https://www.openstreetmap.org/node/1834911275,Mahaweli Maha Seya,Nuwara Eliya,Buddhist Temple,active_unverified
pl_osm_c46b455daa,openstreetmap,node,2035855626,osm:node:2035855626,https://www.openstreetmap.org/node/2035855626,Kandapola Temple,Nuwara Eliya,Buddhist Temple,active_unverified
pl_osm_8fb73f356c,openstreetmap,node,3390839425,osm:node:3390839425,https://www.openstreetmap.org/node/3390839425,Monastery,Nuwara Eliya,Buddhist Temple,active_unverified
pl_osm_b97a7f1d4b,openstreetmap,node,3392125633,osm:node:3392125633,https://www.openstreetmap.org/node/3392125633,Sri Senanandaramaya,Nuwara Eliya,Buddhist Temple,active_unverified
pl_osm_f6642d7cdb,openstreetmap,node,3393421745,osm:node:3393421745,https://www.openstreetmap.org/node/3393421745,Sandatenna Temple,Nuwara Eliya,Buddhist Temple,active_unverified
pl_osm_a3aff94183,openstreetmap,node,3393421914,osm:node:3393421914,https://www.openstreetmap.org/node/3393421914,Ashokaramaya,Nuwara Eliya,Buddhist Temple,active_unverified
pl_osm_e0aada45c9,openstreetmap,node,3517327375,osm:node:3517327375,https://www.openstreetmap.org/node/3517327375,Holbrook Temple,Nuwara Eliya,Buddhist Temple,active_unverified
pl_osm_f098db9ebe,openstreetmap,node,3590180941,osm:node:3590180941,https://www.openstreetmap.org/node/3590180941,Dabare Temple,Nuwara Eliya,Buddhist Temple,active_unverified
pl_osm_23013858a9,openstreetmap,node,3590215203,osm:node:3590215203,https://www.openstreetmap.org/node/3590215203,Sri Abhinawaramaya,Nuwara Eliya,Buddhist Temple,active_unverified
pl_osm_338584d211,openstreetmap,node,3839318412,osm:node:3839318412,https://www.openstreetmap.org/node/3839318412,Japan Peace Pagoda,Nuwara Eliya,Buddhist Temple,active_unverified
pl_osm_5950f26448,openstreetmap,node,3872159642,osm:node:3872159642,https://www.openstreetmap.org/node/3872159642,Sugatha Munindaramaya,Nuwara Eliya,Buddhist Temple,active_unverified
pl_osm_c8553874c4,openstreetmap,node,3887941716,osm:node:3887941716,https://www.openstreetmap.org/node/3887941716,Shanthipura Temple,Nuwara Eliya,Buddhist Temple,active_unverified
pl_osm_fe4c93f9d1,openstreetmap,node,4322781132,osm:node:4322781132,https://www.openstreetmap.org/node/4322781132,Walapane Bo Tree,Nuwara Eliya,Buddhist Temple,active_unverified
pl_osm_fa25f1c3d3,openstreetmap,node,4442011586,osm:node:4442011586,https://www.openstreetmap.org/node/4442011586,KiriwanEliya Temple,Nuwara Eliya,Buddhist Temple,active_unverified
pl_osm_a7b3ccd54a,openstreetmap,node,4442126052,osm:node:4442126052,https://www.openstreetmap.org/node/4442126052,Kalpa Wruksha Maha Viharaya,Nuwara Eliya,Buddhist Temple,active_unverified
pl_osm_a126d31e24,openstreetmap,node,4443704520,osm:node:4443704520,https://www.openstreetmap.org/node/4443704520,Darmarajaha Maha Viharaya,Nuwara Eliya,Buddhist Temple,active_unverified
pl_osm_04bbd8e88f,openstreetmap,node,4447514121,osm:node:4447514121,https://www.openstreetmap.org/node/4447514121,Ambewella Buddhist Temple,Nuwara Eliya,Buddhist Temple,active_unverified
pl_osm_0492a1b2e7,openstreetmap,node,4447532688,osm:node:4447532688,https://www.openstreetmap.org/node/4447532688,Meepilimana Sri Mahindaramaya,Nuwara Eliya,Buddhist Temple,active_unverified
pl_osm_5d42513bb4,openstreetmap,node,4464475464,osm:node:4464475464,https://www.openstreetmap.org/node/4464475464,Sri Vidyakeerthi Maha Piriwena - Thissapela,Nuwara Eliya,Buddhist Temple,active_unverified
pl_osm_0f4be40978,openstreetmap,node,4465977993,osm:node:4465977993,https://www.openstreetmap.org/node/4465977993,Sri Kalyanawardhanaramaya,Nuwara Eliya,Buddhist Temple,active_unverified
pl_osm_835d88af51,openstreetmap,node,4466117253,osm:node:4466117253,https://www.openstreetmap.org/node/4466117253,Nugawela Abhinawaramaya,Nuwara Eliya,Buddhist Temple,active_unverified
pl_osm_fb2372a17a,openstreetmap,node,4615720699,osm:node:4615720699,https://www.openstreetmap.org/node/4615720699,Sugatharamaya Temple,Nuwara Eliya,Buddhist Temple,active_unverified
pl_osm_21c4511361,openstreetmap,node,4775405860,osm:node:4775405860,https://www.openstreetmap.org/node/4775405860,Sri Rathnaloka Piriwena,Nuwara Eliya,Buddhist Temple,active_unverified
pl_osm_b3b7fcfe87,openstreetmap,node,4775629633,osm:node:4775629633,https://www.openstreetmap.org/node/4775629633,Morapaya Rajamaha Viharaya,Nuwara Eliya,Buddhist Temple,active_unverified
pl_osm_44226fde30,openstreetmap,node,4775771128,osm:node:4775771128,https://www.openstreetmap.org/node/4775771128,Nanu Oya Sri Wardhanaramaya,Nuwara Eliya,Buddhist Temple,active_unverified
pl_osm_efc0ab2c97,openstreetmap,node,4798878220,osm:node:4798878220,https://www.openstreetmap.org/node/4798878220,Sri Bodhirukkharama Rajamaha Viharaya,Nuwara Eliya,Buddhist Temple,active_unverified
pl_osm_de99694804,openstreetmap,node,4829970684,osm:node:4829970684,https://www.openstreetmap.org/node/4829970684,International Buddhist Center,Nuwara Eliya,Buddhist Temple,active_unverified
pl_osm_cbd468dbef,openstreetmap,node,4885454562,osm:node:4885454562,https://www.openstreetmap.org/node/4885454562,Seetha Eliya Temple,Nuwara Eliya,Buddhist Temple,active_unverified
pl_osm_b799c181c8,openstreetmap,node,4901574643,osm:node:4901574643,https://www.openstreetmap.org/node/4901574643,Niyangamdora Rajamaha Viharaya,Nuwara Eliya,Buddhist Temple,active_unverified
pl_osm_21d2860fb6,openstreetmap,node,4901574655,osm:node:4901574655,https://www.openstreetmap.org/node/4901574655,Buddha Statue,Nuwara Eliya,Buddhist Temple,active_unverified
pl_osm_3bc8cdd294,openstreetmap,node,4977345321,osm:node:4977345321,https://www.openstreetmap.org/node/4977345321,Saman Dewalaya,Nuwara Eliya,Buddhist Temple,active_unverified
pl_osm_219a8f11e5,openstreetmap,node,5218122162,osm:node:5218122162,https://www.openstreetmap.org/node/5218122162,Perakumpura Temple,Nuwara Eliya,Buddhist Temple,active_unverified
pl_osm_89230e487d,openstreetmap,node,5220191054,osm:node:5220191054,https://www.openstreetmap.org/node/5220191054,Harasbedda Temple,Nuwara Eliya,Buddhist Temple,active_unverified
pl_osm_7401209ca7,openstreetmap,node,5235318875,osm:node:5235318875,https://www.openstreetmap.org/node/5235318875,Gannewa-Udagama Temple,Nuwara Eliya,Buddhist Temple,active_unverified
pl_osm_43046062ad,openstreetmap,node,5255323420,osm:node:5255323420,https://www.openstreetmap.org/node/5255323420,Pusulpitiya Raja Maha Viharaya,Nuwara Eliya,Buddhist Temple,active_unverified
pl_osm_701acff79d,openstreetmap,node,5395803305,osm:node:5395803305,https://www.openstreetmap.org/node/5395803305,Sri Janananda Maha Viharaya,Nuwara Eliya,Buddhist Temple,active_unverified
pl_osm_c966723ffb,openstreetmap,node,5619440932,osm:node:5619440932,https://www.openstreetmap.org/node/5619440932,Pallebage Sri Abhinawarama Viharaya,Nuwara Eliya,Buddhist Temple,active_unverified
pl_osm_601789be7a,openstreetmap,node,5678395565,osm:node:5678395565,https://www.openstreetmap.org/node/5678395565,Udawela Temple,Nuwara Eliya,Buddhist Temple,active_unverified
pl_osm_8c729100dd,openstreetmap,node,5678396964,osm:node:5678396964,https://www.openstreetmap.org/node/5678396964,Mandaramnuwara Temple,Nuwara Eliya,Buddhist Temple,active_unverified
pl_osm_d864fa3e8a,openstreetmap,node,6041566931,osm:node:6041566931,https://www.openstreetmap.org/node/6041566931,Dagampitiya Temple,Nuwara Eliya,Buddhist Temple,active_unverified
pl_osm_f5068ed5ba,openstreetmap,node,6041677324,osm:node:6041677324,https://www.openstreetmap.org/node/6041677324,Kalaweldeniya Temple,Nuwara Eliya,Buddhist Temple,active_unverified
pl_osm_1abf079989,openstreetmap,node,6284303994,osm:node:6284303994,https://www.openstreetmap.org/node/6284303994,Katumana Sri Seethawanaramaya,Nuwara Eliya,Buddhist Temple,active_unverified
pl_osm_e2a3cee694,openstreetmap,node,6380141252,osm:node:6380141252,https://www.openstreetmap.org/node/6380141252,Rathnayakapatana Temple,Nuwara Eliya,Buddhist Temple,active_unverified
pl_osm_0e2927c69e,openstreetmap,node,6576256345,osm:node:6576256345,https://www.openstreetmap.org/node/6576256345,Merigold Sri Sumanagalaramaya,Nuwara Eliya,Buddhist Temple,active_unverified
pl_osm_c8c9b8b544,openstreetmap,node,6576256854,osm:node:6576256854,https://www.openstreetmap.org/node/6576256854,Wellagiriya Temple,Nuwara Eliya,Buddhist Temple,active_unverified
pl_osm_edb1ceefb8,openstreetmap,node,6592922958,osm:node:6592922958,https://www.openstreetmap.org/node/6592922958,Tispanekanda Sri Gunaratana Piriwena,Nuwara Eliya,Buddhist Temple,active_unverified
pl_osm_f2157b6d3f,openstreetmap,node,6723183283,osm:node:6723183283,https://www.openstreetmap.org/node/6723183283,Galakadapatana Sri Sudharsanaramaya,Nuwara Eliya,Buddhist Temple,active_unverified
pl_osm_3c49aec8e9,openstreetmap,node,6900548229,osm:node:6900548229,https://www.openstreetmap.org/node/6900548229,Delumgahakotuwa Purana Viharaya,Nuwara Eliya,Buddhist Temple,active_unverified
pl_osm_5e63b0af85,openstreetmap,node,6905338587,osm:node:6905338587,https://www.openstreetmap.org/node/6905338587,Rathnagiriya Temple,Nuwara Eliya,Buddhist Temple,active_unverified
pl_osm_a9fd6a5fcb,openstreetmap,node,7276376675,osm:node:7276376675,https://www.openstreetmap.org/node/7276376675,Udagalauda Temple,Nuwara Eliya,Buddhist Temple,active_unverified
pl_osm_f256c714cd,openstreetmap,node,7414125786,osm:node:7414125786,https://www.openstreetmap.org/node/7414125786,Bogahawaththa Bodhirukkharamaya,Nuwara Eliya,Buddhist Temple,active_unverified
pl_osm_ceafcb0495,openstreetmap,node,8212742341,osm:node:8212742341,https://www.openstreetmap.org/node/8212742341,Thispane Sri Isipathanaramaya,Nuwara Eliya,Buddhist Temple,active_unverified
pl_osm_3bbb9ee62b,openstreetmap,node,9775019024,osm:node:9775019024,https://www.openstreetmap.org/node/9775019024,norton pansala,Nuwara Eliya,Buddhist Temple,active_unverified
pl_osm_0f2b4666b7,openstreetmap,node,13249027365,osm:node:13249027365,https://www.openstreetmap.org/node/13249027365,Puwakmal pidugoda viharaya,Nuwara Eliya,Buddhist Temple,active_unverified
pl_osm_a1063fca7e,openstreetmap,node,13249061574,osm:node:13249061574,https://www.openstreetmap.org/node/13249061574,Sri Bodhirukkarama Viharaya,Nuwara Eliya,Buddhist Temple,active_unverified
pl_osm_3ad34b5728,openstreetmap,way,251128677,osm:way:251128677,https://www.openstreetmap.org/way/251128677,Japanese Peace Temple,Nuwara Eliya,Buddhist Temple,active_unverified
pl_osm_3316d61990,openstreetmap,way,314206684,osm:way:314206684,https://www.openstreetmap.org/way/314206684,Hanguranketha Pothgul Raja Maha Viharaya,Nuwara Eliya,Buddhist Temple,active_unverified
pl_osm_b74a0437a1,openstreetmap,way,431814350,osm:way:431814350,https://www.openstreetmap.org/way/431814350,Swarnagiri Maha Viharaya,Nuwara Eliya,Buddhist Temple,active_unverified
pl_osm_ce81254b37,openstreetmap,way,487284665,osm:way:487284665,https://www.openstreetmap.org/way/487284665,Bambarakele Sri Maha Viharaya,Nuwara Eliya,Buddhist Temple,active_unverified
pl_osm_25e5dc3ebf,openstreetmap,way,509675596,osm:way:509675596,https://www.openstreetmap.org/way/509675596,Mawela Temple,Nuwara Eliya,Buddhist Temple,active_unverified
pl_osm_38ae3510e4,openstreetmap,way,509675597,osm:way:509675597,https://www.openstreetmap.org/way/509675597,Morape Kataragama Maha Devalaya,Nuwara Eliya,Buddhist Temple,active_unverified
pl_osm_8d27f734e7,openstreetmap,way,509675598,osm:way:509675598,https://www.openstreetmap.org/way/509675598,Rajagiri Rajamaha Viharaya,Nuwara Eliya,Buddhist Temple,active_unverified
pl_osm_d9626ccd1f,openstreetmap,way,509675600,osm:way:509675600,https://www.openstreetmap.org/way/509675600,Yathurugahu Liyadda Purana Rajamaha Viharaya,Nuwara Eliya,Buddhist Temple,active_unverified
pl_osm_c46fb21882,openstreetmap,way,511529943,osm:way:511529943,https://www.openstreetmap.org/way/511529943,Sri Sumanarama Viharaya,Nuwara Eliya,Buddhist Temple,active_unverified
pl_osm_1439c20c20,openstreetmap,way,517320712,osm:way:517320712,https://www.openstreetmap.org/way/517320712,Kotagala Pabbatharama Viharaya,Nuwara Eliya,Buddhist Temple,active_unverified
pl_osm_fcc97f0dec,openstreetmap,way,517438683,osm:way:517438683,https://www.openstreetmap.org/way/517438683,Ukuthule Temple,Nuwara Eliya,Buddhist Temple,active_unverified
pl_osm_c2e8b4af23,openstreetmap,way,531173784,osm:way:531173784,https://www.openstreetmap.org/way/531173784,Kuda Oya Pushparama Temple,Nuwara Eliya,Buddhist Temple,active_unverified
pl_osm_a2df57c2b6,openstreetmap,way,541401378,osm:way:541401378,https://www.openstreetmap.org/way/541401378,Karamindula Temple,Nuwara Eliya,Buddhist Temple,active_unverified
pl_osm_f76d027941,openstreetmap,way,541401388,osm:way:541401388,https://www.openstreetmap.org/way/541401388,Handawalapitiya Jinendraramaya,Nuwara Eliya,Buddhist Temple,active_unverified
pl_osm_d17838a21c,openstreetmap,way,548949538,osm:way:548949538,https://www.openstreetmap.org/way/548949538,Ambatahalawa Pragna Pradeepa Piriwena,Nuwara Eliya,Buddhist Temple,active_unverified
pl_osm_7bdf77ee3e,openstreetmap,way,548949539,osm:way:548949539,https://www.openstreetmap.org/way/548949539,Malhewa Dalada Karandu Purana Viharaya,Nuwara Eliya,Buddhist Temple,active_unverified
pl_osm_266b2a795c,openstreetmap,way,660546642,osm:way:660546642,https://www.openstreetmap.org/way/660546642,Yatimadura Temple,Nuwara Eliya,Buddhist Temple,active_unverified
pl_osm_4a9989153b,openstreetmap,way,666703885,osm:way:666703885,https://www.openstreetmap.org/way/666703885,Sri Buddharama Viharaya,Nuwara Eliya,Buddhist Temple,active_unverified
pl_osm_3932aedd07,openstreetmap,way,682915639,osm:way:682915639,https://www.openstreetmap.org/way/682915639,Delta Gemunupura Gemunuraja Viharaya,Nuwara Eliya,Buddhist Temple,active_unverified
pl_osm_a8cbb65c07,openstreetmap,way,704773387,osm:way:704773387,https://www.openstreetmap.org/way/704773387,Bopaththalawa Isipathanaramaya,Nuwara Eliya,Buddhist Temple,active_unverified
pl_osm_355431ee65,openstreetmap,way,779270044,osm:way:779270044,https://www.openstreetmap.org/way/779270044,Bogamuwa Temple,Nuwara Eliya,Buddhist Temple,active_unverified
pl_osm_2da3c48fe2,openstreetmap,way,793524093,osm:way:793524093,https://www.openstreetmap.org/way/793524093,Sri Wardhanaramaya,Nuwara Eliya,Buddhist Temple,active_unverified
pl_osm_7ce2df2001,openstreetmap,way,793846993,osm:way:793846993,https://www.openstreetmap.org/way/793846993,Sri Abhayapura Viharaya,Nuwara Eliya,Buddhist Temple,active_unverified
pl_osm_89d0c70ced,openstreetmap,way,798816679,osm:way:798816679,https://www.openstreetmap.org/way/798816679,Aratthana Raja Maha Viharaya,Nuwara Eliya,Buddhist Temple,active_unverified
pl_osm_635733f550,openstreetmap,way,807985924,osm:way:807985924,https://www.openstreetmap.org/way/807985924,Wilawala Purana Viharaya,Nuwara Eliya,Buddhist Temple,active_unverified
pl_osm_91b33a2d74,openstreetmap,way,864572936,osm:way:864572936,https://www.openstreetmap.org/way/864572936,Ruwanpura Sri Wijayamangalaramaya,Nuwara Eliya,Buddhist Temple,active_unverified
pl_osm_6c5b1d5379,openstreetmap,way,882909278,osm:way:882909278,https://www.openstreetmap.org/way/882909278,Nawathispane Sri Gnanodaya Buddhist Center,Nuwara Eliya,Buddhist Temple,active_unverified
pl_osm_df1b3fae14,openstreetmap,way,882909279,osm:way:882909279,https://www.openstreetmap.org/way/882909279,Nawathispane Sri Sudharshanaramaya,Nuwara Eliya,Buddhist Temple,active_unverified
pl_osm_b63f072726,openstreetmap,way,911280712,osm:way:911280712,https://www.openstreetmap.org/way/911280712,Kurupanawela Sri Sunandaramaya,Nuwara Eliya,Buddhist Temple,active_unverified
pl_osm_98999226e5,openstreetmap,way,971373160,osm:way:971373160,https://www.openstreetmap.org/way/971373160,Keerthibandara Dewalaya,Nuwara Eliya,Buddhist Temple,active_unverified
pl_osm_6c2f5897aa,openstreetmap,way,1002753965,osm:way:1002753965,https://www.openstreetmap.org/way/1002753965,srijalandanaramaya,Nuwara Eliya,Buddhist Temple,active_unverified
pl_osm_8986b79554,openstreetmap,way,1004747691,osm:way:1004747691,https://www.openstreetmap.org/way/1004747691,Saman Devalaya,Nuwara Eliya,Buddhist Temple,active_unverified
pl_osm_4048a2048c,openstreetmap,way,1192254171,osm:way:1192254171,https://www.openstreetmap.org/way/1192254171,welamphagoda purana viharaya,Nuwara Eliya,Buddhist Temple,active_unverified
pl_osm_5edd4c4621,openstreetmap,way,1201254878,osm:way:1201254878,https://www.openstreetmap.org/way/1201254878,Castlereigh Temple,Nuwara Eliya,Buddhist Temple,active_unverified
pl_osm_ba6f41490c,openstreetmap,way,1216717091,osm:way:1216717091,https://www.openstreetmap.org/way/1216717091,Siri Jayasumanaramaya,Nuwara Eliya,Buddhist Temple,active_unverified
pl_osm_e81c63f29f,openstreetmap,way,1321735449,osm:way:1321735449,https://www.openstreetmap.org/way/1321735449,Palagolla Temple,Nuwara Eliya,Buddhist Temple,active_unverified
pl_osm_73cf16bc04,openstreetmap,node,6592863152,osm:node:6592863152,https://www.openstreetmap.org/node/6592863152,Zero Mile Post,Nuwara Eliya,Building,active_unverified
pl_osm_c8aa9ec1b8,openstreetmap,node,10920716157,osm:node:10920716157,https://www.openstreetmap.org/node/10920716157,Sleeping Buddha,Nuwara Eliya,Building,active_unverified
pl_osm_56cdc3893b,openstreetmap,node,5909690085,osm:node:5909690085,https://www.openstreetmap.org/node/5909690085,Clocktower,Nuwara Eliya,Building,active_unverified
pl_osm_41855afb81,openstreetmap,node,7323220188,osm:node:7323220188,https://www.openstreetmap.org/node/7323220188,Самовар,Nuwara Eliya,Building,active_unverified
pl_osm_829d8c98e8,openstreetmap,node,8235674949,osm:node:8235674949,https://www.openstreetmap.org/node/8235674949,Mr. James Taylor Statue,Nuwara Eliya,Building,active_unverified
pl_osm_fed581087b,openstreetmap,node,9599357507,osm:node:9599357507,https://www.openstreetmap.org/node/9599357507,Martin Air Plane Crash,Nuwara Eliya,Building,active_unverified
pl_osm_936f699037,openstreetmap,node,10915395205,osm:node:10915395205,https://www.openstreetmap.org/node/10915395205,World wars,Nuwara Eliya,Building,active_unverified
pl_osm_07dbd9a893,openstreetmap,node,12157850197,osm:node:12157850197,https://www.openstreetmap.org/node/12157850197,President R.Premadasa Memorial,Nuwara Eliya,Building,active_unverified
pl_osm_ea5b5a44a9,openstreetmap,node,12642921689,osm:node:12642921689,https://www.openstreetmap.org/node/12642921689,Anagarika Dharmapala Memorial,Nuwara Eliya,Building,active_unverified
pl_osm_288e531d98,openstreetmap,node,198534324,osm:node:198534324,https://www.openstreetmap.org/node/198534324,St. Francis Xavier Church,Nuwara Eliya,Church,active_unverified
pl_osm_195477f240,openstreetmap,node,4443613151,osm:node:4443613151,https://www.openstreetmap.org/node/4443613151,All Saints Church,Nuwara Eliya,Church,active_unverified
pl_osm_48fbf0e740,openstreetmap,node,7079883043,osm:node:7079883043,https://www.openstreetmap.org/node/7079883043,St. John the Baptist,Nuwara Eliya,Church,active_unverified
pl_osm_5a96a257a6,openstreetmap,node,8637064242,osm:node:8637064242,https://www.openstreetmap.org/node/8637064242,St.Paul the Hermit Church,Nuwara Eliya,Church,active_unverified
pl_osm_0b583c6bab,openstreetmap,node,9771201260,osm:node:9771201260,https://www.openstreetmap.org/node/9771201260,St. Joseph Church,Nuwara Eliya,Church,active_unverified
pl_osm_785b162033,openstreetmap,node,9771990683,osm:node:9771990683,https://www.openstreetmap.org/node/9771990683,Thangakelle Church,Nuwara Eliya,Church,active_unverified
pl_osm_f04a74f29a,openstreetmap,node,9775019023,osm:node:9775019023,https://www.openstreetmap.org/node/9775019023,assembly of god church,Nuwara Eliya,Church,active_unverified
pl_osm_4f976033bf,openstreetmap,node,9869533372,osm:node:9869533372,https://www.openstreetmap.org/node/9869533372,Punduloya Pentecostal Assembies Church,Nuwara Eliya,Church,active_unverified
pl_osm_6112f5c1ae,openstreetmap,node,9869533400,osm:node:9869533400,https://www.openstreetmap.org/node/9869533400,St. Sebastian Church,Nuwara Eliya,Church,active_unverified
pl_osm_b584776302,openstreetmap,node,11217829422,osm:node:11217829422,https://www.openstreetmap.org/node/11217829422,Portree Church,Nuwara Eliya,Church,active_unverified
pl_osm_64e6e24513,openstreetmap,node,13108713567,osm:node:13108713567,https://www.openstreetmap.org/node/13108713567,Lutheran Church,Nuwara Eliya,Church,active_unverified
pl_osm_7052ccb69a,openstreetmap,way,539855103,osm:way:539855103,https://www.openstreetmap.org/way/539855103,Christchurch Warleigh,Nuwara Eliya,Church,active_unverified
pl_osm_81091e6c77,openstreetmap,way,585632627,osm:way:585632627,https://www.openstreetmap.org/way/585632627,Holy Trinity Church,Nuwara Eliya,Church,active_unverified
pl_osm_ba990af5eb,openstreetmap,way,588874657,osm:way:588874657,https://www.openstreetmap.org/way/588874657,Gorokoya Church,Nuwara Eliya,Church,active_unverified
pl_osm_5e31d521b3,openstreetmap,way,622579847,osm:way:622579847,https://www.openstreetmap.org/way/622579847,Holy Rosary Church,Nuwara Eliya,Church,active_unverified
pl_osm_68cca6314a,openstreetmap,way,926552621,osm:way:926552621,https://www.openstreetmap.org/way/926552621,Brookside Church,Nuwara Eliya,Church,active_unverified
pl_osm_7edadee5da,openstreetmap,way,1005444368,osm:way:1005444368,https://www.openstreetmap.org/way/1005444368,Mada Church,Nuwara Eliya,Church,active_unverified
pl_osm_d51b83f236,openstreetmap,way,1056556624,osm:way:1056556624,https://www.openstreetmap.org/way/1056556624,Praise Garden Retreat Centre Norton Bridge,Nuwara Eliya,Church,active_unverified
pl_osm_09d7bef2b7,openstreetmap,way,1176141585,osm:way:1176141585,https://www.openstreetmap.org/way/1176141585,Christ Church - Dickoya,Nuwara Eliya,Church,active_unverified
pl_osm_4c6b126e14,openstreetmap,way,1222692345,osm:way:1222692345,https://www.openstreetmap.org/way/1222692345,Sepastiyaar Church,Nuwara Eliya,Church,active_unverified
pl_osm_5f9886be33,openstreetmap,way,1249794021,osm:way:1249794021,https://www.openstreetmap.org/way/1249794021,Madha Church,Nuwara Eliya,Church,active_unverified
pl_osm_b75a1f982b,openstreetmap,node,2035867687,osm:node:2035867687,https://www.openstreetmap.org/node/2035867687,Kandapola Kovil,Nuwara Eliya,Kovil,active_unverified
pl_osm_afebf67762,openstreetmap,node,2714473161,osm:node:2714473161,https://www.openstreetmap.org/node/2714473161,Seetha Amman Kovil,Nuwara Eliya,Kovil,active_unverified
pl_osm_f4eb1faae0,openstreetmap,node,4678340977,osm:node:4678340977,https://www.openstreetmap.org/node/4678340977,Theeswarar Temple,Nuwara Eliya,Kovil,active_unverified
pl_osm_1aebe745bf,openstreetmap,node,5469843821,osm:node:5469843821,https://www.openstreetmap.org/node/5469843821,Shri Bhakta Hanuman Kovil,Nuwara Eliya,Kovil,active_unverified
pl_osm_01666f43e4,openstreetmap,node,9742560951,osm:node:9742560951,https://www.openstreetmap.org/node/9742560951,amman,Nuwara Eliya,Kovil,active_unverified
pl_osm_8e91f5e4ae,openstreetmap,node,9742560952,osm:node:9742560952,https://www.openstreetmap.org/node/9742560952,vinayaga,Nuwara Eliya,Kovil,active_unverified
pl_osm_7ad74a7b04,openstreetmap,node,9742560953,osm:node:9742560953,https://www.openstreetmap.org/node/9742560953,Sivan,Nuwara Eliya,Kovil,active_unverified
pl_osm_8010835ee1,openstreetmap,node,9771886764,osm:node:9771886764,https://www.openstreetmap.org/node/9771886764,punduloya vinayagar alayam,Nuwara Eliya,Kovil,active_unverified
pl_osm_765fccf6cc,openstreetmap,node,9771925506,osm:node:9771925506,https://www.openstreetmap.org/node/9771925506,Elgin Sri Karumariamman Alayam,Nuwara Eliya,Kovil,active_unverified
pl_osm_3c16420d9a,openstreetmap,node,9771925509,osm:node:9771925509,https://www.openstreetmap.org/node/9771925509,Elgin Lower Division Sri Muththumari amman Alayam,Nuwara Eliya,Kovil,active_unverified
pl_osm_e19e77d433,openstreetmap,node,9771990681,osm:node:9771990681,https://www.openstreetmap.org/node/9771990681,Thangakelle Sri Muththumari Amman Alayam,Nuwara Eliya,Kovil,active_unverified
pl_osm_d6c914631d,openstreetmap,node,9772132740,osm:node:9772132740,https://www.openstreetmap.org/node/9772132740,Maria Siththi Vinayagar Aalayam,Nuwara Eliya,Kovil,active_unverified
pl_osm_887ace5cb5,openstreetmap,node,9772135484,osm:node:9772135484,https://www.openstreetmap.org/node/9772135484,Ouvakelle Mariyamman kovil,Nuwara Eliya,Kovil,active_unverified
pl_osm_4a98bf8a30,openstreetmap,node,9774960461,osm:node:9774960461,https://www.openstreetmap.org/node/9774960461,Sri muththumariyamman,Nuwara Eliya,Kovil,active_unverified
pl_osm_045e3985ec,openstreetmap,node,9857668970,osm:node:9857668970,https://www.openstreetmap.org/node/9857668970,sri muththumaariyamman kovil,Nuwara Eliya,Kovil,active_unverified
pl_osm_23220f0192,openstreetmap,node,9869557371,osm:node:9869557371,https://www.openstreetmap.org/node/9869557371,Galge Purana Dewalaya,Nuwara Eliya,Kovil,active_unverified
pl_osm_a7c647994b,openstreetmap,node,10209029130,osm:node:10209029130,https://www.openstreetmap.org/node/10209029130,hindu temple,Nuwara Eliya,Kovil,active_unverified
pl_osm_c94658fb29,openstreetmap,node,10928589849,osm:node:10928589849,https://www.openstreetmap.org/node/10928589849,Shivan Kovil,Nuwara Eliya,Kovil,active_unverified
pl_osm_97ffeafb99,openstreetmap,node,10991589241,osm:node:10991589241,https://www.openstreetmap.org/node/10991589241,Eastall divisin hindu temple,Nuwara Eliya,Kovil,active_unverified
pl_osm_9a2f0bd596,openstreetmap,node,11542419019,osm:node:11542419019,https://www.openstreetmap.org/node/11542419019,Sri sanmuganathar kovil,Nuwara Eliya,Kovil,active_unverified
pl_osm_50b43866b5,openstreetmap,node,11960011572,osm:node:11960011572,https://www.openstreetmap.org/node/11960011572,Muthuvinayagar kovil,Nuwara Eliya,Kovil,active_unverified
pl_osm_9e3790a8c0,openstreetmap,node,11960017711,osm:node:11960017711,https://www.openstreetmap.org/node/11960017711,"Shri Muthumariamman temple, wooton hills",Nuwara Eliya,Kovil,active_unverified
pl_osm_d0fed37832,openstreetmap,node,13108713571,osm:node:13108713571,https://www.openstreetmap.org/node/13108713571,Kandapillaiyar Temple-Oliphant,Nuwara Eliya,Kovil,active_unverified
pl_osm_94fce3948c,openstreetmap,node,13108713682,osm:node:13108713682,https://www.openstreetmap.org/node/13108713682,Sri Kathirvelauthaswami Temple-Oliphant,Nuwara Eliya,Kovil,active_unverified
pl_osm_5e98a2bad7,openstreetmap,node,13108713683,osm:node:13108713683,https://www.openstreetmap.org/node/13108713683,Muneeswaran Temple-Oliphant,Nuwara Eliya,Kovil,active_unverified
pl_osm_4df64b70eb,openstreetmap,node,13108741569,osm:node:13108741569,https://www.openstreetmap.org/node/13108741569,Sri Muthumariamman Temple-Oliphant,Nuwara Eliya,Kovil,active_unverified
pl_osm_a13d36f582,openstreetmap,node,14031698781,osm:node:14031698781,https://www.openstreetmap.org/node/14031698781,Lower Cruden Division Muththumaariyamman Kovil,Nuwara Eliya,Kovil,active_unverified
pl_osm_76b9619199,openstreetmap,way,251128733,osm:way:251128733,https://www.openstreetmap.org/way/251128733,sri muththu maariamman kovil laxsapana,Nuwara Eliya,Kovil,active_unverified
pl_osm_09f364cc28,openstreetmap,way,315088791,osm:way:315088791,https://www.openstreetmap.org/way/315088791,Battalagalla Temple,Nuwara Eliya,Kovil,active_unverified
pl_osm_cb37fecd00,openstreetmap,way,517388186,osm:way:517388186,https://www.openstreetmap.org/way/517388186,Nuwara Eliya Pradeshiya Sabha,Nuwara Eliya,Kovil,active_unverified
pl_osm_cc61d5b9a8,openstreetmap,way,588870154,osm:way:588870154,https://www.openstreetmap.org/way/588870154,Vinayar Temple,Nuwara Eliya,Kovil,active_unverified
pl_osm_aeda67ecb4,openstreetmap,way,589115933,osm:way:589115933,https://www.openstreetmap.org/way/589115933,Kathiresan Kovil,Nuwara Eliya,Kovil,active_unverified
pl_osm_e6c2d3d2c6,openstreetmap,way,1001838585,osm:way:1001838585,https://www.openstreetmap.org/way/1001838585,valamalai sri muththumariamman temple,Nuwara Eliya,Kovil,active_unverified
pl_osm_c1c22298ed,openstreetmap,way,1002222679,osm:way:1002222679,https://www.openstreetmap.org/way/1002222679,Dickoya Amman Kovil,Nuwara Eliya,Kovil,active_unverified
pl_osm_751915d131,openstreetmap,way,1003551851,osm:way:1003551851,https://www.openstreetmap.org/way/1003551851,Vishnu Kovil,Nuwara Eliya,Kovil,active_unverified
pl_osm_cc64ce4432,openstreetmap,way,1176551802,osm:way:1176551802,https://www.openstreetmap.org/way/1176551802,Aldie Upper Kovil,Nuwara Eliya,Kovil,active_unverified
pl_osm_daa6951447,openstreetmap,way,1222692334,osm:way:1222692334,https://www.openstreetmap.org/way/1222692334,KARUPPUSAMI KOVIL,Nuwara Eliya,Kovil,active_unverified
pl_osm_cf853b9875,openstreetmap,way,1222692335,osm:way:1222692335,https://www.openstreetmap.org/way/1222692335,SRI AGOTHARA VEERAPUTHTHIRA KOVIL,Nuwara Eliya,Kovil,active_unverified
pl_osm_fa511bef01,openstreetmap,way,1222692337,osm:way:1222692337,https://www.openstreetmap.org/way/1222692337,SRI MUTHU MARIYAMMAN TEMPLE,Nuwara Eliya,Kovil,active_unverified
pl_osm_9c66bccf73,openstreetmap,way,1222692340,osm:way:1222692340,https://www.openstreetmap.org/way/1222692340,KALIYAMMA TEMPLE,Nuwara Eliya,Kovil,active_unverified
pl_osm_ed84c03b55,openstreetmap,way,1222692342,osm:way:1222692342,https://www.openstreetmap.org/way/1222692342,MARUTHAVEERAN KOVIL,Nuwara Eliya,Kovil,active_unverified
pl_osm_2c0d87f03f,openstreetmap,way,1227400056,osm:way:1227400056,https://www.openstreetmap.org/way/1227400056,chalmers vinayagar kovil,Nuwara Eliya,Kovil,active_unverified
pl_osm_430a6f668e,openstreetmap,way,1227401378,osm:way:1227401378,https://www.openstreetmap.org/way/1227401378,sri murugan tambal,Nuwara Eliya,Kovil,active_unverified
pl_osm_d7129a127e,openstreetmap,way,1227402765,osm:way:1227402765,https://www.openstreetmap.org/way/1227402765,RAMAR KOVIL,Nuwara Eliya,Kovil,active_unverified
pl_osm_7498128e70,openstreetmap,way,1227402766,osm:way:1227402766,https://www.openstreetmap.org/way/1227402766,ROTHAMANI KOVIL,Nuwara Eliya,Kovil,active_unverified
pl_osm_30d5cd1a57,openstreetmap,way,1227402767,osm:way:1227402767,https://www.openstreetmap.org/way/1227402767,MADHURAVEERAN KOVIL,Nuwara Eliya,Kovil,active_unverified
pl_osm_87e0409154,openstreetmap,way,1227402768,osm:way:1227402768,https://www.openstreetmap.org/way/1227402768,EALLAISAMY TEMBAL,Nuwara Eliya,Kovil,active_unverified
pl_osm_eec08d6ceb,openstreetmap,way,1227402769,osm:way:1227402769,https://www.openstreetmap.org/way/1227402769,MADASAMY KOVIL,Nuwara Eliya,Kovil,active_unverified
pl_osm_b64add2e4a,openstreetmap,way,1227404771,osm:way:1227404771,https://www.openstreetmap.org/way/1227404771,MUNIYAPPAN KOVIL,Nuwara Eliya,Kovil,active_unverified
pl_osm_60bedfe6d6,openstreetmap,way,1227404773,osm:way:1227404773,https://www.openstreetmap.org/way/1227404773,MARUTHAVEERAN,Nuwara Eliya,Kovil,active_unverified
pl_osm_2827647649,openstreetmap,way,1227533127,osm:way:1227533127,https://www.openstreetmap.org/way/1227533127,SIVAN KOVIL,Nuwara Eliya,Kovil,active_unverified
pl_osm_209deefc6d,openstreetmap,way,1227533128,osm:way:1227533128,https://www.openstreetmap.org/way/1227533128,MUNI KOVIL,Nuwara Eliya,Kovil,active_unverified
pl_osm_135736c3c1,openstreetmap,way,1227533133,osm:way:1227533133,https://www.openstreetmap.org/way/1227533133,SRIRAMAN KOVIL,Nuwara Eliya,Kovil,active_unverified
pl_osm_b7bea33707,openstreetmap,way,1227533136,osm:way:1227533136,https://www.openstreetmap.org/way/1227533136,KUNDAANKOVIL MUNUSAMY,Nuwara Eliya,Kovil,active_unverified
pl_osm_2b62be663f,openstreetmap,way,1227533138,osm:way:1227533138,https://www.openstreetmap.org/way/1227533138,CHALMERS SUPRAMANIYAM MURUGAN KOVIL,Nuwara Eliya,Kovil,active_unverified
pl_osm_d468c8710b,openstreetmap,way,1249794004,osm:way:1249794004,https://www.openstreetmap.org/way/1249794004,Sindakatty Kovil,Nuwara Eliya,Kovil,active_unverified
pl_osm_f69f936752,openstreetmap,way,1249794008,osm:way:1249794008,https://www.openstreetmap.org/way/1249794008,Dhavarna Temple,Nuwara Eliya,Kovil,active_unverified
pl_osm_8495b9ad36,openstreetmap,way,1249794010,osm:way:1249794010,https://www.openstreetmap.org/way/1249794010,Kaaman Kovil,Nuwara Eliya,Kovil,active_unverified
pl_osm_dc6e54556c,openstreetmap,way,1465300414,osm:way:1465300414,https://www.openstreetmap.org/way/1465300414,Muniswaran Shrine,Nuwara Eliya,Kovil,active_unverified
pl_osm_e3d03cc4c4,openstreetmap,node,873842127,osm:node:873842127,https://www.openstreetmap.org/node/873842127,Jumma Masjid,Nuwara Eliya,Mosque,active_unverified
pl_osm_8005b783cd,openstreetmap,node,1830386963,osm:node:1830386963,https://www.openstreetmap.org/node/1830386963,Hatton Jumma Mosque,Nuwara Eliya,Mosque,active_unverified
pl_osm_86c09fe70c,openstreetmap,node,3385743311,osm:node:3385743311,https://www.openstreetmap.org/node/3385743311,Al Kabeer Grand Mosque,Nuwara Eliya,Mosque,active_unverified
pl_osm_fd93f8db26,openstreetmap,node,4924740553,osm:node:4924740553,https://www.openstreetmap.org/node/4924740553,Masjidhul Hijra,Nuwara Eliya,Mosque,active_unverified
pl_osm_a9edb0f159,openstreetmap,node,7123737374,osm:node:7123737374,https://www.openstreetmap.org/node/7123737374,Masjidhul Minhaj (Jumma Masjidh),Nuwara Eliya,Mosque,active_unverified
pl_osm_ee87a5ce7f,openstreetmap,node,7123737376,osm:node:7123737376,https://www.openstreetmap.org/node/7123737376,Masjidhul Noor (Jumma Masjidh);Al Hamidhiyyah Arabic College,Nuwara Eliya,Mosque,active_unverified
pl_osm_7255fb3f2d,openstreetmap,node,9869533409,osm:node:9869533409,https://www.openstreetmap.org/node/9869533409,Masjidhun Nooraniyyah Thaikkah,Nuwara Eliya,Mosque,active_unverified
pl_osm_fb892ee082,openstreetmap,node,11687246281,osm:node:11687246281,https://www.openstreetmap.org/node/11687246281,Mallanda Mosque,Nuwara Eliya,Mosque,active_unverified
pl_osm_487c709cea,openstreetmap,node,3393538266,osm:node:3393538266,https://www.openstreetmap.org/node/3393538266,Victoria Museum,Nuwara Eliya,Museum,active_unverified
pl_osm_8a3362a4c8,openstreetmap,node,7905101876,osm:node:7905101876,https://www.openstreetmap.org/node/7905101876,Mackwoods Museum,Nuwara Eliya,Museum,active_unverified
pl_osm_9bd9e4ba41,openstreetmap,node,3254675194,osm:node:3254675194,https://www.openstreetmap.org/node/3254675194,Puna Ella Falls,Nuwara Eliya,Other,active_unverified
pl_osm_3aa5869005,openstreetmap,node,3254826636,osm:node:3254826636,https://www.openstreetmap.org/node/3254826636,Lover's Leap Waterfall,Nuwara Eliya,Other,active_unverified
pl_osm_8ad1811863,openstreetmap,node,3833697249,osm:node:3833697249,https://www.openstreetmap.org/node/3833697249,Bomburu Ella Waterfall,Nuwara Eliya,Other,active_unverified
pl_osm_fc57d4c134,openstreetmap,node,4459218097,osm:node:4459218097,https://www.openstreetmap.org/node/4459218097,Blue Fields Tea Factory,Nuwara Eliya,Other,active_unverified
pl_osm_e5395b62df,openstreetmap,node,4586724590,osm:node:4586724590,https://www.openstreetmap.org/node/4586724590,Glenloch Tea Plantation,Nuwara Eliya,Other,active_unverified
pl_osm_ebcfb5c5b1,openstreetmap,node,4675292992,osm:node:4675292992,https://www.openstreetmap.org/node/4675292992,Radella Tea Factory,Nuwara Eliya,Other,active_unverified
pl_osm_29a3c0bd06,openstreetmap,node,4675370791,osm:node:4675370791,https://www.openstreetmap.org/node/4675370791,Edinburgh Tea Processing Center,Nuwara Eliya,Other,active_unverified
pl_osm_f552c45647,openstreetmap,node,4675430289,osm:node:4675430289,https://www.openstreetmap.org/node/4675430289,Waterfall,Nuwara Eliya,Other,active_unverified
pl_osm_c829052449,openstreetmap,node,5430606722,osm:node:5430606722,https://www.openstreetmap.org/node/5430606722,Afternoon Cricket Spot,Nuwara Eliya,Other,active_unverified
pl_osm_972c814bc5,openstreetmap,node,5809896557,osm:node:5809896557,https://www.openstreetmap.org/node/5809896557,St. Clair Falls,Nuwara Eliya,Other,active_unverified
pl_osm_aed4177cc9,openstreetmap,node,6202677542,osm:node:6202677542,https://www.openstreetmap.org/node/6202677542,Golumale Stream,Nuwara Eliya,Other,active_unverified
pl_osm_8d963fd173,openstreetmap,node,7171516185,osm:node:7171516185,https://www.openstreetmap.org/node/7171516185,Adma Agro Strawberry Farm,Nuwara Eliya,Other,active_unverified
pl_osm_31cea54a76,openstreetmap,node,11052239805,osm:node:11052239805,https://www.openstreetmap.org/node/11052239805,Row of white statues up to the temple,Nuwara Eliya,Other,active_unverified
pl_osm_50269d4800,openstreetmap,node,12566216772,osm:node:12566216772,https://www.openstreetmap.org/node/12566216772,Adam's Peak View,Nuwara Eliya,Other,active_unverified
pl_osm_00c0251ebc,openstreetmap,node,12568297699,osm:node:12568297699,https://www.openstreetmap.org/node/12568297699,Mahaveli River Source Stream,Nuwara Eliya,Other,active_unverified
pl_osm_b79d84e369,openstreetmap,node,12612594205,osm:node:12612594205,https://www.openstreetmap.org/node/12612594205,Pekoe Trail Start Stage 9,Nuwara Eliya,Other,active_unverified
pl_osm_f3286ae26c,openstreetmap,node,12612594303,osm:node:12612594303,https://www.openstreetmap.org/node/12612594303,Pekoe Trail Start Stage 8,Nuwara Eliya,Other,active_unverified
pl_osm_dbda3dc82d,openstreetmap,node,12615568002,osm:node:12615568002,https://www.openstreetmap.org/node/12615568002,Pekoe Trail Stage 6 Start Point,Nuwara Eliya,Other,active_unverified
pl_osm_a2b540bbef,openstreetmap,way,1046933427,osm:way:1046933427,https://www.openstreetmap.org/way/1046933427,Somerset Estate Tea Factory,Nuwara Eliya,Other,active_unverified
pl_osm_71e201aef5,openstreetmap,way,1133853104,osm:way:1133853104,https://www.openstreetmap.org/way/1133853104,Hakgala Botanical Garden Entranc,Nuwara Eliya,Other,active_unverified
pl_osm_42836ba835,openstreetmap,way,1216717433,osm:way:1216717433,https://www.openstreetmap.org/way/1216717433,fairlawn,Nuwara Eliya,Tea Estate,active_unverified
pl_osm_3fabfe370c,openstreetmap,way,1546329855,osm:way:1546329855,https://www.openstreetmap.org/way/1546329855,farmlands,Nuwara Eliya,Tea Estate,active_unverified
pl_osm_f1f71bfd03,openstreetmap,way,1547653412,osm:way:1547653412,https://www.openstreetmap.org/way/1547653412,tealand,Nuwara Eliya,Tea Estate,active_unverified
pl_osm_b2f3339160,openstreetmap,node,5909690086,osm:node:5909690086,https://www.openstreetmap.org/node/5909690086,Hinduist Temple,Nuwara Eliya,Temple,active_unverified
pl_osm_2c84839009,openstreetmap,node,7114389385,osm:node:7114389385,https://www.openstreetmap.org/node/7114389385,Temple with view,Nuwara Eliya,Temple,active_unverified
pl_osm_aeccb9f124,openstreetmap,node,9845640093,osm:node:9845640093,https://www.openstreetmap.org/node/9845640093,Sri muthumari amman temple,Nuwara Eliya,Temple,active_unverified
pl_osm_190c0c9c82,openstreetmap,node,11137770080,osm:node:11137770080,https://www.openstreetmap.org/node/11137770080,Building,Nuwara Eliya,Temple,active_unverified
pl_osm_a327284e40,openstreetmap,node,11602397470,osm:node:11602397470,https://www.openstreetmap.org/node/11602397470,Silverkandy Kovil,Nuwara Eliya,Temple,active_unverified
pl_osm_c76b4d5bd8,openstreetmap,node,603033668,osm:node:603033668,https://www.openstreetmap.org/node/603033668,World's End (Plate 1),Nuwara Eliya,Viewpoint,active_unverified
pl_osm_78a92fcb23,openstreetmap,node,891639918,osm:node:891639918,https://www.openstreetmap.org/node/891639918,Mini World's End,Nuwara Eliya,Viewpoint,active_unverified
pl_osm_773ba09241,openstreetmap,node,1742667917,osm:node:1742667917,https://www.openstreetmap.org/node/1742667917,World's End (Plate 2),Nuwara Eliya,Viewpoint,active_unverified
pl_osm_94a4bc3b9c,openstreetmap,node,4122622298,osm:node:4122622298,https://www.openstreetmap.org/node/4122622298,'Soda Bottle' Curve,Nuwara Eliya,Viewpoint,active_unverified
pl_osm_094a5e94ce,openstreetmap,node,4122652880,osm:node:4122652880,https://www.openstreetmap.org/node/4122652880,Rozella 'Double Curve',Nuwara Eliya,Viewpoint,active_unverified
pl_osm_437ffbf84e,openstreetmap,node,4459252090,osm:node:4459252090,https://www.openstreetmap.org/node/4459252090,Kothmale Panorama,Nuwara Eliya,Viewpoint,active_unverified
pl_osm_d398d420bc,openstreetmap,node,4465975780,osm:node:4465975780,https://www.openstreetmap.org/node/4465975780,Kothmale Hanging Bridge,Nuwara Eliya,Viewpoint,active_unverified
pl_osm_c8a5ae9434,openstreetmap,node,4465993050,osm:node:4465993050,https://www.openstreetmap.org/node/4465993050,Kothmale Reservoir Observation Point,Nuwara Eliya,Viewpoint,active_unverified
pl_osm_6c521cc7ce,openstreetmap,node,4501771825,osm:node:4501771825,https://www.openstreetmap.org/node/4501771825,Moon Plains,Nuwara Eliya,Viewpoint,active_unverified
pl_osm_f6773d4fda,openstreetmap,node,4584003089,osm:node:4584003089,https://www.openstreetmap.org/node/4584003089,Single Tree Hill,Nuwara Eliya,Viewpoint,active_unverified
pl_osm_b86823e23a,openstreetmap,node,4611088990,osm:node:4611088990,https://www.openstreetmap.org/node/4611088990,St. Clair Viewing Gallery,Nuwara Eliya,Viewpoint,active_unverified
pl_osm_7f170659df,openstreetmap,node,4611088991,osm:node:4611088991,https://www.openstreetmap.org/node/4611088991,Devon Falls Viewpoint #1,Nuwara Eliya,Viewpoint,active_unverified
pl_osm_5d9cc94323,openstreetmap,node,4611128989,osm:node:4611128989,https://www.openstreetmap.org/node/4611128989,Devon Fall Viewpoint #2,Nuwara Eliya,Viewpoint,active_unverified
pl_osm_8f516f6453,openstreetmap,node,4611290891,osm:node:4611290891,https://www.openstreetmap.org/node/4611290891,Castlereagh Reservoir viewpoint,Nuwara Eliya,Viewpoint,active_unverified
pl_osm_c144a4a121,openstreetmap,node,5166992630,osm:node:5166992630,https://www.openstreetmap.org/node/5166992630,Maskeliya Ravana Gala,Nuwara Eliya,Viewpoint,active_unverified
pl_osm_36d912961b,openstreetmap,node,5289283122,osm:node:5289283122,https://www.openstreetmap.org/node/5289283122,drink beer sunset point,Nuwara Eliya,Viewpoint,active_unverified
pl_osm_c9b04de5bc,openstreetmap,node,5405608121,osm:node:5405608121,https://www.openstreetmap.org/node/5405608121,Waterfall Viewpoint,Nuwara Eliya,Viewpoint,active_unverified
pl_osm_89ab9de851,openstreetmap,node,5413804741,osm:node:5413804741,https://www.openstreetmap.org/node/5413804741,Aberdeen Waterfall,Nuwara Eliya,Viewpoint,active_unverified
pl_osm_a1c8525ea2,openstreetmap,node,6326686085,osm:node:6326686085,https://www.openstreetmap.org/node/6326686085,Sri Pada Falls Viewpoint,Nuwara Eliya,Viewpoint,active_unverified
pl_osm_0eaa507ec0,openstreetmap,node,6328894486,osm:node:6328894486,https://www.openstreetmap.org/node/6328894486,Tea Plantation View,Nuwara Eliya,Viewpoint,active_unverified
pl_osm_606d24dd30,openstreetmap,node,6631957185,osm:node:6631957185,https://www.openstreetmap.org/node/6631957185,Victoria Dam,Nuwara Eliya,Viewpoint,active_unverified
pl_osm_056860bf1e,openstreetmap,node,7171132885,osm:node:7171132885,https://www.openstreetmap.org/node/7171132885,Tea plantations,Nuwara Eliya,Viewpoint,active_unverified
pl_osm_4dc5549f39,openstreetmap,node,10635521505,osm:node:10635521505,https://www.openstreetmap.org/node/10635521505,Viewpoint&Restaurant,Nuwara Eliya,Viewpoint,active_unverified
pl_osm_c6e1444c18,openstreetmap,node,10635533505,osm:node:10635533505,https://www.openstreetmap.org/node/10635533505,Chill Ramboda,Nuwara Eliya,Viewpoint,active_unverified
pl_osm_0c671f28f5,openstreetmap,node,10683411634,osm:node:10683411634,https://www.openstreetmap.org/node/10683411634,Tea plantations view,Nuwara Eliya,Viewpoint,active_unverified
pl_osm_1f59984f8c,openstreetmap,node,10799139805,osm:node:10799139805,https://www.openstreetmap.org/node/10799139805,View of the waterfall,Nuwara Eliya,Viewpoint,active_unverified
pl_osm_d7c1b2856a,openstreetmap,node,10799140206,osm:node:10799140206,https://www.openstreetmap.org/node/10799140206,Upper viewing deck,Nuwara Eliya,Viewpoint,active_unverified
pl_osm_96d4b08ae2,openstreetmap,node,11052738706,osm:node:11052738706,https://www.openstreetmap.org/node/11052738706,Viewpoint of tea plants below,Nuwara Eliya,Viewpoint,active_unverified
pl_osm_4497a29e03,openstreetmap,node,11143135305,osm:node:11143135305,https://www.openstreetmap.org/node/11143135305,Lover's Leap Waterfall bottom viewpoint,Nuwara Eliya,Viewpoint,active_unverified
pl_osm_1f14a54850,openstreetmap,node,11469179111,osm:node:11469179111,https://www.openstreetmap.org/node/11469179111,Eagle's Viewpoint,Nuwara Eliya,Viewpoint,active_unverified
pl_osm_5e09c8a113,openstreetmap,node,12629721602,osm:node:12629721602,https://www.openstreetmap.org/node/12629721602,Amazing view of waterfall and tea plantations,Nuwara Eliya,Viewpoint,active_unverified
pl_osm_d38e961811,openstreetmap,node,12629721603,osm:node:12629721603,https://www.openstreetmap.org/node/12629721603,Incredible view of waterfall and tea plantations,Nuwara Eliya,Viewpoint,active_unverified
pl_osm_2b89e0305e,openstreetmap,node,13070317901,osm:node:13070317901,https://www.openstreetmap.org/node/13070317901,Nice Viewpoint,Nuwara Eliya,Viewpoint,active_unverified
pl_osm_76eb1c2f7c,openstreetmap,node,14068097797,osm:node:14068097797,https://www.openstreetmap.org/node/14068097797,Devon water fall view point,Nuwara Eliya,Viewpoint,active_unverified
pl_osm_c4fc64475a,openstreetmap,node,14068097798,osm:node:14068097798,https://www.openstreetmap.org/node/14068097798,Devon Falls Top Viewpoint,Nuwara Eliya,Viewpoint,active_unverified
pl_osm_23701f5527,openstreetmap,node,567018152,osm:node:567018152,https://www.openstreetmap.org/node/567018152,Gal Viharaya,Polonnaruwa,Buddhist Temple,active_unverified
pl_osm_3e870fdb34,openstreetmap,node,1974745037,osm:node:1974745037,https://www.openstreetmap.org/node/1974745037,Dimbulagala Temple,Polonnaruwa,Buddhist Temple,active_unverified
pl_osm_9a446cd2a4,openstreetmap,node,2278210862,osm:node:2278210862,https://www.openstreetmap.org/node/2278210862,Somawathiya Temple,Polonnaruwa,Buddhist Temple,active_unverified
pl_osm_561cb207e3,openstreetmap,node,2285202896,osm:node:2285202896,https://www.openstreetmap.org/node/2285202896,Lankaramaya Temple,Polonnaruwa,Buddhist Temple,active_unverified
pl_osm_cc96e0a68a,openstreetmap,node,2285443716,osm:node:2285443716,https://www.openstreetmap.org/node/2285443716,Boralukanda Temple,Polonnaruwa,Buddhist Temple,active_unverified
pl_osm_701fe630f2,openstreetmap,node,2285443721,osm:node:2285443721,https://www.openstreetmap.org/node/2285443721,Gam Udhawa Temple,Polonnaruwa,Buddhist Temple,active_unverified
pl_osm_c59648de0f,openstreetmap,node,2285443810,osm:node:2285443810,https://www.openstreetmap.org/node/2285443810,Hathamuna,Polonnaruwa,Buddhist Temple,active_unverified
pl_osm_32ca578856,openstreetmap,node,2296749115,osm:node:2296749115,https://www.openstreetmap.org/node/2296749115,Kurunduwatte Sr Sumanaramaya,Polonnaruwa,Buddhist Temple,active_unverified
pl_osm_4badef9e01,openstreetmap,node,2296767884,osm:node:2296767884,https://www.openstreetmap.org/node/2296767884,Palugasdamana Temple,Polonnaruwa,Buddhist Temple,active_unverified
pl_osm_ea125da28c,openstreetmap,node,2304612471,osm:node:2304612471,https://www.openstreetmap.org/node/2304612471,Siripura Temple,Polonnaruwa,Buddhist Temple,active_unverified
pl_osm_0f0f363cc1,openstreetmap,node,2820275287,osm:node:2820275287,https://www.openstreetmap.org/node/2820275287,Amma Pansala,Polonnaruwa,Buddhist Temple,active_unverified
pl_osm_833c7ae363,openstreetmap,node,2822304509,osm:node:2822304509,https://www.openstreetmap.org/node/2822304509,Vishakha Aramaya,Polonnaruwa,Buddhist Temple,active_unverified
pl_osm_df48894b42,openstreetmap,node,2832937745,osm:node:2832937745,https://www.openstreetmap.org/node/2832937745,Kaduruwela Temple,Polonnaruwa,Buddhist Temple,active_unverified
pl_osm_3821e57d79,openstreetmap,node,5249999127,osm:node:5249999127,https://www.openstreetmap.org/node/5249999127,"Sri Sudarshanaramaya, Sandagalathanna",Polonnaruwa,Buddhist Temple,active_unverified
pl_osm_f9c02f3020,openstreetmap,node,5350756345,osm:node:5350756345,https://www.openstreetmap.org/node/5350756345,Nagalakanda Mahaasena Viharaya,Polonnaruwa,Buddhist Temple,active_unverified
pl_osm_2b40c4835b,openstreetmap,node,7709594144,osm:node:7709594144,https://www.openstreetmap.org/node/7709594144,Sri Kandha Wiharaya,Polonnaruwa,Buddhist Temple,active_unverified
pl_osm_a001e1c39b,openstreetmap,node,8639530567,osm:node:8639530567,https://www.openstreetmap.org/node/8639530567,Giritale,Polonnaruwa,Buddhist Temple,active_unverified
pl_osm_ae607f4763,openstreetmap,way,275333347,osm:way:275333347,https://www.openstreetmap.org/way/275333347,Hetadage,Polonnaruwa,Buddhist Temple,active_unverified
pl_osm_614c087725,openstreetmap,way,275333535,osm:way:275333535,https://www.openstreetmap.org/way/275333535,Tuparamaya Gedige,Polonnaruwa,Buddhist Temple,active_unverified
pl_osm_f85ca79820,openstreetmap,way,275336119,osm:way:275336119,https://www.openstreetmap.org/way/275336119,Kiri Vehera,Polonnaruwa,Buddhist Temple,active_unverified
pl_osm_29e19b7dd9,openstreetmap,way,275745834,osm:way:275745834,https://www.openstreetmap.org/way/275745834,Rankoth Viharaya,Polonnaruwa,Buddhist Temple,active_unverified
pl_osm_56266072b7,openstreetmap,way,278856504,osm:way:278856504,https://www.openstreetmap.org/way/278856504,Bodhirukkaramaya,Polonnaruwa,Buddhist Temple,active_unverified
pl_osm_73aff78658,openstreetmap,way,321271874,osm:way:321271874,https://www.openstreetmap.org/way/321271874,Potgul Viharaya,Polonnaruwa,Buddhist Temple,active_unverified
pl_osm_16d11ebba0,openstreetmap,way,323945344,osm:way:323945344,https://www.openstreetmap.org/way/323945344,Medirigiriya Vatadage,Polonnaruwa,Buddhist Temple,active_unverified
pl_osm_73c689e6ce,openstreetmap,way,554458174,osm:way:554458174,https://www.openstreetmap.org/way/554458174,Sri Sambodhi Viharaya,Polonnaruwa,Buddhist Temple,active_unverified
pl_osm_a657db31f3,openstreetmap,way,562471271,osm:way:562471271,https://www.openstreetmap.org/way/562471271,Naamal Pokuna Rajamaha Viharaya,Polonnaruwa,Buddhist Temple,active_unverified
pl_osm_d5595b0904,openstreetmap,way,563207419,osm:way:563207419,https://www.openstreetmap.org/way/563207419,Divuldamana Sri Mahindaramaya,Polonnaruwa,Buddhist Temple,active_unverified
pl_osm_2bb788a4f3,openstreetmap,way,563207425,osm:way:563207425,https://www.openstreetmap.org/way/563207425,Hathe Kanuwa Sri Jethawanaramaya,Polonnaruwa,Buddhist Temple,active_unverified
pl_osm_2493a4b86f,openstreetmap,way,567309945,osm:way:567309945,https://www.openstreetmap.org/way/567309945,Kandegama Purana Rajamaha Viharaya,Polonnaruwa,Buddhist Temple,active_unverified
pl_osm_20c8832bf5,openstreetmap,way,572559578,osm:way:572559578,https://www.openstreetmap.org/way/572559578,Yatiyalpathaana Sri Neegrodaramaya,Polonnaruwa,Buddhist Temple,active_unverified
pl_osm_97ad41232f,openstreetmap,way,572559601,osm:way:572559601,https://www.openstreetmap.org/way/572559601,Yatiyalpathaana Sri Punya Wardhanaramaya,Polonnaruwa,Buddhist Temple,active_unverified
pl_osm_527a4778f6,openstreetmap,way,572559635,osm:way:572559635,https://www.openstreetmap.org/way/572559635,Wehera Eliya Sri Jinendrarama Viharaya,Polonnaruwa,Buddhist Temple,active_unverified
pl_osm_f54980a473,openstreetmap,way,572559676,osm:way:572559676,https://www.openstreetmap.org/way/572559676,Yoda Ela Temple,Polonnaruwa,Buddhist Temple,active_unverified
pl_osm_a89d205589,openstreetmap,way,572785688,osm:way:572785688,https://www.openstreetmap.org/way/572785688,Pansalgodella Purana Viharaya,Polonnaruwa,Buddhist Temple,active_unverified
pl_osm_78a55dd388,openstreetmap,way,572785709,osm:way:572785709,https://www.openstreetmap.org/way/572785709,Maha Kirimetiya Temple,Polonnaruwa,Buddhist Temple,active_unverified
pl_osm_1e66be1e0f,openstreetmap,way,573909278,osm:way:573909278,https://www.openstreetmap.org/way/573909278,Hingurakgoda Buddhist Center,Polonnaruwa,Buddhist Temple,active_unverified
pl_osm_44056bbeb4,openstreetmap,way,592542748,osm:way:592542748,https://www.openstreetmap.org/way/592542748,Hingurakgoda,Polonnaruwa,Buddhist Temple,active_unverified
pl_osm_d9ed379b32,openstreetmap,way,710853708,osm:way:710853708,https://www.openstreetmap.org/way/710853708,Weheragala temple,Polonnaruwa,Buddhist Temple,active_unverified
pl_osm_ba682b55a2,openstreetmap,node,5822839655,osm:node:5822839655,https://www.openstreetmap.org/node/5822839655,Demala Maha Says stupa ruins,Polonnaruwa,Building,active_unverified
pl_osm_d7da90ab07,openstreetmap,node,10875137169,osm:node:10875137169,https://www.openstreetmap.org/node/10875137169,Buddha,Polonnaruwa,Building,active_unverified
pl_osm_c49afc8368,openstreetmap,node,10981045305,osm:node:10981045305,https://www.openstreetmap.org/node/10981045305,Vanni Kuda Madu Church,Polonnaruwa,Building,active_unverified
pl_osm_fc979bd153,openstreetmap,way,275333336,osm:way:275333336,https://www.openstreetmap.org/way/275333336,Vatadage,Polonnaruwa,Building,active_unverified
pl_osm_531b607844,openstreetmap,way,275336249,osm:way:275336249,https://www.openstreetmap.org/way/275336249,Lankatilaka Temple,Polonnaruwa,Building,active_unverified
pl_osm_d77b9e20c2,openstreetmap,way,332874377,osm:way:332874377,https://www.openstreetmap.org/way/332874377,Tivanka Image House,Polonnaruwa,Building,active_unverified
pl_osm_cf90bae0b8,openstreetmap,node,567018199,osm:node:567018199,https://www.openstreetmap.org/node/567018199,Parakramabahu I,Polonnaruwa,Building,active_unverified
pl_osm_e76ca14c05,openstreetmap,node,2838117686,osm:node:2838117686,https://www.openstreetmap.org/node/2838117686,Statue of Christ,Polonnaruwa,Church,active_unverified
pl_osm_5a0f667715,openstreetmap,way,277520944,osm:way:277520944,https://www.openstreetmap.org/way/277520944,Mary Immaculate Church,Polonnaruwa,Church,active_unverified
pl_osm_6741f8d712,openstreetmap,way,277755068,osm:way:277755068,https://www.openstreetmap.org/way/277755068,Thopawewa Church,Polonnaruwa,Church,active_unverified
pl_osm_2fac43d8ef,openstreetmap,way,278896651,osm:way:278896651,https://www.openstreetmap.org/way/278896651,Hingurakgoda Church,Polonnaruwa,Church,active_unverified
pl_osm_114deb5e5b,openstreetmap,way,279163106,osm:way:279163106,https://www.openstreetmap.org/way/279163106,Bandiwewa Church,Polonnaruwa,Church,active_unverified
pl_osm_bb82ec58f0,openstreetmap,node,2821256405,osm:node:2821256405,https://www.openstreetmap.org/node/2821256405,Amman Kovil,Polonnaruwa,Kovil,active_unverified
pl_osm_32c6661a53,openstreetmap,node,2821256406,osm:node:2821256406,https://www.openstreetmap.org/node/2821256406,Mariyamman kovil,Polonnaruwa,Kovil,active_unverified
pl_osm_1903f47fb2,openstreetmap,node,4885661521,osm:node:4885661521,https://www.openstreetmap.org/node/4885661521,Gallinda Purana Devalaya,Polonnaruwa,Kovil,active_unverified
pl_osm_e34f5cfb58,openstreetmap,node,6652869683,osm:node:6652869683,https://www.openstreetmap.org/node/6652869683,Ruins,Polonnaruwa,Other,active_unverified
pl_osm_c1f59a19db,openstreetmap,node,7211826885,osm:node:7211826885,https://www.openstreetmap.org/node/7211826885,wow lake,Polonnaruwa,Other,active_unverified
pl_osm_2129d3a09c,openstreetmap,node,11027213905,osm:node:11027213905,https://www.openstreetmap.org/node/11027213905,Starting Point,Polonnaruwa,Other,active_unverified
pl_osm_ab40a8aabc,openstreetmap,node,11029625806,osm:node:11029625806,https://www.openstreetmap.org/node/11029625806,Shiva Devale No 2,Polonnaruwa,Other,active_unverified
pl_osm_62b9342fef,openstreetmap,node,11029625807,osm:node:11029625807,https://www.openstreetmap.org/node/11029625807,Damila Thupa,Polonnaruwa,Other,active_unverified
pl_osm_7375b66247,openstreetmap,node,11029634305,osm:node:11029634305,https://www.openstreetmap.org/node/11029634305,Bathing Pool,Polonnaruwa,Other,active_unverified
pl_osm_d5413bed9b,openstreetmap,node,12558913801,osm:node:12558913801,https://www.openstreetmap.org/node/12558913801,Kumara Pokuna,Polonnaruwa,Other,active_unverified
pl_osm_f897a301ec,openstreetmap,way,275745837,osm:way:275745837,https://www.openstreetmap.org/way/275745837,Royal Bath,Polonnaruwa,Other,active_unverified
pl_osm_56bb2ac463,openstreetmap,node,5422362397,osm:node:5422362397,https://www.openstreetmap.org/node/5422362397,Namal Pokuna Vihara Ruins,Polonnaruwa,Ruins,active_unverified
pl_osm_d521af2eda,openstreetmap,node,5502618377,osm:node:5502618377,https://www.openstreetmap.org/node/5502618377,Pansalgodella Historical Place,Polonnaruwa,Ruins,active_unverified
pl_osm_d1c2fed5dd,openstreetmap,way,321896093,osm:way:321896093,https://www.openstreetmap.org/way/321896093,Medirigiriya Watadageya,Polonnaruwa,Ruins,active_unverified
pl_osm_99a907d423,openstreetmap,way,337482571,osm:way:337482571,https://www.openstreetmap.org/way/337482571,Alahana Pirivena,Polonnaruwa,Ruins,active_unverified
pl_osm_c5b313cb8c,openstreetmap,way,1011845920,osm:way:1011845920,https://www.openstreetmap.org/way/1011845920,Pabalu Vehera,Polonnaruwa,Ruins,active_unverified
pl_osm_50a893ce7b,openstreetmap,way,1011920999,osm:way:1011920999,https://www.openstreetmap.org/way/1011920999,Polonnaruwa Quadrangle,Polonnaruwa,Ruins,active_unverified
pl_osm_2e151fb9a8,openstreetmap,node,567018162,osm:node:567018162,https://www.openstreetmap.org/node/567018162,Lotus Pond,Polonnaruwa,Ruins,active_unverified
pl_osm_c725cc34be,openstreetmap,node,2288797277,osm:node:2288797277,https://www.openstreetmap.org/node/2288797277,Royal Palace,Polonnaruwa,Ruins,active_unverified
pl_osm_bdc1ca1aac,openstreetmap,node,2288797300,osm:node:2288797300,https://www.openstreetmap.org/node/2288797300,Tomb of King Nissankamalla,Polonnaruwa,Ruins,active_unverified
pl_osm_15fe1fafda,openstreetmap,node,2288797337,osm:node:2288797337,https://www.openstreetmap.org/node/2288797337,Bisokotuwa,Polonnaruwa,Ruins,active_unverified
pl_osm_ec145059f3,openstreetmap,node,3445666661,osm:node:3445666661,https://www.openstreetmap.org/node/3445666661,Ancient Northern Entrance,Polonnaruwa,Ruins,active_unverified
pl_osm_1bfbc4da58,openstreetmap,node,5350756346,osm:node:5350756346,https://www.openstreetmap.org/node/5350756346,Nagalakanda Ruins,Polonnaruwa,Ruins,active_unverified
pl_osm_9b38946619,openstreetmap,node,10873525152,osm:node:10873525152,https://www.openstreetmap.org/node/10873525152,Inscriptions of Nissankamalla,Polonnaruwa,Ruins,active_unverified
pl_osm_2210f74cc5,openstreetmap,way,275333386,osm:way:275333386,https://www.openstreetmap.org/way/275333386,Atadage,Polonnaruwa,Ruins,active_unverified
pl_osm_5c1a794f07,openstreetmap,way,275333455,osm:way:275333455,https://www.openstreetmap.org/way/275333455,Nissanka Latha Mandapaya,Polonnaruwa,Ruins,active_unverified
pl_osm_b46cf2d750,openstreetmap,way,275333470,osm:way:275333470,https://www.openstreetmap.org/way/275333470,Latha Mandapaya,Polonnaruwa,Ruins,active_unverified
pl_osm_309b12853b,openstreetmap,way,275333471,osm:way:275333471,https://www.openstreetmap.org/way/275333471,Bodhi Tree Shrine,Polonnaruwa,Ruins,active_unverified
pl_osm_6020b0f1ad,openstreetmap,way,275336327,osm:way:275336327,https://www.openstreetmap.org/way/275336327,Sat Mahal Prasadaya,Polonnaruwa,Ruins,active_unverified
pl_osm_d0f4c4d86c,openstreetmap,way,275336460,osm:way:275336460,https://www.openstreetmap.org/way/275336460,Council Chamber,Polonnaruwa,Ruins,active_unverified
pl_osm_31bba28d72,openstreetmap,way,275745841,osm:way:275745841,https://www.openstreetmap.org/way/275745841,Nissankalata Mandapa,Polonnaruwa,Ruins,active_unverified
pl_osm_b6ba045378,openstreetmap,way,275745842,osm:way:275745842,https://www.openstreetmap.org/way/275745842,Menik Vehera,Polonnaruwa,Ruins,active_unverified
pl_osm_2e8f57b005,openstreetmap,way,275745844,osm:way:275745844,https://www.openstreetmap.org/way/275745844,Monastic Hospital,Polonnaruwa,Ruins,active_unverified
pl_osm_5bb2fc47f0,openstreetmap,way,275745845,osm:way:275745845,https://www.openstreetmap.org/way/275745845,Baddha Sima Malakaya,Polonnaruwa,Ruins,active_unverified
pl_osm_4b7a6a44b7,openstreetmap,way,321896092,osm:way:321896092,https://www.openstreetmap.org/way/321896092,Hospital complex,Polonnaruwa,Ruins,active_unverified
pl_osm_c06d032194,openstreetmap,way,337482572,osm:way:337482572,https://www.openstreetmap.org/way/337482572,Ancient Auditorium,Polonnaruwa,Ruins,active_unverified
pl_osm_0cdc6d56e8,openstreetmap,way,337482573,osm:way:337482573,https://www.openstreetmap.org/way/337482573,Audience Hallof Nissankamalla,Polonnaruwa,Ruins,active_unverified
pl_osm_d0b37c6ae5,openstreetmap,way,337482574,osm:way:337482574,https://www.openstreetmap.org/way/337482574,Council Chamber of Nissankamalla,Polonnaruwa,Ruins,active_unverified
pl_osm_b70a2833be,openstreetmap,way,337482575,osm:way:337482575,https://www.openstreetmap.org/way/337482575,Demala Maha Seya,Polonnaruwa,Ruins,active_unverified
pl_osm_cd04d22fb4,openstreetmap,way,337482576,osm:way:337482576,https://www.openstreetmap.org/way/337482576,Naipena Viharaya,Polonnaruwa,Ruins,active_unverified
pl_osm_21aaf3c5b0,openstreetmap,way,337482577,osm:way:337482577,https://www.openstreetmap.org/way/337482577,Royal Palace of King Parakramabahu,Polonnaruwa,Ruins,active_unverified
pl_osm_7c24e828e6,openstreetmap,way,404678069,osm:way:404678069,https://www.openstreetmap.org/way/404678069,Hall,Polonnaruwa,Ruins,active_unverified
pl_osm_800daea8e8,openstreetmap,way,630392076,osm:way:630392076,https://www.openstreetmap.org/way/630392076,Chapter House,Polonnaruwa,Ruins,active_unverified
pl_osm_bfa6e9698b,openstreetmap,node,2839021535,osm:node:2839021535,https://www.openstreetmap.org/node/2839021535,Deval,Polonnaruwa,Temple,active_unverified
pl_osm_02bce925e2,openstreetmap,node,5578140321,osm:node:5578140321,https://www.openstreetmap.org/node/5578140321,Bodhi-tree shrine,Polonnaruwa,Temple,active_unverified
pl_osm_9aedfd167a,openstreetmap,node,6316564385,osm:node:6316564385,https://www.openstreetmap.org/node/6316564385,Sis Priyanthi,Polonnaruwa,Temple,active_unverified
pl_osm_156eef1e39,openstreetmap,node,7905101882,osm:node:7905101882,https://www.openstreetmap.org/node/7905101882,Isipathanaraamaya Temple,Polonnaruwa,Temple,active_unverified
pl_osm_1689ddc966,openstreetmap,node,10744588828,osm:node:10744588828,https://www.openstreetmap.org/node/10744588828,Sri Mangala Bodhirajarama Viharaya,Polonnaruwa,Temple,active_unverified
pl_osm_a57caa3f42,openstreetmap,way,1391988668,osm:way:1391988668,https://www.openstreetmap.org/way/1391988668,Nagalakanda Temple,Polonnaruwa,Temple,active_unverified
pl_osm_253641adeb,openstreetmap,node,5422361421,osm:node:5422361421,https://www.openstreetmap.org/node/5422361421,Dimbulagala Temple Viewpoint,Polonnaruwa,Viewpoint,active_unverified
pl_osm_742b7b962a,openstreetmap,node,5461290275,osm:node:5461290275,https://www.openstreetmap.org/node/5461290275,Danigala Rock,Polonnaruwa,Viewpoint,active_unverified
pl_osm_ac03a73e62,openstreetmap,node,7235296185,osm:node:7235296185,https://www.openstreetmap.org/node/7235296185,Viewpoint Hurulu Eco Park,Polonnaruwa,Viewpoint,active_unverified
pl_osm_e366be8f93,openstreetmap,node,5928410811,osm:node:5928410811,https://www.openstreetmap.org/node/5928410811,Silver Beach,Puttalam,Sandy Beach,active_unverified
pl_osm_c9a8b5e5ea,openstreetmap,node,12568464423,osm:node:12568464423,https://www.openstreetmap.org/node/12568464423,Awesome Beach and Dunes,Puttalam,Sandy Beach,active_unverified
pl_osm_2174b1e71f,openstreetmap,node,12574102702,osm:node:12574102702,https://www.openstreetmap.org/node/12574102702,Muthupanthiya beach,Puttalam,Sandy Beach,active_unverified
pl_osm_2755a0833e,openstreetmap,node,6295851685,osm:node:6295851685,https://www.openstreetmap.org/node/6295851685,Anawasal,Puttalam,Sandy Beach,active_unverified
pl_osm_d8c3b93951,openstreetmap,node,12573804111,osm:node:12573804111,https://www.openstreetmap.org/node/12573804111,Horizon,Puttalam,Sandy Beach,active_unverified
pl_osm_f526ebab3d,openstreetmap,way,399062155,osm:way:399062155,https://www.openstreetmap.org/way/399062155,Kite Beach Villa Kalpitiya,Puttalam,Sandy Beach,active_unverified
pl_osm_26360f8173,openstreetmap,way,399062163,osm:way:399062163,https://www.openstreetmap.org/way/399062163,Cocodance Kite Resort,Puttalam,Sandy Beach,active_unverified
pl_osm_c116b8d203,openstreetmap,way,399162208,osm:way:399162208,https://www.openstreetmap.org/way/399162208,Divyaa Lagoon Resort,Puttalam,Sandy Beach,active_unverified
pl_osm_35c988ebe8,openstreetmap,way,415939080,osm:way:415939080,https://www.openstreetmap.org/way/415939080,De Silva Windresort,Puttalam,Sandy Beach,active_unverified
pl_osm_981fe39bda,openstreetmap,way,416303277,osm:way:416303277,https://www.openstreetmap.org/way/416303277,Srilankakite,Puttalam,Sandy Beach,active_unverified
pl_osm_f733ad0b58,openstreetmap,way,418077459,osm:way:418077459,https://www.openstreetmap.org/way/418077459,Kitesurfing Lanka,Puttalam,Sandy Beach,active_unverified
pl_osm_c071deddd5,openstreetmap,way,779059383,osm:way:779059383,https://www.openstreetmap.org/way/779059383,Elements Watersports & Nature Hotel,Puttalam,Sandy Beach,active_unverified
pl_osm_ec6e081757,openstreetmap,node,1848081791,osm:node:1848081791,https://www.openstreetmap.org/node/1848081791,Neegrodharamaya,Puttalam,Buddhist Temple,active_unverified
pl_osm_62b9fd16c0,openstreetmap,node,2199344176,osm:node:2199344176,https://www.openstreetmap.org/node/2199344176,Katukenda Temple,Puttalam,Buddhist Temple,active_unverified
pl_osm_94135b8936,openstreetmap,node,3464917783,osm:node:3464917783,https://www.openstreetmap.org/node/3464917783,Kshethraramaya,Puttalam,Buddhist Temple,active_unverified
pl_osm_36d4df7e85,openstreetmap,node,3489282307,osm:node:3489282307,https://www.openstreetmap.org/node/3489282307,Wellawa Suwisuddharamaya,Puttalam,Buddhist Temple,active_unverified
pl_osm_b5704cc2c1,openstreetmap,node,3658440637,osm:node:3658440637,https://www.openstreetmap.org/node/3658440637,Dummaladeniya Temple,Puttalam,Buddhist Temple,active_unverified
pl_osm_0aef1a1d0e,openstreetmap,node,3658679421,osm:node:3658679421,https://www.openstreetmap.org/node/3658679421,Zoysarama Viharaya,Puttalam,Buddhist Temple,active_unverified
pl_osm_2eac71cfb2,openstreetmap,node,3658801517,osm:node:3658801517,https://www.openstreetmap.org/node/3658801517,Vidyarathana Pirivena,Puttalam,Buddhist Temple,active_unverified
pl_osm_7a4ef851a4,openstreetmap,node,3661238674,osm:node:3661238674,https://www.openstreetmap.org/node/3661238674,Mahawewa Temple,Puttalam,Buddhist Temple,active_unverified
pl_osm_f14ba706cf,openstreetmap,node,3661267061,osm:node:3661267061,https://www.openstreetmap.org/node/3661267061,Kudawewa Buddhist Temple,Puttalam,Buddhist Temple,active_unverified
pl_osm_709c7c4494,openstreetmap,node,3664293163,osm:node:3664293163,https://www.openstreetmap.org/node/3664293163,Jayathilinaramaya,Puttalam,Buddhist Temple,active_unverified
pl_osm_4b264452f4,openstreetmap,node,3664293164,osm:node:3664293164,https://www.openstreetmap.org/node/3664293164,Dharmarama Temple,Puttalam,Buddhist Temple,active_unverified
pl_osm_08749c994a,openstreetmap,node,3664315547,osm:node:3664315547,https://www.openstreetmap.org/node/3664315547,Suduwella Temple,Puttalam,Buddhist Temple,active_unverified
pl_osm_46d3a28da1,openstreetmap,node,3664367064,osm:node:3664367064,https://www.openstreetmap.org/node/3664367064,Kudirippuwa Temple,Puttalam,Buddhist Temple,active_unverified
pl_osm_5f401d363a,openstreetmap,node,3664367082,osm:node:3664367082,https://www.openstreetmap.org/node/3664367082,Sri Sunandharamaya,Puttalam,Buddhist Temple,active_unverified
pl_osm_c2cf07a90b,openstreetmap,node,3679751399,osm:node:3679751399,https://www.openstreetmap.org/node/3679751399,Sri Sudharshanaramaya,Puttalam,Buddhist Temple,active_unverified
pl_osm_cc5a831fcc,openstreetmap,node,3679751400,osm:node:3679751400,https://www.openstreetmap.org/node/3679751400,Senanayake Temple,Puttalam,Buddhist Temple,active_unverified
pl_osm_e404ae1316,openstreetmap,node,3679877718,osm:node:3679877718,https://www.openstreetmap.org/node/3679877718,Thaniwella Devalaya,Puttalam,Buddhist Temple,active_unverified
pl_osm_b85ae2ff3b,openstreetmap,node,3691169054,osm:node:3691169054,https://www.openstreetmap.org/node/3691169054,Mundalama Temple,Puttalam,Buddhist Temple,active_unverified
pl_osm_fb48392f1d,openstreetmap,node,3692732852,osm:node:3692732852,https://www.openstreetmap.org/node/3692732852,Sri Saranankararamaya,Puttalam,Buddhist Temple,active_unverified
pl_osm_9e46ba94b9,openstreetmap,node,3693030345,osm:node:3693030345,https://www.openstreetmap.org/node/3693030345,Sri Anandaramaya,Puttalam,Buddhist Temple,active_unverified
pl_osm_9f1c557e7d,openstreetmap,node,3696377776,osm:node:3696377776,https://www.openstreetmap.org/node/3696377776,Kobbekaduwa Viharaya,Puttalam,Buddhist Temple,active_unverified
pl_osm_51c21b616a,openstreetmap,node,3960838258,osm:node:3960838258,https://www.openstreetmap.org/node/3960838258,Halpanwila Temple,Puttalam,Buddhist Temple,active_unverified
pl_osm_9e84e19049,openstreetmap,node,5338789418,osm:node:5338789418,https://www.openstreetmap.org/node/5338789418,Dewala Handiya Temple,Puttalam,Buddhist Temple,active_unverified
pl_osm_475eda6c9e,openstreetmap,node,5969129292,osm:node:5969129292,https://www.openstreetmap.org/node/5969129292,Kumbukwewa Weherabendi Welimalu Viharaya,Puttalam,Buddhist Temple,active_unverified
pl_osm_ae9c34bef3,openstreetmap,node,6598938759,osm:node:6598938759,https://www.openstreetmap.org/node/6598938759,Sri Suamangalaramaya,Puttalam,Buddhist Temple,active_unverified
pl_osm_3c4cb95273,openstreetmap,node,6598949103,osm:node:6598949103,https://www.openstreetmap.org/node/6598949103,Sri Mahindaramaya,Puttalam,Buddhist Temple,active_unverified
pl_osm_140f6ea533,openstreetmap,node,13346147130,osm:node:13346147130,https://www.openstreetmap.org/node/13346147130,Mahamevnawa Buddhist Monastery,Puttalam,Buddhist Temple,active_unverified
pl_osm_a034d8b292,openstreetmap,way,491252733,osm:way:491252733,https://www.openstreetmap.org/way/491252733,Karunarathnaramaya,Puttalam,Buddhist Temple,active_unverified
pl_osm_01caf6c0d2,openstreetmap,way,553032367,osm:way:553032367,https://www.openstreetmap.org/way/553032367,Maha Maeliya Jayasumanaramaya,Puttalam,Buddhist Temple,active_unverified
pl_osm_6467f0a13c,openstreetmap,way,553032368,osm:way:553032368,https://www.openstreetmap.org/way/553032368,Angunawila Bodhirajaramaya,Puttalam,Buddhist Temple,active_unverified
pl_osm_133ca5c87a,openstreetmap,way,553073921,osm:way:553073921,https://www.openstreetmap.org/way/553073921,Sri Rathnagiri Rajamaha Viharaya,Puttalam,Buddhist Temple,active_unverified
pl_osm_1e13dfe5dc,openstreetmap,way,553221594,osm:way:553221594,https://www.openstreetmap.org/way/553221594,Ashoka Rajamaha Viharaya,Puttalam,Buddhist Temple,active_unverified
pl_osm_f77021ef70,openstreetmap,way,553221623,osm:way:553221623,https://www.openstreetmap.org/way/553221623,Moonagaswewa Temple,Puttalam,Buddhist Temple,active_unverified
pl_osm_c08d2126d7,openstreetmap,way,588167111,osm:way:588167111,https://www.openstreetmap.org/way/588167111,Bodhirajapura Sri Thambhapanni Viharaya,Puttalam,Buddhist Temple,active_unverified
pl_osm_c53500dac4,openstreetmap,way,588324426,osm:way:588324426,https://www.openstreetmap.org/way/588324426,Sri Dharma Vijayarama Viharaya,Puttalam,Buddhist Temple,active_unverified
pl_osm_1561c65d8e,openstreetmap,way,588328653,osm:way:588328653,https://www.openstreetmap.org/way/588328653,Kalladiya Sri Sugatharama Viharaya,Puttalam,Buddhist Temple,active_unverified
pl_osm_328288228c,openstreetmap,way,589958590,osm:way:589958590,https://www.openstreetmap.org/way/589958590,"Wijaya Sri Vardhanaramaya, Wijayakatupotha",Puttalam,Buddhist Temple,active_unverified
pl_osm_d8aad80d47,openstreetmap,way,593910512,osm:way:593910512,https://www.openstreetmap.org/way/593910512,Sri Devagiri Viharaya,Puttalam,Buddhist Temple,active_unverified
pl_osm_6e00090a51,openstreetmap,way,598047373,osm:way:598047373,https://www.openstreetmap.org/way/598047373,Sri Vijayarama Viharaya,Puttalam,Buddhist Temple,active_unverified
pl_osm_f970308537,openstreetmap,way,601280354,osm:way:601280354,https://www.openstreetmap.org/way/601280354,Matikotuwa Sri Surendrarama Purana Viharaya,Puttalam,Buddhist Temple,active_unverified
pl_osm_03f2875dde,openstreetmap,way,605730059,osm:way:605730059,https://www.openstreetmap.org/way/605730059,Koswatta Temple,Puttalam,Buddhist Temple,active_unverified
pl_osm_bfaa2ab2e9,openstreetmap,way,605730093,osm:way:605730093,https://www.openstreetmap.org/way/605730093,Koswaththa Temple,Puttalam,Buddhist Temple,active_unverified
pl_osm_c6d7f0bfa0,openstreetmap,way,655355158,osm:way:655355158,https://www.openstreetmap.org/way/655355158,Sri Gunarathnaramaya,Puttalam,Buddhist Temple,active_unverified
pl_osm_67ad4afbc0,openstreetmap,way,681604813,osm:way:681604813,https://www.openstreetmap.org/way/681604813,Ralapanawa Sri Sambodhi Senasanaya,Puttalam,Buddhist Temple,active_unverified
pl_osm_aed90649ba,openstreetmap,way,758294020,osm:way:758294020,https://www.openstreetmap.org/way/758294020,Neelabemma Rajamaha Viharaya,Puttalam,Buddhist Temple,active_unverified
pl_osm_af9e8e151b,openstreetmap,way,760430313,osm:way:760430313,https://www.openstreetmap.org/way/760430313,Walpaluwa viharasthanaya,Puttalam,Buddhist Temple,active_unverified
pl_osm_f87b7296e3,openstreetmap,way,760706072,osm:way:760706072,https://www.openstreetmap.org/way/760706072,Sembukuliya tempal,Puttalam,Buddhist Temple,active_unverified
pl_osm_f0deec1a3a,openstreetmap,way,761267436,osm:way:761267436,https://www.openstreetmap.org/way/761267436,Sri Diparama temple,Puttalam,Buddhist Temple,active_unverified
pl_osm_d093f59a07,openstreetmap,node,1134708469,osm:node:1134708469,https://www.openstreetmap.org/node/1134708469,"Holy Rosary Church, Bandirippuwa",Puttalam,Church,active_unverified
pl_osm_d355bc9bd6,openstreetmap,node,2201066186,osm:node:2201066186,https://www.openstreetmap.org/node/2201066186,St.Odilia Church,Puttalam,Church,active_unverified
pl_osm_8148f65dfc,openstreetmap,node,2201118203,osm:node:2201118203,https://www.openstreetmap.org/node/2201118203,Bolawatte Church,Puttalam,Church,active_unverified
pl_osm_f89daae6ac,openstreetmap,node,3655108581,osm:node:3655108581,https://www.openstreetmap.org/node/3655108581,St.Bernadette's Church,Puttalam,Church,active_unverified
pl_osm_1e6bdfd53a,openstreetmap,node,3655123396,osm:node:3655123396,https://www.openstreetmap.org/node/3655123396,St.Lukes Church,Puttalam,Church,active_unverified
pl_osm_293a702cd3,openstreetmap,node,3658420109,osm:node:3658420109,https://www.openstreetmap.org/node/3658420109,Sindhatriya Maria Church,Puttalam,Church,active_unverified
pl_osm_62c01b987e,openstreetmap,node,3658422740,osm:node:3658422740,https://www.openstreetmap.org/node/3658422740,St. Xavier Church,Puttalam,Church,active_unverified
pl_osm_03f073774b,openstreetmap,node,3658422741,osm:node:3658422741,https://www.openstreetmap.org/node/3658422741,St.Marie's Church,Puttalam,Church,active_unverified
pl_osm_8f22d1f22e,openstreetmap,node,3658422742,osm:node:3658422742,https://www.openstreetmap.org/node/3658422742,St. Benedict's Church,Puttalam,Church,active_unverified
pl_osm_6577fbbcd5,openstreetmap,node,3658422748,osm:node:3658422748,https://www.openstreetmap.org/node/3658422748,Nirmala Maria Church,Puttalam,Church,active_unverified
pl_osm_ea68a29660,openstreetmap,node,3658439720,osm:node:3658439720,https://www.openstreetmap.org/node/3658439720,The Lady of Sorrow,Puttalam,Church,active_unverified
pl_osm_b3a1c46f46,openstreetmap,node,3658440635,osm:node:3658440635,https://www.openstreetmap.org/node/3658440635,Thaldeka Church,Puttalam,Church,active_unverified
pl_osm_a6d9a1e2ad,openstreetmap,node,3659712093,osm:node:3659712093,https://www.openstreetmap.org/node/3659712093,St.Theresa Church,Puttalam,Church,active_unverified
pl_osm_e3e65373b9,openstreetmap,node,3661238673,osm:node:3661238673,https://www.openstreetmap.org/node/3661238673,Sadhasarana Church,Puttalam,Church,active_unverified
pl_osm_cdcb153579,openstreetmap,node,3661285347,osm:node:3661285347,https://www.openstreetmap.org/node/3661285347,Kudamaduwella Church,Puttalam,Church,active_unverified
pl_osm_1e0b2cdd57,openstreetmap,node,3679751380,osm:node:3679751380,https://www.openstreetmap.org/node/3679751380,St.Mary's Church,Puttalam,Church,active_unverified
pl_osm_ea794ae240,openstreetmap,node,3691169047,osm:node:3691169047,https://www.openstreetmap.org/node/3691169047,St.Jame's Church,Puttalam,Church,active_unverified
pl_osm_5a54c175b7,openstreetmap,node,3693030341,osm:node:3693030341,https://www.openstreetmap.org/node/3693030341,Our Lady of Guadalupe Church,Puttalam,Church,active_unverified
pl_osm_60faf4c63d,openstreetmap,node,5092423783,osm:node:5092423783,https://www.openstreetmap.org/node/5092423783,Church,Puttalam,Church,active_unverified
pl_osm_19eb06422b,openstreetmap,node,6153856988,osm:node:6153856988,https://www.openstreetmap.org/node/6153856988,St. Peter and Paul Catholic Church,Puttalam,Church,active_unverified
pl_osm_393c2b46d3,openstreetmap,node,6750542189,osm:node:6750542189,https://www.openstreetmap.org/node/6750542189,St. Anne’s National Shrine Thalawila,Puttalam,Church,active_unverified
pl_osm_767bcc730a,openstreetmap,node,6865476556,osm:node:6865476556,https://www.openstreetmap.org/node/6865476556,St. Clement's Church,Puttalam,Church,active_unverified
pl_osm_474df24974,openstreetmap,node,10952362850,osm:node:10952362850,https://www.openstreetmap.org/node/10952362850,Voice of Heaven Church,Puttalam,Church,active_unverified
pl_osm_668807efe9,openstreetmap,node,10981045205,osm:node:10981045205,https://www.openstreetmap.org/node/10981045205,St. Perigrine Church,Puttalam,Church,active_unverified
pl_osm_067140a1cf,openstreetmap,node,11175714345,osm:node:11175714345,https://www.openstreetmap.org/node/11175714345,St Sebastian's shrine,Puttalam,Church,active_unverified
pl_osm_4a2bfc5b79,openstreetmap,node,11473315680,osm:node:11473315680,https://www.openstreetmap.org/node/11473315680,St. Sebastian Church,Puttalam,Church,active_unverified
pl_osm_5fc18b93e7,openstreetmap,node,12983409358,osm:node:12983409358,https://www.openstreetmap.org/node/12983409358,St. Anthony's Shrine,Puttalam,Church,active_unverified
pl_osm_647aff952b,openstreetmap,node,12988303301,osm:node:12988303301,https://www.openstreetmap.org/node/12988303301,Kanniga Matha Church,Puttalam,Church,active_unverified
pl_osm_66b0a8bcf7,openstreetmap,node,12992062632,osm:node:12992062632,https://www.openstreetmap.org/node/12992062632,St. Joseph Church,Puttalam,Church,active_unverified
pl_osm_b682e9468d,openstreetmap,way,589959525,osm:way:589959525,https://www.openstreetmap.org/way/589959525,Wijayakatupotha Sadasarana Church,Puttalam,Church,active_unverified
pl_osm_70b59ef1fe,openstreetmap,way,592061232,osm:way:592061232,https://www.openstreetmap.org/way/592061232,St.Xavier Church,Puttalam,Church,active_unverified
pl_osm_2a98834d56,openstreetmap,way,594166908,osm:way:594166908,https://www.openstreetmap.org/way/594166908,Holy Rosary Church,Puttalam,Church,active_unverified
pl_osm_dd15d05a09,openstreetmap,way,594203083,osm:way:594203083,https://www.openstreetmap.org/way/594203083,St.James Church,Puttalam,Church,active_unverified
pl_osm_ecb730bbf1,openstreetmap,way,594255454,osm:way:594255454,https://www.openstreetmap.org/way/594255454,St. Anthony's Church,Puttalam,Church,active_unverified
pl_osm_db35b21b2d,openstreetmap,way,594324896,osm:way:594324896,https://www.openstreetmap.org/way/594324896,Mattakotuwa Church,Puttalam,Church,active_unverified
pl_osm_330b625662,openstreetmap,way,594346240,osm:way:594346240,https://www.openstreetmap.org/way/594346240,Saint Mary's Church,Puttalam,Church,active_unverified
pl_osm_99093c5a9f,openstreetmap,way,595159793,osm:way:595159793,https://www.openstreetmap.org/way/595159793,Marawila Church,Puttalam,Church,active_unverified
pl_osm_1ca2b87362,openstreetmap,way,597954324,osm:way:597954324,https://www.openstreetmap.org/way/597954324,Chapel of Our Lady of Perpetual Help,Puttalam,Church,active_unverified
pl_osm_101c78ff52,openstreetmap,way,597969707,osm:way:597969707,https://www.openstreetmap.org/way/597969707,Kiragara Church,Puttalam,Church,active_unverified
pl_osm_2fc55cafe8,openstreetmap,way,598342021,osm:way:598342021,https://www.openstreetmap.org/way/598342021,St.Pedro Church,Puttalam,Church,active_unverified
pl_osm_c7b9ae7509,openstreetmap,way,601117770,osm:way:601117770,https://www.openstreetmap.org/way/601117770,St.Francis Xavier Church,Puttalam,Church,active_unverified
pl_osm_b985586a9f,openstreetmap,way,601453949,osm:way:601453949,https://www.openstreetmap.org/way/601453949,Risen Christ,Puttalam,Church,active_unverified
pl_osm_18ecea18d0,openstreetmap,way,603323461,osm:way:603323461,https://www.openstreetmap.org/way/603323461,St.Nicola's Church,Puttalam,Church,active_unverified
pl_osm_614cc053f4,openstreetmap,way,604043161,osm:way:604043161,https://www.openstreetmap.org/way/604043161,St. Joseph's Church,Puttalam,Church,active_unverified
pl_osm_4980e23253,openstreetmap,way,1194904508,osm:way:1194904508,https://www.openstreetmap.org/way/1194904508,Dutch Reformed Church,Puttalam,Church,active_unverified
pl_osm_ef2eef4290,openstreetmap,way,1457750557,osm:way:1457750557,https://www.openstreetmap.org/way/1457750557,St. Sebastian's Church,Puttalam,Church,active_unverified
pl_osm_73e447c6fe,openstreetmap,way,1472947989,osm:way:1472947989,https://www.openstreetmap.org/way/1472947989,Barudalpola Church,Puttalam,Church,active_unverified
pl_osm_49da835752,openstreetmap,node,3692732892,osm:node:3692732892,https://www.openstreetmap.org/node/3692732892,Sri Veerapathra Kali Amman Kovil,Puttalam,Kovil,active_unverified
pl_osm_296c96658b,openstreetmap,node,3692750524,osm:node:3692750524,https://www.openstreetmap.org/node/3692750524,Aiyanar Temple,Puttalam,Kovil,active_unverified
pl_osm_2a310e9a11,openstreetmap,node,11075001678,osm:node:11075001678,https://www.openstreetmap.org/node/11075001678,mariyamman kovil,Puttalam,Kovil,active_unverified
pl_osm_16ac9766fd,openstreetmap,way,320244460,osm:way:320244460,https://www.openstreetmap.org/way/320244460,Munneswaram Kovil,Puttalam,Kovil,active_unverified
pl_osm_5b801e39ca,openstreetmap,way,592135035,osm:way:592135035,https://www.openstreetmap.org/way/592135035,Sri Partha Sarathi Temple,Puttalam,Kovil,active_unverified
pl_osm_6e8bb4f9dd,openstreetmap,way,595178193,osm:way:595178193,https://www.openstreetmap.org/way/595178193,Punchi Kataragama,Puttalam,Kovil,active_unverified
pl_osm_ad4a470a75,openstreetmap,way,598047356,osm:way:598047356,https://www.openstreetmap.org/way/598047356,hindu kowil,Puttalam,Kovil,active_unverified
pl_osm_b0725721bb,openstreetmap,node,1731515226,osm:node:1731515226,https://www.openstreetmap.org/node/1731515226,Mohideen Jummah Mosque,Puttalam,Mosque,active_unverified
pl_osm_d849d32280,openstreetmap,node,3655126004,osm:node:3655126004,https://www.openstreetmap.org/node/3655126004,Town Mosque,Puttalam,Mosque,active_unverified
pl_osm_96f54d9f86,openstreetmap,node,3693072133,osm:node:3693072133,https://www.openstreetmap.org/node/3693072133,Jumma Masjid,Puttalam,Mosque,active_unverified
pl_osm_b6ebe58e3e,openstreetmap,node,3696397685,osm:node:3696397685,https://www.openstreetmap.org/node/3696397685,Rathmalyaya Masjid,Puttalam,Mosque,active_unverified
pl_osm_60fe130fce,openstreetmap,node,6865491342,osm:node:6865491342,https://www.openstreetmap.org/node/6865491342,Mohideen Jumma Masjid,Puttalam,Mosque,active_unverified
pl_osm_5583f19a85,openstreetmap,node,13339072325,osm:node:13339072325,https://www.openstreetmap.org/node/13339072325,Grand Mosque Kurinchipity,Puttalam,Mosque,active_unverified
pl_osm_b2dc5da736,openstreetmap,node,13339072331,osm:node:13339072331,https://www.openstreetmap.org/node/13339072331,Kandakuliya Grand Jummah Masjidh,Puttalam,Mosque,active_unverified
pl_osm_f6024a8e76,openstreetmap,way,754483105,osm:way:754483105,https://www.openstreetmap.org/way/754483105,Muhaiyadeen Jumma Masjid,Puttalam,Mosque,active_unverified
pl_osm_7671eb1cf3,openstreetmap,way,779508584,osm:way:779508584,https://www.openstreetmap.org/way/779508584,Jammiuth Thaqwa Jumma Masjid,Puttalam,Mosque,active_unverified
pl_osm_31e5d9d291,openstreetmap,way,1136631054,osm:way:1136631054,https://www.openstreetmap.org/way/1136631054,MASJIDHUL_FALAH,Puttalam,Mosque,active_unverified
pl_osm_df4628522a,openstreetmap,way,1193122037,osm:way:1193122037,https://www.openstreetmap.org/way/1193122037,NOORMASJIDH_MOSQUE,Puttalam,Mosque,active_unverified
pl_osm_d440715bad,openstreetmap,node,4335384893,osm:node:4335384893,https://www.openstreetmap.org/node/4335384893,Marawila beach,Puttalam,Other,active_unverified
pl_osm_3c520c4616,openstreetmap,node,5774416653,osm:node:5774416653,https://www.openstreetmap.org/node/5774416653,Brickworks,Puttalam,Other,active_unverified
pl_osm_c26036c40a,openstreetmap,node,12775885901,osm:node:12775885901,https://www.openstreetmap.org/node/12775885901,Wakeboard,Puttalam,Other,active_unverified
pl_osm_6abb0f3256,openstreetmap,node,12992118685,osm:node:12992118685,https://www.openstreetmap.org/node/12992118685,Kala Oya Suspension Bridge,Puttalam,Other,active_unverified
pl_osm_d6df4ee303,openstreetmap,node,12992118686,osm:node:12992118686,https://www.openstreetmap.org/node/12992118686,Bathing Place,Puttalam,Other,active_unverified
pl_osm_41825055e5,openstreetmap,way,589078551,osm:way:589078551,https://www.openstreetmap.org/way/589078551,Kalpitiya Fort,Puttalam,Other,active_unverified
pl_osm_bbf70090c6,openstreetmap,node,12983409361,osm:node:12983409361,https://www.openstreetmap.org/node/12983409361,Palace of Queen Kuweni,Puttalam,Ruins,active_unverified
pl_osm_b5da518b16,openstreetmap,node,12985856565,osm:node:12985856565,https://www.openstreetmap.org/node/12985856565,Pomparippu Ancient Burial Site,Puttalam,Ruins,active_unverified
pl_osm_00afa9d6b6,openstreetmap,node,12985856595,osm:node:12985856595,https://www.openstreetmap.org/node/12985856595,Veli Vehera Archaeological Site,Puttalam,Ruins,active_unverified
pl_osm_3de7bfa462,openstreetmap,node,12988303331,osm:node:12988303331,https://www.openstreetmap.org/node/12988303331,Monastic Ruins,Puttalam,Ruins,active_unverified
pl_osm_df255b9556,openstreetmap,way,553221591,osm:way:553221591,https://www.openstreetmap.org/way/553221591,Thonigala Ruins,Puttalam,Ruins,active_unverified
pl_osm_43475c7b02,openstreetmap,node,1474155062,osm:node:1474155062,https://www.openstreetmap.org/node/1474155062,Galkanu Hathara,Puttalam,Temple,active_unverified
pl_osm_62a762df02,openstreetmap,node,1474756967,osm:node:1474756967,https://www.openstreetmap.org/node/1474756967,Minobushan,Puttalam,Temple,active_unverified
pl_osm_25ac312b89,openstreetmap,node,1474770567,osm:node:1474770567,https://www.openstreetmap.org/node/1474770567,Kirimetiyana Piriwena,Puttalam,Temple,active_unverified
pl_osm_03a805cb44,openstreetmap,node,3489273627,osm:node:3489273627,https://www.openstreetmap.org/node/3489273627,Weeramunda Dewalaya,Puttalam,Temple,active_unverified
pl_osm_bc9e4b4f5d,openstreetmap,node,3692732865,osm:node:3692732865,https://www.openstreetmap.org/node/3692732865,Munneswaran Kovil,Puttalam,Temple,active_unverified
pl_osm_436160fc82,openstreetmap,node,4326442389,osm:node:4326442389,https://www.openstreetmap.org/node/4326442389,Brico Metals,Puttalam,Temple,active_unverified
pl_osm_8d9e1cdfb1,openstreetmap,node,6316564285,osm:node:6316564285,https://www.openstreetmap.org/node/6316564285,Pastor Anju Costha,Puttalam,Temple,active_unverified
pl_osm_1c645ada0b,openstreetmap,node,6618305141,osm:node:6618305141,https://www.openstreetmap.org/node/6618305141,Yoga Pilgrim Lodge,Puttalam,Temple,active_unverified
pl_osm_a346f5af91,openstreetmap,node,7793068385,osm:node:7793068385,https://www.openstreetmap.org/node/7793068385,The Society of the Divine Saviour (Salvatorians),Puttalam,Temple,active_unverified
pl_osm_a98ea45b9b,openstreetmap,node,12879465500,osm:node:12879465500,https://www.openstreetmap.org/node/12879465500,sri vijayakama viharaya,Puttalam,Temple,active_unverified
pl_osm_b7b37a52f1,openstreetmap,node,12879500709,osm:node:12879500709,https://www.openstreetmap.org/node/12879500709,mosque,Puttalam,Temple,active_unverified
pl_osm_d4218c800f,openstreetmap,node,12992062694,osm:node:12992062694,https://www.openstreetmap.org/node/12992062694,Tomb of an Islamic Saint,Puttalam,Temple,active_unverified
pl_osm_b46f184d44,openstreetmap,node,12985877732,osm:node:12985877732,https://www.openstreetmap.org/node/12985877732,Mailavillu Viewpoint,Puttalam,Viewpoint,active_unverified
pl_osm_9829394dd9,openstreetmap,node,12986132305,osm:node:12986132305,https://www.openstreetmap.org/node/12986132305,Crocodile Watching,Puttalam,Viewpoint,active_unverified
pl_osm_0e5a431f8f,openstreetmap,node,12992062699,osm:node:12992062699,https://www.openstreetmap.org/node/12992062699,Bat Watching,Puttalam,Viewpoint,active_unverified
pl_osm_9e1f91ff5e,openstreetmap,way,710421256,osm:way:710421256,https://www.openstreetmap.org/way/710421256,Elephant Transit Home,Ratnapura,Adventure Park,active_unverified
pl_osm_b78181f888,openstreetmap,node,98714191,osm:node:98714191,https://www.openstreetmap.org/node/98714191,Sinharaja Prantha Aranya Senasanaya,Ratnapura,Buddhist Temple,active_unverified
pl_osm_22b5dae0ab,openstreetmap,node,1745540305,osm:node:1745540305,https://www.openstreetmap.org/node/1745540305,Ganegama Raja Maha Viharaya,Ratnapura,Buddhist Temple,active_unverified
pl_osm_4a670f214c,openstreetmap,node,1797915552,osm:node:1797915552,https://www.openstreetmap.org/node/1797915552,Sabaragamu Maha Saman Dewalaya,Ratnapura,Buddhist Temple,active_unverified
pl_osm_9b2e1d2706,openstreetmap,node,1828233567,osm:node:1828233567,https://www.openstreetmap.org/node/1828233567,Sudharshana Maha Viharaya,Ratnapura,Buddhist Temple,active_unverified
pl_osm_dfb133345b,openstreetmap,node,1829361724,osm:node:1829361724,https://www.openstreetmap.org/node/1829361724,Welange Purana Raja Maha Viharaya,Ratnapura,Buddhist Temple,active_unverified
pl_osm_e7ac4b5d05,openstreetmap,node,2146192403,osm:node:2146192403,https://www.openstreetmap.org/node/2146192403,Milavitiya Temple,Ratnapura,Buddhist Temple,active_unverified
pl_osm_f95a1182a4,openstreetmap,node,2146192503,osm:node:2146192503,https://www.openstreetmap.org/node/2146192503,Delgamuwa Raja Maha Viharaya,Ratnapura,Buddhist Temple,active_unverified
pl_osm_4826be1762,openstreetmap,node,2146224231,osm:node:2146224231,https://www.openstreetmap.org/node/2146224231,Erathna Temple,Ratnapura,Buddhist Temple,active_unverified
pl_osm_745f888ab8,openstreetmap,node,2151514478,osm:node:2151514478,https://www.openstreetmap.org/node/2151514478,Gnanasinghe Tapowana Temple (Kajugaswatta),Ratnapura,Buddhist Temple,active_unverified
pl_osm_27f602b2a7,openstreetmap,node,2151690228,osm:node:2151690228,https://www.openstreetmap.org/node/2151690228,Galpoththawela Raja Maha Viharaya,Ratnapura,Buddhist Temple,active_unverified
pl_osm_2e3f721098,openstreetmap,node,2152792715,osm:node:2152792715,https://www.openstreetmap.org/node/2152792715,Godagama Raja Maha Viharaya,Ratnapura,Buddhist Temple,active_unverified
pl_osm_a5edbe5266,openstreetmap,node,2908403148,osm:node:2908403148,https://www.openstreetmap.org/node/2908403148,Siri Veerasundararamaya,Ratnapura,Buddhist Temple,active_unverified
pl_osm_d21172bf1b,openstreetmap,node,2908705779,osm:node:2908705779,https://www.openstreetmap.org/node/2908705779,Temple-Morahela,Ratnapura,Buddhist Temple,active_unverified
pl_osm_672751a425,openstreetmap,node,2908775243,osm:node:2908775243,https://www.openstreetmap.org/node/2908775243,Shilathalaramaya,Ratnapura,Buddhist Temple,active_unverified
pl_osm_d942973dcc,openstreetmap,node,3144962321,osm:node:3144962321,https://www.openstreetmap.org/node/3144962321,Udawalawe Buddhist Center,Ratnapura,Buddhist Temple,active_unverified
pl_osm_52b2fd4482,openstreetmap,node,3145216172,osm:node:3145216172,https://www.openstreetmap.org/node/3145216172,Sri Bodhiraja Bhikku Training Centre,Ratnapura,Buddhist Temple,active_unverified
pl_osm_6118b1103d,openstreetmap,node,3147058943,osm:node:3147058943,https://www.openstreetmap.org/node/3147058943,Kawantissa Raja Maha Viharaya,Ratnapura,Buddhist Temple,active_unverified
pl_osm_327a6f6fd9,openstreetmap,node,3147175377,osm:node:3147175377,https://www.openstreetmap.org/node/3147175377,Devale Temple,Ratnapura,Buddhist Temple,active_unverified
pl_osm_5c889d9cc7,openstreetmap,node,3155787889,osm:node:3155787889,https://www.openstreetmap.org/node/3155787889,Dutugemunu MahaSeya,Ratnapura,Buddhist Temple,active_unverified
pl_osm_4a55e2b58f,openstreetmap,node,3198603639,osm:node:3198603639,https://www.openstreetmap.org/node/3198603639,Sri Bodhirukkarama Viharaya,Ratnapura,Buddhist Temple,active_unverified
pl_osm_53278bacaa,openstreetmap,node,3198633972,osm:node:3198633972,https://www.openstreetmap.org/node/3198633972,Ematiyagoda Sri Suvisuddarama Viharaya,Ratnapura,Buddhist Temple,active_unverified
pl_osm_66a7c41661,openstreetmap,node,3658042915,osm:node:3658042915,https://www.openstreetmap.org/node/3658042915,Sri Pada Temple (Sri Pada Buddhist Temple),Ratnapura,Buddhist Temple,active_unverified
pl_osm_607f0c7349,openstreetmap,node,3669506151,osm:node:3669506151,https://www.openstreetmap.org/node/3669506151,Rambuka Sri Sunandaramaya,Ratnapura,Buddhist Temple,active_unverified
pl_osm_b752cc9029,openstreetmap,node,3671102406,osm:node:3671102406,https://www.openstreetmap.org/node/3671102406,Sri Sudharshanaramaya,Ratnapura,Buddhist Temple,active_unverified
pl_osm_d6ef24d538,openstreetmap,node,3673807841,osm:node:3673807841,https://www.openstreetmap.org/node/3673807841,Sri Nandarama Temple,Ratnapura,Buddhist Temple,active_unverified
pl_osm_a1ffa861b3,openstreetmap,node,3749446346,osm:node:3749446346,https://www.openstreetmap.org/node/3749446346,Dela Gangarama Maha Viharaya,Ratnapura,Buddhist Temple,active_unverified
pl_osm_bd541568ba,openstreetmap,node,3937871242,osm:node:3937871242,https://www.openstreetmap.org/node/3937871242,Piyadrshanaramaya,Ratnapura,Buddhist Temple,active_unverified
pl_osm_ce9714a01f,openstreetmap,node,4045295762,osm:node:4045295762,https://www.openstreetmap.org/node/4045295762,Sri Jinaraja Temple,Ratnapura,Buddhist Temple,active_unverified
pl_osm_02b68a069c,openstreetmap,node,4045295794,osm:node:4045295794,https://www.openstreetmap.org/node/4045295794,Balawinna Purana Raja Maha Viharaya,Ratnapura,Buddhist Temple,active_unverified
pl_osm_29a7abf0e1,openstreetmap,node,4045313611,osm:node:4045313611,https://www.openstreetmap.org/node/4045313611,Ubhaya Thilakaramaya,Ratnapura,Buddhist Temple,active_unverified
pl_osm_f375f24d9a,openstreetmap,node,4045395162,osm:node:4045395162,https://www.openstreetmap.org/node/4045395162,Milindu Thalawa Wana Senasanaya,Ratnapura,Buddhist Temple,active_unverified
pl_osm_a93b4d7674,openstreetmap,node,4045413832,osm:node:4045413832,https://www.openstreetmap.org/node/4045413832,Wembiyagoda Sri Bauddharamaya,Ratnapura,Buddhist Temple,active_unverified
pl_osm_5e208fc26d,openstreetmap,node,4145854772,osm:node:4145854772,https://www.openstreetmap.org/node/4145854772,Budugala Purana Rajamaha Viharaya,Ratnapura,Buddhist Temple,active_unverified
pl_osm_6bca5ddb44,openstreetmap,node,4145856781,osm:node:4145856781,https://www.openstreetmap.org/node/4145856781,Kuragala Purana Rajamaha Viharaya,Ratnapura,Buddhist Temple,active_unverified
pl_osm_88a8003d1e,openstreetmap,node,4146042098,osm:node:4146042098,https://www.openstreetmap.org/node/4146042098,Lendora Rajamaha Viharaya,Ratnapura,Buddhist Temple,active_unverified
pl_osm_492b823956,openstreetmap,node,4146042099,osm:node:4146042099,https://www.openstreetmap.org/node/4146042099,Pollamura Temple,Ratnapura,Buddhist Temple,active_unverified
pl_osm_b33ae8aab1,openstreetmap,node,4146042100,osm:node:4146042100,https://www.openstreetmap.org/node/4146042100,Kottimbulwala Rajamaha Viharaya,Ratnapura,Buddhist Temple,active_unverified
pl_osm_fd1173295a,openstreetmap,node,4146042119,osm:node:4146042119,https://www.openstreetmap.org/node/4146042119,Maduwanwela Mudalinalage Aramaya,Ratnapura,Buddhist Temple,active_unverified
pl_osm_9997b540a6,openstreetmap,node,4454599046,osm:node:4454599046,https://www.openstreetmap.org/node/4454599046,Sri Suvisuddharamaya,Ratnapura,Buddhist Temple,active_unverified
pl_osm_0ccc2a8311,openstreetmap,node,4464691464,osm:node:4464691464,https://www.openstreetmap.org/node/4464691464,Sri Jayasekararamaya Temple,Ratnapura,Buddhist Temple,active_unverified
pl_osm_1ac8ed7ffb,openstreetmap,node,4490079442,osm:node:4490079442,https://www.openstreetmap.org/node/4490079442,Sri Sudharmarama Pirivena,Ratnapura,Buddhist Temple,active_unverified
pl_osm_768eb4f4fd,openstreetmap,node,4502083400,osm:node:4502083400,https://www.openstreetmap.org/node/4502083400,Abhayarama Viharaya,Ratnapura,Buddhist Temple,active_unverified
pl_osm_a213ccb684,openstreetmap,node,4694448604,osm:node:4694448604,https://www.openstreetmap.org/node/4694448604,Atakalanpanna Sri Sunandarama Maha Viharaya,Ratnapura,Buddhist Temple,active_unverified
pl_osm_8bc21c17b0,openstreetmap,node,4845107256,osm:node:4845107256,https://www.openstreetmap.org/node/4845107256,Watapotha Sri Dewananda Piriwen Viharaya,Ratnapura,Buddhist Temple,active_unverified
pl_osm_2b0ff1751f,openstreetmap,node,4865540176,osm:node:4865540176,https://www.openstreetmap.org/node/4865540176,Thalawitiya Sri Kethumathi Viharaya,Ratnapura,Buddhist Temple,active_unverified
pl_osm_2fb5225316,openstreetmap,node,4891890172,osm:node:4891890172,https://www.openstreetmap.org/node/4891890172,Rev. Ananda Maitree Memorial Complex,Ratnapura,Buddhist Temple,active_unverified
pl_osm_9c980f7e32,openstreetmap,node,4892365945,osm:node:4892365945,https://www.openstreetmap.org/node/4892365945,Asumaha Srawaka Viharaya,Ratnapura,Buddhist Temple,active_unverified
pl_osm_fad9846b63,openstreetmap,node,4893731243,osm:node:4893731243,https://www.openstreetmap.org/node/4893731243,Kiribathgala Temple,Ratnapura,Buddhist Temple,active_unverified
pl_osm_cd3d10a7c3,openstreetmap,node,4894239984,osm:node:4894239984,https://www.openstreetmap.org/node/4894239984,Kirweldeniya Purana Viharaya - Sannasgama,Ratnapura,Buddhist Temple,active_unverified
pl_osm_929ade9656,openstreetmap,node,4894241544,osm:node:4894241544,https://www.openstreetmap.org/node/4894241544,Kuttapitiya Buddhist Temple,Ratnapura,Buddhist Temple,active_unverified
pl_osm_44b5de0148,openstreetmap,node,4894243630,osm:node:4894243630,https://www.openstreetmap.org/node/4894243630,Baranduwa Rankoth Viharaya,Ratnapura,Buddhist Temple,active_unverified
pl_osm_52c2e3d962,openstreetmap,node,5120255353,osm:node:5120255353,https://www.openstreetmap.org/node/5120255353,Uggal Aluthnuwara Maha Dewalaya,Ratnapura,Buddhist Temple,active_unverified
pl_osm_7b7d5aa50b,openstreetmap,node,5151097808,osm:node:5151097808,https://www.openstreetmap.org/node/5151097808,Weralupa Temple,Ratnapura,Buddhist Temple,active_unverified
pl_osm_c47e3b6159,openstreetmap,node,5154634780,osm:node:5154634780,https://www.openstreetmap.org/node/5154634780,Kathlana Sri Lenagiri viharaya,Ratnapura,Buddhist Temple,active_unverified
pl_osm_76467ba4e1,openstreetmap,node,5154647071,osm:node:5154647071,https://www.openstreetmap.org/node/5154647071,Milinduthalawa Wana Senasuna,Ratnapura,Buddhist Temple,active_unverified
pl_osm_0e3f568141,openstreetmap,node,5154653525,osm:node:5154653525,https://www.openstreetmap.org/node/5154653525,Pothupitiya sri Gangaramaya,Ratnapura,Buddhist Temple,active_unverified
pl_osm_451e8a9e6e,openstreetmap,node,5183947404,osm:node:5183947404,https://www.openstreetmap.org/node/5183947404,Sri Sudarsana Bimbarama Purana Viharaya,Ratnapura,Buddhist Temple,active_unverified
pl_osm_60592b6be5,openstreetmap,node,5217550982,osm:node:5217550982,https://www.openstreetmap.org/node/5217550982,Meegaswela Temple,Ratnapura,Buddhist Temple,active_unverified
pl_osm_d65d4451df,openstreetmap,node,5250936969,osm:node:5250936969,https://www.openstreetmap.org/node/5250936969,Nakandala Sri Gangarama Temple,Ratnapura,Buddhist Temple,active_unverified
pl_osm_0d561a6fed,openstreetmap,node,5264250749,osm:node:5264250749,https://www.openstreetmap.org/node/5264250749,Sri Naga Rukkharamaya,Ratnapura,Buddhist Temple,active_unverified
pl_osm_bc8129d9a0,openstreetmap,node,5264919724,osm:node:5264919724,https://www.openstreetmap.org/node/5264919724,Dolapalla Rathnarama Aranya,Ratnapura,Buddhist Temple,active_unverified
pl_osm_012678d6ad,openstreetmap,node,5265745758,osm:node:5265745758,https://www.openstreetmap.org/node/5265745758,Malwessawa Aranya Senasanaya,Ratnapura,Buddhist Temple,active_unverified
pl_osm_d2d00118d6,openstreetmap,node,5265745759,osm:node:5265745759,https://www.openstreetmap.org/node/5265745759,Bambaragala Aranya Senasanaya,Ratnapura,Buddhist Temple,active_unverified
pl_osm_bda603b1a8,openstreetmap,node,5265745760,osm:node:5265745760,https://www.openstreetmap.org/node/5265745760,Seela Samahitha Yogasramaya,Ratnapura,Buddhist Temple,active_unverified
pl_osm_4ec21bf724,openstreetmap,node,5283927554,osm:node:5283927554,https://www.openstreetmap.org/node/5283927554,Katukurunde Ganananda Sadaham Senasuna,Ratnapura,Buddhist Temple,active_unverified
pl_osm_bdf12ccb55,openstreetmap,node,5289190215,osm:node:5289190215,https://www.openstreetmap.org/node/5289190215,Dambuluwana Temple,Ratnapura,Buddhist Temple,active_unverified
pl_osm_92f210fa7c,openstreetmap,node,5303514085,osm:node:5303514085,https://www.openstreetmap.org/node/5303514085,Kiriella Sugatharama Viharaya,Ratnapura,Buddhist Temple,active_unverified
pl_osm_84339ed588,openstreetmap,node,5320323766,osm:node:5320323766,https://www.openstreetmap.org/node/5320323766,Sri Saddharmalankara Piriven Viharaya(Temple),Ratnapura,Buddhist Temple,active_unverified
pl_osm_9511b3ed1c,openstreetmap,node,5372393093,osm:node:5372393093,https://www.openstreetmap.org/node/5372393093,Thalavitiya Sri Vimalasara Temple,Ratnapura,Buddhist Temple,active_unverified
pl_osm_173f2bb1ba,openstreetmap,node,5403371782,osm:node:5403371782,https://www.openstreetmap.org/node/5403371782,Ihalagalagama Temple,Ratnapura,Buddhist Temple,active_unverified
pl_osm_ee9e187ac0,openstreetmap,node,5403372051,osm:node:5403372051,https://www.openstreetmap.org/node/5403372051,Kumburutheniwela Sri Bodhisattawa Dharmayathanaya,Ratnapura,Buddhist Temple,active_unverified
pl_osm_3be2db28b3,openstreetmap,node,5416521545,osm:node:5416521545,https://www.openstreetmap.org/node/5416521545,Mahameuna Viharaya,Ratnapura,Buddhist Temple,active_unverified
pl_osm_9b72efe12e,openstreetmap,node,5500108552,osm:node:5500108552,https://www.openstreetmap.org/node/5500108552,Thumbathenna Buddhist Center,Ratnapura,Buddhist Temple,active_unverified
pl_osm_3a86b34cc0,openstreetmap,node,6297400251,osm:node:6297400251,https://www.openstreetmap.org/node/6297400251,Bodhimaluwa Temple,Ratnapura,Buddhist Temple,active_unverified
pl_osm_7f4d42610c,openstreetmap,node,6341175848,osm:node:6341175848,https://www.openstreetmap.org/node/6341175848,Sri Sumana Maha Piriwena,Ratnapura,Buddhist Temple,active_unverified
pl_osm_5bc7dc3733,openstreetmap,node,6545559420,osm:node:6545559420,https://www.openstreetmap.org/node/6545559420,Kuragala Stupa,Ratnapura,Buddhist Temple,active_unverified
pl_osm_7e3066991f,openstreetmap,node,6649413386,osm:node:6649413386,https://www.openstreetmap.org/node/6649413386,Batewela Temple,Ratnapura,Buddhist Temple,active_unverified
pl_osm_c3112a3976,openstreetmap,node,6693834287,osm:node:6693834287,https://www.openstreetmap.org/node/6693834287,Sri Sumanathissaramaya,Ratnapura,Buddhist Temple,active_unverified
pl_osm_4b59638634,openstreetmap,node,6698983637,osm:node:6698983637,https://www.openstreetmap.org/node/6698983637,Getangama Sri Wijyaramaya,Ratnapura,Buddhist Temple,active_unverified
pl_osm_f944d645b3,openstreetmap,node,6982802355,osm:node:6982802355,https://www.openstreetmap.org/node/6982802355,Sri Sunandarama Viharaya,Ratnapura,Buddhist Temple,active_unverified
pl_osm_9ce43c6223,openstreetmap,node,7003985871,osm:node:7003985871,https://www.openstreetmap.org/node/7003985871,Uda Delwala Temple,Ratnapura,Buddhist Temple,active_unverified
pl_osm_98987c4a53,openstreetmap,node,7013410771,osm:node:7013410771,https://www.openstreetmap.org/node/7013410771,Doloswalakanda Temple,Ratnapura,Buddhist Temple,active_unverified
pl_osm_38d8124f10,openstreetmap,node,7826487972,osm:node:7826487972,https://www.openstreetmap.org/node/7826487972,Sri Sumana Temple,Ratnapura,Buddhist Temple,active_unverified
pl_osm_76ef85990e,openstreetmap,node,7828066097,osm:node:7828066097,https://www.openstreetmap.org/node/7828066097,Haldola Bodhiya,Ratnapura,Buddhist Temple,active_unverified
pl_osm_d6d2483433,openstreetmap,node,7828199990,osm:node:7828199990,https://www.openstreetmap.org/node/7828199990,Kekula Temple,Ratnapura,Buddhist Temple,active_unverified
pl_osm_e79542a5cb,openstreetmap,node,8319350967,osm:node:8319350967,https://www.openstreetmap.org/node/8319350967,Wimala Ramaya,Ratnapura,Buddhist Temple,active_unverified
pl_osm_69788b65d5,openstreetmap,node,8319350971,osm:node:8319350971,https://www.openstreetmap.org/node/8319350971,Ellegedara Sri Purwaramaya,Ratnapura,Buddhist Temple,active_unverified
pl_osm_3057ced9c3,openstreetmap,node,9621002668,osm:node:9621002668,https://www.openstreetmap.org/node/9621002668,සති අරණ ආරණ්‍ය,Ratnapura,Buddhist Temple,active_unverified
pl_osm_7691573903,openstreetmap,node,10124656080,osm:node:10124656080,https://www.openstreetmap.org/node/10124656080,sri rathanajothi temple,Ratnapura,Buddhist Temple,active_unverified
pl_osm_b778d20a9c,openstreetmap,node,10126614229,osm:node:10126614229,https://www.openstreetmap.org/node/10126614229,peththawila temple,Ratnapura,Buddhist Temple,active_unverified
pl_osm_166098808b,openstreetmap,node,10128626014,osm:node:10128626014,https://www.openstreetmap.org/node/10128626014,bogasyaya temple,Ratnapura,Buddhist Temple,active_unverified
pl_osm_13fc8d496f,openstreetmap,node,10265734730,osm:node:10265734730,https://www.openstreetmap.org/node/10265734730,Thuththiripitiya Temple,Ratnapura,Buddhist Temple,active_unverified
pl_osm_c14855637b,openstreetmap,node,10267375426,osm:node:10267375426,https://www.openstreetmap.org/node/10267375426,Sri Jayawardanaramaya Temple,Ratnapura,Buddhist Temple,active_unverified
pl_osm_b9c6bc431a,openstreetmap,node,10289277278,osm:node:10289277278,https://www.openstreetmap.org/node/10289277278,Wimaladarshanaramaya,Ratnapura,Buddhist Temple,active_unverified
pl_osm_9aae1be0bd,openstreetmap,node,10298105852,osm:node:10298105852,https://www.openstreetmap.org/node/10298105852,Sri Vijayarama Ata Muni se Wiharaya,Ratnapura,Buddhist Temple,active_unverified
pl_osm_5696def4d1,openstreetmap,node,10304577678,osm:node:10304577678,https://www.openstreetmap.org/node/10304577678,Alukatiya Sri Wivekaramaya-Sri Vidyapradeepa Primary Pirivena,Ratnapura,Buddhist Temple,active_unverified
pl_osm_1c9b20c339,openstreetmap,node,10304657045,osm:node:10304657045,https://www.openstreetmap.org/node/10304657045,Matuwagala Sri Rathnarama Temple,Ratnapura,Buddhist Temple,active_unverified
pl_osm_f757064136,openstreetmap,node,10309006769,osm:node:10309006769,https://www.openstreetmap.org/node/10309006769,Ambakade Bhavana Kutiya,Ratnapura,Buddhist Temple,active_unverified
pl_osm_9f7fd1ee01,openstreetmap,node,10316716486,osm:node:10316716486,https://www.openstreetmap.org/node/10316716486,Sri Chandajothi Daham Pasala,Ratnapura,Buddhist Temple,active_unverified
pl_osm_19820359b2,openstreetmap,node,10316755834,osm:node:10316755834,https://www.openstreetmap.org/node/10316755834,Sri Sanghikarama Maha Viharaya,Ratnapura,Buddhist Temple,active_unverified
pl_osm_461d23b84a,openstreetmap,node,10554380354,osm:node:10554380354,https://www.openstreetmap.org/node/10554380354,Chithra Ella Sripada Meditation Centre,Ratnapura,Buddhist Temple,active_unverified
pl_osm_e3b9d61e72,openstreetmap,node,10586420099,osm:node:10586420099,https://www.openstreetmap.org/node/10586420099,Erepola Sri Vishudhdharamaya,Ratnapura,Buddhist Temple,active_unverified
pl_osm_e05c33caf6,openstreetmap,node,10588778770,osm:node:10588778770,https://www.openstreetmap.org/node/10588778770,"Sri Gangarama Temple,ellawala",Ratnapura,Buddhist Temple,active_unverified
pl_osm_74d8f98ea4,openstreetmap,node,10758126309,osm:node:10758126309,https://www.openstreetmap.org/node/10758126309,vihara,Ratnapura,Buddhist Temple,active_unverified
pl_osm_a2e305de4a,openstreetmap,node,11215763203,osm:node:11215763203,https://www.openstreetmap.org/node/11215763203,Sri Sudarsanaramaya,Ratnapura,Buddhist Temple,active_unverified
pl_osm_7fa1fc8c82,openstreetmap,node,11227817368,osm:node:11227817368,https://www.openstreetmap.org/node/11227817368,Purana wanawasa Rajamaha Viharaya,Ratnapura,Buddhist Temple,active_unverified
pl_osm_2e8a6a7c24,openstreetmap,node,13154789307,osm:node:13154789307,https://www.openstreetmap.org/node/13154789307,Atawakwela Sri Sugatharamaya,Ratnapura,Buddhist Temple,active_unverified
pl_osm_9b5ce81714,openstreetmap,way,287239030,osm:way:287239030,https://www.openstreetmap.org/way/287239030,Thumbagoda Vishuddarama Viharaya,Ratnapura,Buddhist Temple,active_unverified
pl_osm_6fcaa41f34,openstreetmap,way,287308540,osm:way:287308540,https://www.openstreetmap.org/way/287308540,Godakawela Mahinda Maha Viharaya,Ratnapura,Buddhist Temple,active_unverified
pl_osm_f53594f13a,openstreetmap,way,288593584,osm:way:288593584,https://www.openstreetmap.org/way/288593584,Jayabodi viharaya,Ratnapura,Buddhist Temple,active_unverified
pl_osm_1d44a4e397,openstreetmap,way,385070384,osm:way:385070384,https://www.openstreetmap.org/way/385070384,Entrance of Saman Dewalaya,Ratnapura,Buddhist Temple,active_unverified
pl_osm_fcfc08cafb,openstreetmap,way,385070385,osm:way:385070385,https://www.openstreetmap.org/way/385070385,Saman Dewalaya,Ratnapura,Buddhist Temple,active_unverified
pl_osm_b1d4c26a0d,openstreetmap,way,514164306,osm:way:514164306,https://www.openstreetmap.org/way/514164306,Kellagama Sudarshana Maha Vihara Piriwena,Ratnapura,Buddhist Temple,active_unverified
pl_osm_f63e92b8bb,openstreetmap,way,514164308,osm:way:514164308,https://www.openstreetmap.org/way/514164308,Buthkanda Temple,Ratnapura,Buddhist Temple,active_unverified
pl_osm_fed47619c6,openstreetmap,way,514164310,osm:way:514164310,https://www.openstreetmap.org/way/514164310,Ereporuwa Temple,Ratnapura,Buddhist Temple,active_unverified
pl_osm_d442262752,openstreetmap,way,514164312,osm:way:514164312,https://www.openstreetmap.org/way/514164312,Nawaneliya Sri Bodhirajarama Viharaya,Ratnapura,Buddhist Temple,active_unverified
pl_osm_c2fb13f068,openstreetmap,way,514459642,osm:way:514459642,https://www.openstreetmap.org/way/514459642,Gangodakanda Punya Wardhanarama Piriwen Viharaya,Ratnapura,Buddhist Temple,active_unverified
pl_osm_d91886e371,openstreetmap,way,515473686,osm:way:515473686,https://www.openstreetmap.org/way/515473686,Shailathalarama Viharaya,Ratnapura,Buddhist Temple,active_unverified
pl_osm_42a3527d52,openstreetmap,way,515473689,osm:way:515473689,https://www.openstreetmap.org/way/515473689,Oluganthota Gangarama Viharaya,Ratnapura,Buddhist Temple,active_unverified
pl_osm_08bba46491,openstreetmap,way,515500873,osm:way:515500873,https://www.openstreetmap.org/way/515500873,Handagiriya Dhammaliyarama Viharaya,Ratnapura,Buddhist Temple,active_unverified
pl_osm_efd0931992,openstreetmap,way,515788544,osm:way:515788544,https://www.openstreetmap.org/way/515788544,Mahawalathenna Purana Viharaya,Ratnapura,Buddhist Temple,active_unverified
pl_osm_939f4511a5,openstreetmap,way,515859026,osm:way:515859026,https://www.openstreetmap.org/way/515859026,Molamure Viharaya,Ratnapura,Buddhist Temple,active_unverified
pl_osm_da3faf9fa5,openstreetmap,way,516214407,osm:way:516214407,https://www.openstreetmap.org/way/516214407,Gallinna Bodhiguttaramaya,Ratnapura,Buddhist Temple,active_unverified
pl_osm_2377163ebe,openstreetmap,way,516230298,osm:way:516230298,https://www.openstreetmap.org/way/516230298,Madola Mahindaramaya,Ratnapura,Buddhist Temple,active_unverified
pl_osm_733565194c,openstreetmap,way,522869098,osm:way:522869098,https://www.openstreetmap.org/way/522869098,Sumana Rajamaha Viharaya,Ratnapura,Buddhist Temple,active_unverified
pl_osm_1e691701c7,openstreetmap,way,522869099,osm:way:522869099,https://www.openstreetmap.org/way/522869099,Boltumbe Purana Sumana Maha Dewalaya,Ratnapura,Buddhist Temple,active_unverified
pl_osm_a8e4eb51f2,openstreetmap,way,522869144,osm:way:522869144,https://www.openstreetmap.org/way/522869144,Egoda Waleboda Temple,Ratnapura,Buddhist Temple,active_unverified
pl_osm_d47cfd2a18,openstreetmap,way,522869146,osm:way:522869146,https://www.openstreetmap.org/way/522869146,Pahala Waleboda Temple,Ratnapura,Buddhist Temple,active_unverified
pl_osm_2565fa1b6d,openstreetmap,way,522869165,osm:way:522869165,https://www.openstreetmap.org/way/522869165,Hituwala Temple,Ratnapura,Buddhist Temple,active_unverified
pl_osm_51388bf6e5,openstreetmap,way,523261391,osm:way:523261391,https://www.openstreetmap.org/way/523261391,Geta-Araluwa Bodhirukkharamaya,Ratnapura,Buddhist Temple,active_unverified
pl_osm_a913e297b9,openstreetmap,way,523261396,osm:way:523261396,https://www.openstreetmap.org/way/523261396,Udawela Temple,Ratnapura,Buddhist Temple,active_unverified
pl_osm_da6ca88fea,openstreetmap,way,523261414,osm:way:523261414,https://www.openstreetmap.org/way/523261414,Nelliwala Temple,Ratnapura,Buddhist Temple,active_unverified
pl_osm_7f2b17d3e5,openstreetmap,way,523261415,osm:way:523261415,https://www.openstreetmap.org/way/523261415,Pinwaththa Viharaya,Ratnapura,Buddhist Temple,active_unverified
pl_osm_766be93f0e,openstreetmap,way,523261436,osm:way:523261436,https://www.openstreetmap.org/way/523261436,Atawakwela Sugatharama Purana Viharaya,Ratnapura,Buddhist Temple,active_unverified
pl_osm_e2c65ce5fd,openstreetmap,way,523261449,osm:way:523261449,https://www.openstreetmap.org/way/523261449,Udagama Wajirarama Viharaya,Ratnapura,Buddhist Temple,active_unverified
pl_osm_997e579943,openstreetmap,way,524497780,osm:way:524497780,https://www.openstreetmap.org/way/524497780,Rathganga Gangarama Viharaya,Ratnapura,Buddhist Temple,active_unverified
pl_osm_a195286814,openstreetmap,way,531273903,osm:way:531273903,https://www.openstreetmap.org/way/531273903,Sri Maha Viharaya - Vidyananda Maha Pirivena,Ratnapura,Buddhist Temple,active_unverified
pl_osm_c462d32d69,openstreetmap,way,540373549,osm:way:540373549,https://www.openstreetmap.org/way/540373549,Rassagala Temple,Ratnapura,Buddhist Temple,active_unverified
pl_osm_7ed1ce5023,openstreetmap,way,544092679,osm:way:544092679,https://www.openstreetmap.org/way/544092679,Kalugala Hemagiri Viharaya,Ratnapura,Buddhist Temple,active_unverified
pl_osm_5f5e328f53,openstreetmap,node,1727709404,osm:node:1727709404,https://www.openstreetmap.org/node/1727709404,Tomb of Pussadeva,Ratnapura,Building,active_unverified
pl_osm_d059752811,openstreetmap,node,1829368628,osm:node:1829368628,https://www.openstreetmap.org/node/1829368628,Buddha Statue,Ratnapura,Building,active_unverified
pl_osm_69b88dd982,openstreetmap,node,2151471662,osm:node:2151471662,https://www.openstreetmap.org/node/2151471662,Ratnapura Clock Tower,Ratnapura,Building,active_unverified
pl_osm_0826b7ae55,openstreetmap,node,2152800305,osm:node:2152800305,https://www.openstreetmap.org/node/2152800305,Clock Tower,Ratnapura,Building,active_unverified
pl_osm_7e04d07f79,openstreetmap,node,7389658045,osm:node:7389658045,https://www.openstreetmap.org/node/7389658045,Old Kelani Valley Railway Bridge,Ratnapura,Building,active_unverified
pl_osm_ec6b03cdd3,openstreetmap,way,560417469,osm:way:560417469,https://www.openstreetmap.org/way/560417469,Shakyasinghe Samadhi Buddha statue,Ratnapura,Building,active_unverified
pl_osm_750b468a58,openstreetmap,way,385199359,osm:way:385199359,https://www.openstreetmap.org/way/385199359,Anagarika Dharmapala Memorial Statue,Ratnapura,Building,active_unverified
pl_osm_b9449773c6,openstreetmap,node,1829368645,osm:node:1829368645,https://www.openstreetmap.org/node/1829368645,St. Joseph's Church,Ratnapura,Church,active_unverified
pl_osm_22ca664e92,openstreetmap,node,4454599040,osm:node:4454599040,https://www.openstreetmap.org/node/4454599040,St.Mary Church,Ratnapura,Church,active_unverified
pl_osm_c6b6b81cc0,openstreetmap,node,13155221572,osm:node:13155221572,https://www.openstreetmap.org/node/13155221572,St.Anthony's Church,Ratnapura,Church,active_unverified
pl_osm_7c266c2bb2,openstreetmap,way,533728558,osm:way:533728558,https://www.openstreetmap.org/way/533728558,St. Lukes Church,Ratnapura,Church,active_unverified
pl_osm_2a84bd7a5d,openstreetmap,node,4833924622,osm:node:4833924622,https://www.openstreetmap.org/node/4833924622,Arul Migu Sri Muththumariyamman Devasthanam,Ratnapura,Kovil,active_unverified
pl_osm_65244fc6f9,openstreetmap,node,7828045874,osm:node:7828045874,https://www.openstreetmap.org/node/7828045874,Aluketiya Dewalaya,Ratnapura,Kovil,active_unverified
pl_osm_c1059b520d,openstreetmap,node,7828131165,osm:node:7828131165,https://www.openstreetmap.org/node/7828131165,Magurugoda Dewalaya,Ratnapura,Kovil,active_unverified
pl_osm_68982c812b,openstreetmap,way,531012996,osm:way:531012996,https://www.openstreetmap.org/way/531012996,Palm Garden Kovil,Ratnapura,Kovil,active_unverified
pl_osm_03c73a0a11,openstreetmap,node,2146154675,osm:node:2146154675,https://www.openstreetmap.org/node/2146154675,Masjidul Noor,Ratnapura,Mosque,active_unverified
pl_osm_788b588779,openstreetmap,node,4045190944,osm:node:4045190944,https://www.openstreetmap.org/node/4045190944,Jumma Masjid,Ratnapura,Mosque,active_unverified
pl_osm_21c201b0ff,openstreetmap,node,4717807014,osm:node:4717807014,https://www.openstreetmap.org/node/4717807014,Town Masjid,Ratnapura,Mosque,active_unverified
pl_osm_aab5c8e6d0,openstreetmap,node,4718021293,osm:node:4718021293,https://www.openstreetmap.org/node/4718021293,Masjid Kirimetithenna,Ratnapura,Mosque,active_unverified
pl_osm_88ddbfa5e5,openstreetmap,node,10559799888,osm:node:10559799888,https://www.openstreetmap.org/node/10559799888,Baduwaththa Muhiyadeen Jumma Masjid,Ratnapura,Mosque,active_unverified
pl_osm_2cbbbc2e75,openstreetmap,node,2151514497,osm:node:2151514497,https://www.openstreetmap.org/node/2151514497,National Museum Ratnapura,Ratnapura,Museum,active_unverified
pl_osm_dcc0d7c071,openstreetmap,way,268110420,osm:way:268110420,https://www.openstreetmap.org/way/268110420,Elephant Information Centre,Ratnapura,Museum,active_unverified
pl_osm_0bcb23f154,openstreetmap,way,364257554,osm:way:364257554,https://www.openstreetmap.org/way/364257554,Maduwanwela Walawwa,Ratnapura,Museum,active_unverified
pl_osm_eae30fdc9c,openstreetmap,node,2640665069,osm:node:2640665069,https://www.openstreetmap.org/node/2640665069,Bopath Falls,Ratnapura,Other,active_unverified
pl_osm_db21943641,openstreetmap,node,3726925126,osm:node:3726925126,https://www.openstreetmap.org/node/3726925126,Duli ella,Ratnapura,Other,active_unverified
pl_osm_22e47c9a41,openstreetmap,node,3778233726,osm:node:3778233726,https://www.openstreetmap.org/node/3778233726,Duwili Ella,Ratnapura,Other,active_unverified
pl_osm_6ba5cd39f4,openstreetmap,node,4145854773,osm:node:4145854773,https://www.openstreetmap.org/node/4145854773,Budugala Ruins,Ratnapura,Other,active_unverified
pl_osm_5102524722,openstreetmap,node,4145856782,osm:node:4145856782,https://www.openstreetmap.org/node/4145856782,Kuragala Ruins,Ratnapura,Other,active_unverified
pl_osm_f5e1452e4a,openstreetmap,node,4145874147,osm:node:4145874147,https://www.openstreetmap.org/node/4145874147,Kuragala Ancient Buddhist Monastry,Ratnapura,Other,active_unverified
pl_osm_bd6c67e472,openstreetmap,node,4146042097,osm:node:4146042097,https://www.openstreetmap.org/node/4146042097,Hulan Ella (Walawe Ganga West Falls),Ratnapura,Other,active_unverified
pl_osm_83dfd07364,openstreetmap,node,4502013947,osm:node:4502013947,https://www.openstreetmap.org/node/4502013947,Kirindi Ella Waterfall Pelmadulla,Ratnapura,Other,active_unverified
pl_osm_d5e7372579,openstreetmap,node,4512854289,osm:node:4512854289,https://www.openstreetmap.org/node/4512854289,Sinharaja National Park,Ratnapura,Other,active_unverified
pl_osm_456de13dba,openstreetmap,node,4512854290,osm:node:4512854290,https://www.openstreetmap.org/node/4512854290,Giant Nawada tree,Ratnapura,Other,active_unverified
pl_osm_4e70bcfc4d,openstreetmap,node,4590065990,osm:node:4590065990,https://www.openstreetmap.org/node/4590065990,Udawalawa Fisheries Bungalow,Ratnapura,Other,active_unverified
pl_osm_048da1c403,openstreetmap,node,5094522745,osm:node:5094522745,https://www.openstreetmap.org/node/5094522745,Waterfall,Ratnapura,Other,active_unverified
pl_osm_22b54422e8,openstreetmap,node,5166930204,osm:node:5166930204,https://www.openstreetmap.org/node/5166930204,Brampton Falls,Ratnapura,Other,active_unverified
pl_osm_5b75942f2b,openstreetmap,node,7164398705,osm:node:7164398705,https://www.openstreetmap.org/node/7164398705,Tank 2,Ratnapura,Other,active_unverified
pl_osm_b7f82969a1,openstreetmap,node,7164398786,osm:node:7164398786,https://www.openstreetmap.org/node/7164398786,udawalawe reservoir 1,Ratnapura,Other,active_unverified
pl_osm_595eefb438,openstreetmap,node,7164398790,osm:node:7164398790,https://www.openstreetmap.org/node/7164398790,Tank 3,Ratnapura,Other,active_unverified
pl_osm_f9f118f420,openstreetmap,node,7373309394,osm:node:7373309394,https://www.openstreetmap.org/node/7373309394,Handapan Ella Falls,Ratnapura,Other,active_unverified
pl_osm_a6b187f0c6,openstreetmap,node,8304956483,osm:node:8304956483,https://www.openstreetmap.org/node/8304956483,Miunu Ella Waterfall,Ratnapura,Other,active_unverified
pl_osm_7d89b98f94,openstreetmap,node,9133206279,osm:node:9133206279,https://www.openstreetmap.org/node/9133206279,Limestone Pools,Ratnapura,Other,active_unverified
pl_osm_be137e1dcd,openstreetmap,node,10273218020,osm:node:10273218020,https://www.openstreetmap.org/node/10273218020,Red Bridge Lower Fall,Ratnapura,Other,active_unverified
pl_osm_d1c3bae5f8,openstreetmap,node,10278270618,osm:node:10278270618,https://www.openstreetmap.org/node/10278270618,Red Bridge Upper Fall,Ratnapura,Other,active_unverified
pl_osm_c8af23b38a,openstreetmap,node,10554828547,osm:node:10554828547,https://www.openstreetmap.org/node/10554828547,Kalu Diya Wala,Ratnapura,Other,active_unverified
pl_osm_65df10aade,openstreetmap,node,10570682463,osm:node:10570682463,https://www.openstreetmap.org/node/10570682463,"Sinharaja, Morningside Entrance 7km",Ratnapura,Other,active_unverified
pl_osm_92d2ac6e99,openstreetmap,node,10809025218,osm:node:10809025218,https://www.openstreetmap.org/node/10809025218,Samanalawewa Reservoir,Ratnapura,Other,active_unverified
pl_osm_2b73d9edbe,openstreetmap,node,3198655138,osm:node:3198655138,https://www.openstreetmap.org/node/3198655138,Ammaduwa Kuda Kathragama Dewalaya,Ratnapura,Ruins,active_unverified
pl_osm_82ec3d2261,openstreetmap,node,6627275335,osm:node:6627275335,https://www.openstreetmap.org/node/6627275335,Waulpane Ruins,Ratnapura,Ruins,active_unverified
pl_osm_3c6861bb84,openstreetmap,node,12532204584,osm:node:12532204584,https://www.openstreetmap.org/node/12532204584,Ballanbendipelessa,Ratnapura,Ruins,active_unverified
pl_osm_ac03c76dc5,openstreetmap,way,413231794,osm:way:413231794,https://www.openstreetmap.org/way/413231794,Galtemyaya Ruins,Ratnapura,Ruins,active_unverified
pl_osm_8f89040804,openstreetmap,way,561752812,osm:way:561752812,https://www.openstreetmap.org/way/561752812,Batadombalena,Ratnapura,Ruins,active_unverified
pl_osm_d5e4b24892,openstreetmap,node,4717811089,osm:node:4717811089,https://www.openstreetmap.org/node/4717811089,Masjid-ul-Saleem,Ratnapura,Temple,active_unverified
pl_osm_c818562524,openstreetmap,node,4717813594,osm:node:4717813594,https://www.openstreetmap.org/node/4717813594,Masjid-Dehigasthalawa,Ratnapura,Temple,active_unverified
pl_osm_d416c9c582,openstreetmap,node,4718019822,osm:node:4718019822,https://www.openstreetmap.org/node/4718019822,Darul huda- Madrasa,Ratnapura,Temple,active_unverified
pl_osm_452d78df81,openstreetmap,node,4976808423,osm:node:4976808423,https://www.openstreetmap.org/node/4976808423,Miriswatha Masjid,Ratnapura,Temple,active_unverified
pl_osm_8a16875658,openstreetmap,node,7905101874,osm:node:7905101874,https://www.openstreetmap.org/node/7905101874,sankhapala Raja Maha Viharaya,Ratnapura,Temple,active_unverified
pl_osm_a836ccc6b2,openstreetmap,node,12224019616,osm:node:12224019616,https://www.openstreetmap.org/node/12224019616,dakma class,Ratnapura,Temple,active_unverified
pl_osm_abaf1c8f55,openstreetmap,way,834285886,osm:way:834285886,https://www.openstreetmap.org/way/834285886,Karumalaiyoothu Beach,Trincomalee,Sandy Beach,active_unverified
pl_osm_34c034cc6d,openstreetmap,way,834285891,osm:way:834285891,https://www.openstreetmap.org/way/834285891,Air Force Resort Marble Beach,Trincomalee,Sandy Beach,active_unverified
pl_osm_96a158f58d,openstreetmap,node,3517750105,osm:node:3517750105,https://www.openstreetmap.org/node/3517750105,Girihaduseya,Trincomalee,Buddhist Temple,active_unverified
pl_osm_71b4ab4ad8,openstreetmap,node,4001647876,osm:node:4001647876,https://www.openstreetmap.org/node/4001647876,Velgam Vehera,Trincomalee,Buddhist Temple,active_unverified
pl_osm_56a19c1ca1,openstreetmap,node,4248172727,osm:node:4248172727,https://www.openstreetmap.org/node/4248172727,Abayaramaya Temple,Trincomalee,Buddhist Temple,active_unverified
pl_osm_415002d2c4,openstreetmap,node,4248172735,osm:node:4248172735,https://www.openstreetmap.org/node/4248172735,Sri Anandharamaya,Trincomalee,Buddhist Temple,active_unverified
pl_osm_c529ba42bb,openstreetmap,node,4248201231,osm:node:4248201231,https://www.openstreetmap.org/node/4248201231,Sangamitta Viharaya,Trincomalee,Buddhist Temple,active_unverified
pl_osm_c3fb7fcba9,openstreetmap,node,4248201244,osm:node:4248201244,https://www.openstreetmap.org/node/4248201244,Gokanna Raja Maha Viharaya,Trincomalee,Buddhist Temple,active_unverified
pl_osm_e0b07ecfa7,openstreetmap,node,4255703448,osm:node:4255703448,https://www.openstreetmap.org/node/4255703448,Abhinawaramaya,Trincomalee,Buddhist Temple,active_unverified
pl_osm_022667102f,openstreetmap,node,4457633204,osm:node:4457633204,https://www.openstreetmap.org/node/4457633204,Lankapatuna Sri Samudragiri Viharaya,Trincomalee,Buddhist Temple,active_unverified
pl_osm_886758d60a,openstreetmap,node,4478587450,osm:node:4478587450,https://www.openstreetmap.org/node/4478587450,Pashana Pabbatha Rajamaha Viharaya,Trincomalee,Buddhist Temple,active_unverified
pl_osm_c5da98e687,openstreetmap,node,4478821810,osm:node:4478821810,https://www.openstreetmap.org/node/4478821810,Seruwawila Mangala Raja Maha viharaya,Trincomalee,Buddhist Temple,active_unverified
pl_osm_342bd38950,openstreetmap,node,4478842584,osm:node:4478842584,https://www.openstreetmap.org/node/4478842584,Wigamvehera Maha Seya,Trincomalee,Buddhist Temple,active_unverified
pl_osm_348ae5fb3e,openstreetmap,node,4478851386,osm:node:4478851386,https://www.openstreetmap.org/node/4478851386,Galkanda Raja Maha Viharaya Ruins,Trincomalee,Buddhist Temple,active_unverified
pl_osm_2fd31de9d3,openstreetmap,node,4478879425,osm:node:4478879425,https://www.openstreetmap.org/node/4478879425,Samudragiri Pichchamal Rajamaha Viharaya Kuchchaveli,Trincomalee,Buddhist Temple,active_unverified
pl_osm_90c0edf911,openstreetmap,node,5172717740,osm:node:5172717740,https://www.openstreetmap.org/node/5172717740,Asiri Kanda Purana Rajamaha Viharaya,Trincomalee,Buddhist Temple,active_unverified
pl_osm_0c0cb0b46b,openstreetmap,node,5580597821,osm:node:5580597821,https://www.openstreetmap.org/node/5580597821,Buddhist Temple,Trincomalee,Buddhist Temple,active_unverified
pl_osm_cdc2e6dbe9,openstreetmap,node,11829852429,osm:node:11829852429,https://www.openstreetmap.org/node/11829852429,Samudragiri Wana Senasuna,Trincomalee,Buddhist Temple,active_unverified
pl_osm_2c590e2cf9,openstreetmap,way,238591520,osm:way:238591520,https://www.openstreetmap.org/way/238591520,Mangala Maha Seya - Seruwawila,Trincomalee,Buddhist Temple,active_unverified
pl_osm_c45aa9530d,openstreetmap,way,403985540,osm:way:403985540,https://www.openstreetmap.org/way/403985540,Vihara,Trincomalee,Buddhist Temple,active_unverified
pl_osm_1addeb5330,openstreetmap,way,405979775,osm:way:405979775,https://www.openstreetmap.org/way/405979775,Sri Jayasumanarama Maha Viharaya,Trincomalee,Buddhist Temple,active_unverified
pl_osm_9a363bc03c,openstreetmap,way,541083388,osm:way:541083388,https://www.openstreetmap.org/way/541083388,Sri Dharma Vijaya Buddhist Centre,Trincomalee,Buddhist Temple,active_unverified
pl_osm_3903497271,openstreetmap,way,754816823,osm:way:754816823,https://www.openstreetmap.org/way/754816823,Yan Oye Vane Senesune Viharai,Trincomalee,Buddhist Temple,active_unverified
pl_osm_020a4f6149,openstreetmap,way,756396952,osm:way:756396952,https://www.openstreetmap.org/way/756396952,Rangiri Ulpatha Raja Maha Viharaya,Trincomalee,Buddhist Temple,active_unverified
pl_osm_fbeffefd0d,openstreetmap,way,756396962,osm:way:756396962,https://www.openstreetmap.org/way/756396962,අට විසි බුදු කුටිය හා බුදු ගෙය,Trincomalee,Buddhist Temple,active_unverified
pl_osm_ce94adc29c,openstreetmap,way,756396972,osm:way:756396972,https://www.openstreetmap.org/way/756396972,Ranawiru Maha Seya,Trincomalee,Buddhist Temple,active_unverified
pl_osm_e05a6a6202,openstreetmap,way,758927950,osm:way:758927950,https://www.openstreetmap.org/way/758927950,Paththa Vihari,Trincomalee,Buddhist Temple,active_unverified
pl_osm_83e002cd97,openstreetmap,way,778550986,osm:way:778550986,https://www.openstreetmap.org/way/778550986,Sripura Rajamaha Viharaya,Trincomalee,Buddhist Temple,active_unverified
pl_osm_91ee6221a1,openstreetmap,way,784358856,osm:way:784358856,https://www.openstreetmap.org/way/784358856,Thissa Rajamaha Viharaya,Trincomalee,Buddhist Temple,active_unverified
pl_osm_d6075595c2,openstreetmap,node,4062688220,osm:node:4062688220,https://www.openstreetmap.org/node/4062688220,Mahatma Gandhi,Trincomalee,Building,active_unverified
pl_osm_4abacbd648,openstreetmap,node,1243367616,osm:node:1243367616,https://www.openstreetmap.org/node/1243367616,St. Marry's Church,Trincomalee,Church,active_unverified
pl_osm_07af513b61,openstreetmap,node,4248172756,osm:node:4248172756,https://www.openstreetmap.org/node/4248172756,Pastoral Centre,Trincomalee,Church,active_unverified
pl_osm_b451acfb8c,openstreetmap,node,4253831612,osm:node:4253831612,https://www.openstreetmap.org/node/4253831612,Infant Jeasus Church,Trincomalee,Church,active_unverified
pl_osm_d2679b165b,openstreetmap,node,4254145893,osm:node:4254145893,https://www.openstreetmap.org/node/4254145893,Methodist Church,Trincomalee,Church,active_unverified
pl_osm_1f897b30fd,openstreetmap,node,4254145900,osm:node:4254145900,https://www.openstreetmap.org/node/4254145900,St. Joseph's,Trincomalee,Church,active_unverified
pl_osm_a3f71cfaa6,openstreetmap,node,4255699765,osm:node:4255699765,https://www.openstreetmap.org/node/4255699765,Shrine of Our Lady of Lourdes,Trincomalee,Church,active_unverified
pl_osm_c8cb3ecf40,openstreetmap,node,10142051675,osm:node:10142051675,https://www.openstreetmap.org/node/10142051675,Joshuas Church,Trincomalee,Church,active_unverified
pl_osm_d72ed45c75,openstreetmap,node,10148493782,osm:node:10148493782,https://www.openstreetmap.org/node/10148493782,St. Antony S,Trincomalee,Church,active_unverified
pl_osm_9bc734a236,openstreetmap,node,11436812439,osm:node:11436812439,https://www.openstreetmap.org/node/11436812439,methodist church kallady,Trincomalee,Church,active_unverified
pl_osm_fcc935a1ef,openstreetmap,node,11436812445,osm:node:11436812445,https://www.openstreetmap.org/node/11436812445,AGAPE GOSPEL MINISTRY CHURCH,Trincomalee,Church,active_unverified
pl_osm_da6a1fa993,openstreetmap,way,327738134,osm:way:327738134,https://www.openstreetmap.org/way/327738134,St. Nicholas Church,Trincomalee,Church,active_unverified
pl_osm_577f6ba7ee,openstreetmap,way,404681931,osm:way:404681931,https://www.openstreetmap.org/way/404681931,Guadeloup Church,Trincomalee,Church,active_unverified
pl_osm_62b1954b6d,openstreetmap,way,668153723,osm:way:668153723,https://www.openstreetmap.org/way/668153723,Divine Mercy Shrine,Trincomalee,Church,active_unverified
pl_osm_2cc8dce3a3,openstreetmap,node,1242795062,osm:node:1242795062,https://www.openstreetmap.org/node/1242795062,Mari Amman Kovil,Trincomalee,Kovil,active_unverified
pl_osm_c68351e839,openstreetmap,node,1243355191,osm:node:1243355191,https://www.openstreetmap.org/node/1243355191,Sri Muththu Kumaraswamy Kovil,Trincomalee,Kovil,active_unverified
pl_osm_99e8157ff4,openstreetmap,node,1243388510,osm:node:1243388510,https://www.openstreetmap.org/node/1243388510,Vallawa Shakthi Pallayar Kovil,Trincomalee,Kovil,active_unverified
pl_osm_1a9a1e7781,openstreetmap,node,4253831617,osm:node:4253831617,https://www.openstreetmap.org/node/4253831617,Sri Thurkkai Amman Kovil,Trincomalee,Kovil,active_unverified
pl_osm_e7260883dc,openstreetmap,node,4253831626,osm:node:4253831626,https://www.openstreetmap.org/node/4253831626,Kannaki Amman Kovil,Trincomalee,Kovil,active_unverified
pl_osm_ff44cfa146,openstreetmap,node,4255699764,osm:node:4255699764,https://www.openstreetmap.org/node/4255699764,Sri Gnanavairavar Kovil,Trincomalee,Kovil,active_unverified
pl_osm_a1ca877ce0,openstreetmap,node,4829974234,osm:node:4829974234,https://www.openstreetmap.org/node/4829974234,Sivan Kovil,Trincomalee,Kovil,active_unverified
pl_osm_9a4d367f6c,openstreetmap,node,5231515603,osm:node:5231515603,https://www.openstreetmap.org/node/5231515603,Kali Kovil temle,Trincomalee,Kovil,active_unverified
pl_osm_816a8a49e9,openstreetmap,node,5395519264,osm:node:5395519264,https://www.openstreetmap.org/node/5395519264,Siththivinayakar Temple,Trincomalee,Kovil,active_unverified
pl_osm_9632c40bc4,openstreetmap,node,9778440060,osm:node:9778440060,https://www.openstreetmap.org/node/9778440060,Salli Amman kovil,Trincomalee,Kovil,active_unverified
pl_osm_7a7752c421,openstreetmap,node,9778440064,osm:node:9778440064,https://www.openstreetmap.org/node/9778440064,Salli Kadatkarai Pillayar Alayam,Trincomalee,Kovil,active_unverified
pl_osm_d00f757ac8,openstreetmap,node,9847522342,osm:node:9847522342,https://www.openstreetmap.org/node/9847522342,"Muththumari amman kovil, Kiliveddy",Trincomalee,Kovil,active_unverified
pl_osm_33f8b01bcb,openstreetmap,node,9847522343,osm:node:9847522343,https://www.openstreetmap.org/node/9847522343,"Murukan Kovil, Kiliveddy",Trincomalee,Kovil,active_unverified
pl_osm_d3f2997fb9,openstreetmap,node,9847522344,osm:node:9847522344,https://www.openstreetmap.org/node/9847522344,"Sri Siththi vinayakar kovil, Thanganakar",Trincomalee,Kovil,active_unverified
pl_osm_5d4b7872af,openstreetmap,node,9847522345,osm:node:9847522345,https://www.openstreetmap.org/node/9847522345,"Aththangrai pillaiyar Kovil, Kiliveddy",Trincomalee,Kovil,active_unverified
pl_osm_5899777334,openstreetmap,node,9868825960,osm:node:9868825960,https://www.openstreetmap.org/node/9868825960,iththikulam karbakavinayakar temple,Trincomalee,Kovil,active_unverified
pl_osm_d6d6718cd1,openstreetmap,node,10143222665,osm:node:10143222665,https://www.openstreetmap.org/node/10143222665,Sithi vinayakar kovil,Trincomalee,Kovil,active_unverified
pl_osm_e05e60840d,openstreetmap,node,10159725261,osm:node:10159725261,https://www.openstreetmap.org/node/10159725261,pillaiyaar kovil,Trincomalee,Kovil,active_unverified
pl_osm_ba09384361,openstreetmap,node,11436812431,osm:node:11436812431,https://www.openstreetmap.org/node/11436812431,vinayagar temple,Trincomalee,Kovil,active_unverified
pl_osm_da0d01a313,openstreetmap,node,11436812432,osm:node:11436812432,https://www.openstreetmap.org/node/11436812432,"Sri muththumariyamman,Kaththawarajar temple",Trincomalee,Kovil,active_unverified
pl_osm_34fd61a7d8,openstreetmap,node,11958918638,osm:node:11958918638,https://www.openstreetmap.org/node/11958918638,Akasthiya's Old Temple,Trincomalee,Kovil,active_unverified
pl_osm_931152e909,openstreetmap,node,11958939363,osm:node:11958939363,https://www.openstreetmap.org/node/11958939363,Ahkashthiyar's new temple,Trincomalee,Kovil,active_unverified
pl_osm_356cbd3cf9,openstreetmap,node,12009695605,osm:node:12009695605,https://www.openstreetmap.org/node/12009695605,Sri Periya Theyvam Temple- Sivalinga Malai,Trincomalee,Kovil,active_unverified
pl_osm_26779287a5,openstreetmap,node,12009695606,osm:node:12009695606,https://www.openstreetmap.org/node/12009695606,Sri Periya Theyvam Temple,Trincomalee,Kovil,active_unverified
pl_osm_b7ac81f4bf,openstreetmap,way,403979809,osm:way:403979809,https://www.openstreetmap.org/way/403979809,Kali Kovil,Trincomalee,Kovil,active_unverified
pl_osm_c0ce5325c2,openstreetmap,way,404681929,osm:way:404681929,https://www.openstreetmap.org/way/404681929,Arulmigu Sri Lakshmi Narayana Perumal Kovil,Trincomalee,Kovil,active_unverified
pl_osm_8685c34aee,openstreetmap,way,616837653,osm:way:616837653,https://www.openstreetmap.org/way/616837653,Amman Kovil,Trincomalee,Kovil,active_unverified
pl_osm_02c05eeafe,openstreetmap,way,705681136,osm:way:705681136,https://www.openstreetmap.org/way/705681136,Aththanggarai pillaiyar temple,Trincomalee,Kovil,active_unverified
pl_osm_f58647319b,openstreetmap,way,764006530,osm:way:764006530,https://www.openstreetmap.org/way/764006530,Aathi Koneswaram,Trincomalee,Kovil,active_unverified
pl_osm_893ec92ea1,openstreetmap,way,827096395,osm:way:827096395,https://www.openstreetmap.org/way/827096395,Salli Muthumariamunam Kovil,Trincomalee,Kovil,active_unverified
pl_osm_4f4d3800f1,openstreetmap,way,1088718420,osm:way:1088718420,https://www.openstreetmap.org/way/1088718420,sampoor pillaiyaar kovil,Trincomalee,Kovil,active_unverified
pl_osm_dc4fdca022,openstreetmap,way,1108465995,osm:way:1108465995,https://www.openstreetmap.org/way/1108465995,Gangai Athi Sivam Kovil,Trincomalee,Kovil,active_unverified
pl_osm_3e3b02bb7d,openstreetmap,way,1108472096,osm:way:1108472096,https://www.openstreetmap.org/way/1108472096,Iralkuli vinaayagar kovil,Trincomalee,Kovil,active_unverified
pl_osm_ba977a50fd,openstreetmap,way,1108972301,osm:way:1108972301,https://www.openstreetmap.org/way/1108972301,Malaineeliyamman Temple,Trincomalee,Kovil,active_unverified
pl_osm_e1142cd44b,openstreetmap,way,1198551260,osm:way:1198551260,https://www.openstreetmap.org/way/1198551260,Murugan Kovil,Trincomalee,Kovil,active_unverified
pl_osm_2c2ec39ae1,openstreetmap,way,1201830911,osm:way:1201830911,https://www.openstreetmap.org/way/1201830911,Amman temple,Trincomalee,Kovil,active_unverified
pl_osm_920dff78ce,openstreetmap,way,1201831192,osm:way:1201831192,https://www.openstreetmap.org/way/1201831192,Sivasakthi Amman Temple,Trincomalee,Kovil,active_unverified
pl_osm_72e89ac9c2,openstreetmap,way,1231308729,osm:way:1231308729,https://www.openstreetmap.org/way/1231308729,sampoor palaiya pathrakaali amman temple,Trincomalee,Kovil,active_unverified
pl_osm_837f68fc20,openstreetmap,way,1231327467,osm:way:1231327467,https://www.openstreetmap.org/way/1231327467,sampoor pathrakaali amman temple,Trincomalee,Kovil,active_unverified
pl_osm_7a3f30fd72,openstreetmap,way,1289727830,osm:way:1289727830,https://www.openstreetmap.org/way/1289727830,Agasthiyar sthabana sivan aalaya arungkaatchiyagam,Trincomalee,Kovil,active_unverified
pl_osm_8fafb38162,openstreetmap,node,1172970583,osm:node:1172970583,https://www.openstreetmap.org/node/1172970583,Mohideen Mosque,Trincomalee,Mosque,active_unverified
pl_osm_018a86b9ce,openstreetmap,node,7673629949,osm:node:7673629949,https://www.openstreetmap.org/node/7673629949,Mohideen Jummah Mosque,Trincomalee,Mosque,active_unverified
pl_osm_59e4132e68,openstreetmap,node,11036785107,osm:node:11036785107,https://www.openstreetmap.org/node/11036785107,Buhary Jumma Masjid,Trincomalee,Mosque,active_unverified
pl_osm_e21f128c17,openstreetmap,node,13779683829,osm:node:13779683829,https://www.openstreetmap.org/node/13779683829,Jalaliya Mosque,Trincomalee,Mosque,active_unverified
pl_osm_dc07521945,openstreetmap,way,317144344,osm:way:317144344,https://www.openstreetmap.org/way/317144344,Kurinchakerny Mosque,Trincomalee,Mosque,active_unverified
pl_osm_7a071d1fc4,openstreetmap,way,541480815,osm:way:541480815,https://www.openstreetmap.org/way/541480815,Masjith An Noor Jumma Mosque,Trincomalee,Mosque,active_unverified
pl_osm_d41b26bc7b,openstreetmap,way,711133998,osm:way:711133998,https://www.openstreetmap.org/way/711133998,Jumma Mosque,Trincomalee,Mosque,active_unverified
pl_osm_7c9188ddc2,openstreetmap,way,751454450,osm:way:751454450,https://www.openstreetmap.org/way/751454450,Masjid Ul-Falaah,Trincomalee,Mosque,active_unverified
pl_osm_12f9bb4d18,openstreetmap,way,751760004,osm:way:751760004,https://www.openstreetmap.org/way/751760004,Masjidul Saddam,Trincomalee,Mosque,active_unverified
pl_osm_cb010d61fe,openstreetmap,way,751967622,osm:way:751967622,https://www.openstreetmap.org/way/751967622,Ihshaniya Jummah Masjid,Trincomalee,Mosque,active_unverified
pl_osm_aaf1b5378f,openstreetmap,way,752309561,osm:way:752309561,https://www.openstreetmap.org/way/752309561,Al Hasanath Jummah Masjid.,Trincomalee,Mosque,active_unverified
pl_osm_f7014394b7,openstreetmap,way,752687139,osm:way:752687139,https://www.openstreetmap.org/way/752687139,Buhary Masjid,Trincomalee,Mosque,active_unverified
pl_osm_db69738f1a,openstreetmap,way,752696860,osm:way:752696860,https://www.openstreetmap.org/way/752696860,Thakkiya,Trincomalee,Mosque,active_unverified
pl_osm_8ec04f49a7,openstreetmap,way,753824852,osm:way:753824852,https://www.openstreetmap.org/way/753824852,Rottawewa Thakkiya,Trincomalee,Mosque,active_unverified
pl_osm_6d4f2e9cf7,openstreetmap,way,753860390,osm:way:753860390,https://www.openstreetmap.org/way/753860390,Masjidhul Hudha Jumma Masjid,Trincomalee,Mosque,active_unverified
pl_osm_f73bb66951,openstreetmap,way,754171257,osm:way:754171257,https://www.openstreetmap.org/way/754171257,Pulmoddai Grand Mosque,Trincomalee,Mosque,active_unverified
pl_osm_3485327a61,openstreetmap,way,754171258,osm:way:754171258,https://www.openstreetmap.org/way/754171258,Mohedeen Jumma Mosque,Trincomalee,Mosque,active_unverified
pl_osm_8baf95d82e,openstreetmap,way,754176705,osm:way:754176705,https://www.openstreetmap.org/way/754176705,Al Msjidul Bareya,Trincomalee,Mosque,active_unverified
pl_osm_19dfb5b7eb,openstreetmap,way,754176707,osm:way:754176707,https://www.openstreetmap.org/way/754176707,Al Masjidul Nooraniya,Trincomalee,Mosque,active_unverified
pl_osm_f89c766dff,openstreetmap,way,755845822,osm:way:755845822,https://www.openstreetmap.org/way/755845822,Muhaidheen Jumuah Mosque / முஹைதீன் ஜுமு-ஆ மஸ்ஜித் / මුහෛදීන් ජූමු-ආ පල්ලිය,Trincomalee,Mosque,active_unverified
pl_osm_8ce67046b2,openstreetmap,way,1188583766,osm:way:1188583766,https://www.openstreetmap.org/way/1188583766,Kuba Masjid,Trincomalee,Mosque,active_unverified
pl_osm_7b0c653e7d,openstreetmap,way,1339502749,osm:way:1339502749,https://www.openstreetmap.org/way/1339502749,Grand Mosque,Trincomalee,Mosque,active_unverified
pl_osm_6a4b40d8df,openstreetmap,way,1506647098,osm:way:1506647098,https://www.openstreetmap.org/way/1506647098,Senekaatu Palli,Trincomalee,Mosque,active_unverified
pl_osm_674860b903,openstreetmap,way,1506647099,osm:way:1506647099,https://www.openstreetmap.org/way/1506647099,Hijra Mosque,Trincomalee,Mosque,active_unverified
pl_osm_3a020280c2,openstreetmap,node,5678574824,osm:node:5678574824,https://www.openstreetmap.org/node/5678574824,Hoods Tower Naval Museum,Trincomalee,Museum,active_unverified
pl_osm_34a0e16b9e,openstreetmap,node,5678582222,osm:node:5678582222,https://www.openstreetmap.org/node/5678582222,Orr's Hill Army Museum,Trincomalee,Museum,active_unverified
pl_osm_932fccc894,openstreetmap,node,1723379303,osm:node:1723379303,https://www.openstreetmap.org/node/1723379303,Kanniya Hot Water Wells,Trincomalee,Other,active_unverified
pl_osm_a45cd5e334,openstreetmap,node,5474656973,osm:node:5474656973,https://www.openstreetmap.org/node/5474656973,reef,Trincomalee,Other,active_unverified
pl_osm_614c67a580,openstreetmap,node,7462987754,osm:node:7462987754,https://www.openstreetmap.org/node/7462987754,Arisimalai Fishing Point,Trincomalee,Other,active_unverified
pl_osm_0a16b484f1,openstreetmap,node,11033747306,osm:node:11033747306,https://www.openstreetmap.org/node/11033747306,Aqua Dreams,Trincomalee,Other,active_unverified
pl_osm_96e0e4e579,openstreetmap,node,11617756581,osm:node:11617756581,https://www.openstreetmap.org/node/11617756581,Pigeon Island Tours,Trincomalee,Other,active_unverified
pl_osm_6e9428cde1,openstreetmap,node,12553400286,osm:node:12553400286,https://www.openstreetmap.org/node/12553400286,Deer Park,Trincomalee,Other,active_unverified
pl_osm_fad7294d71,openstreetmap,node,1882011347,osm:node:1882011347,https://www.openstreetmap.org/node/1882011347,Girihandu Seya,Trincomalee,Ruins,active_unverified
pl_osm_ebc1fea1e0,openstreetmap,node,3518389994,osm:node:3518389994,https://www.openstreetmap.org/node/3518389994,Girihadu Seya Archaeological Area,Trincomalee,Ruins,active_unverified
pl_osm_52ca1b39bf,openstreetmap,node,4478839846,osm:node:4478839846,https://www.openstreetmap.org/node/4478839846,Wilgamvehera Maha Seya,Trincomalee,Ruins,active_unverified
pl_osm_91f8096f59,openstreetmap,way,821500399,osm:way:821500399,https://www.openstreetmap.org/way/821500399,Tank 91,Trincomalee,Ruins,active_unverified
pl_osm_c0125bd6fd,openstreetmap,node,5253318330,osm:node:5253318330,https://www.openstreetmap.org/node/5253318330,St Sebastian,Trincomalee,Temple,active_unverified
pl_osm_e19288a98d,openstreetmap,node,9784314603,osm:node:9784314603,https://www.openstreetmap.org/node/9784314603,killiveddy playground,Trincomalee,Temple,active_unverified
pl_osm_0dea1becec,openstreetmap,node,9784314605,osm:node:9784314605,https://www.openstreetmap.org/node/9784314605,pillaiyar temple,Trincomalee,Temple,active_unverified
pl_osm_24c2c5686c,openstreetmap,node,11680877469,osm:node:11680877469,https://www.openstreetmap.org/node/11680877469,Church,Trincomalee,Temple,active_unverified
pl_osm_1a993bba5d,openstreetmap,node,13072720424,osm:node:13072720424,https://www.openstreetmap.org/node/13072720424,House of Prayer,Trincomalee,Temple,active_unverified
pl_osm_a6dcc85e1d,openstreetmap,way,288132065,osm:way:288132065,https://www.openstreetmap.org/way/288132065,Sannes Waran Temple,Trincomalee,Temple,active_unverified
pl_osm_0807210248,openstreetmap,way,327738152,osm:way:327738152,https://www.openstreetmap.org/way/327738152,Kandaswamy Kovil,Trincomalee,Temple,active_unverified
pl_osm_34f62c80da,openstreetmap,way,327738155,osm:way:327738155,https://www.openstreetmap.org/way/327738155,Maritime and Naval History Museum Trincomalee,Trincomalee,Temple,active_unverified
pl_osm_f4046296d6,openstreetmap,way,491251252,osm:way:491251252,https://www.openstreetmap.org/way/491251252,Hanuman Kovil,Trincomalee,Temple,active_unverified
pl_osm_89b02a5fe5,openstreetmap,way,1076160946,osm:way:1076160946,https://www.openstreetmap.org/way/1076160946,karbakavinayakar temple,Trincomalee,Temple,active_unverified
pl_osm_f6f2125f61,openstreetmap,node,4248201259,osm:node:4248201259,https://www.openstreetmap.org/node/4248201259,Ravana's Cut,Trincomalee,Viewpoint,active_unverified
pl_osm_031bc0985c,openstreetmap,node,4248201260,osm:node:4248201260,https://www.openstreetmap.org/node/4248201260,Lover's Leap,Trincomalee,Viewpoint,active_unverified
pl_osm_2bb0f19e4b,openstreetmap,node,12553404425,osm:node:12553404425,https://www.openstreetmap.org/node/12553404425,Lagoon,Trincomalee,Viewpoint,active_unverified
pl_osm_96fe5b3e2e,openstreetmap,node,2410576898,osm:node:2410576898,https://www.openstreetmap.org/node/2410576898,Buddhist Temple,Vavuniya,Buddhist Temple,active_unverified
pl_osm_21e495e951,openstreetmap,node,6129865391,osm:node:6129865391,https://www.openstreetmap.org/node/6129865391,Nikawewa Temple,Vavuniya,Buddhist Temple,active_unverified
pl_osm_e7a59828e0,openstreetmap,way,522343735,osm:way:522343735,https://www.openstreetmap.org/way/522343735,Avusadapitiya tempal,Vavuniya,Buddhist Temple,active_unverified
pl_osm_865d2694d3,openstreetmap,way,523597409,osm:way:523597409,https://www.openstreetmap.org/way/523597409,Sri Sailabimbarama Viharaya,Vavuniya,Buddhist Temple,active_unverified
pl_osm_0cb3951f30,openstreetmap,way,525496309,osm:way:525496309,https://www.openstreetmap.org/way/525496309,Kalkunnamaduva Buddist Temple,Vavuniya,Buddhist Temple,active_unverified
pl_osm_25a4dea353,openstreetmap,way,555231816,osm:way:555231816,https://www.openstreetmap.org/way/555231816,Ethwetunuwewa Temple,Vavuniya,Buddhist Temple,active_unverified
pl_osm_f2f046daa4,openstreetmap,way,555231821,osm:way:555231821,https://www.openstreetmap.org/way/555231821,Mayurawapi Viharaya,Vavuniya,Buddhist Temple,active_unverified
pl_osm_a38c898c44,openstreetmap,way,675965920,osm:way:675965920,https://www.openstreetmap.org/way/675965920,Periyaulukkulama Sri Sumana Buddist Temple,Vavuniya,Buddhist Temple,active_unverified
pl_osm_e413ab689f,openstreetmap,way,778550993,osm:way:778550993,https://www.openstreetmap.org/way/778550993,Sapumalthenna Temple,Vavuniya,Buddhist Temple,active_unverified
pl_osm_c4dd905817,openstreetmap,way,820374368,osm:way:820374368,https://www.openstreetmap.org/way/820374368,Sapumalgaskada Rajamaha Viharaya,Vavuniya,Buddhist Temple,active_unverified
pl_osm_1a736a0a2e,openstreetmap,node,3641954572,osm:node:3641954572,https://www.openstreetmap.org/node/3641954572,Navaliyoor Somasutharap Poet's Statue,Vavuniya,Building,active_unverified
pl_osm_0ed0d84df5,openstreetmap,node,3641958139,osm:node:3641958139,https://www.openstreetmap.org/node/3641958139,Sri La Sri Arumuganavala's Statue,Vavuniya,Building,active_unverified
pl_osm_6956ad4b3d,openstreetmap,node,3641960214,osm:node:3641960214,https://www.openstreetmap.org/node/3641960214,Pannadaravanniyan (Last Tamil King of Vanni Kingdom),Vavuniya,Building,active_unverified
pl_osm_2d72e3c8d9,openstreetmap,node,3763997492,osm:node:3763997492,https://www.openstreetmap.org/node/3763997492,Tamil Poet Emperor Kambar,Vavuniya,Building,active_unverified
pl_osm_1c781dab7e,openstreetmap,node,3765414721,osm:node:3765414721,https://www.openstreetmap.org/node/3765414721,St Thaninayagam,Vavuniya,Building,active_unverified
pl_osm_f0f3a6619c,openstreetmap,node,3765416257,osm:node:3765416257,https://www.openstreetmap.org/node/3765416257,Swami Vevehanathar,Vavuniya,Building,active_unverified
pl_osm_ebb2556114,openstreetmap,node,3765416385,osm:node:3765416385,https://www.openstreetmap.org/node/3765416385,Chevanayagam,Vavuniya,Building,active_unverified
pl_osm_a50e4c7d5c,openstreetmap,node,3765437093,osm:node:3765437093,https://www.openstreetmap.org/node/3765437093,Avvaiyar,Vavuniya,Building,active_unverified
pl_osm_4e48f418d6,openstreetmap,node,2410567585,osm:node:2410567585,https://www.openstreetmap.org/node/2410567585,Church of the Holy Spirit,Vavuniya,Church,active_unverified
pl_osm_01ae094654,openstreetmap,node,4163331860,osm:node:4163331860,https://www.openstreetmap.org/node/4163331860,Anthoniyar,Vavuniya,Church,active_unverified
pl_osm_202b2d6f76,openstreetmap,node,4163359620,osm:node:4163359620,https://www.openstreetmap.org/node/4163359620,New Yerusalem Church,Vavuniya,Church,active_unverified
pl_osm_3434d0c1d7,openstreetmap,way,388948411,osm:way:388948411,https://www.openstreetmap.org/way/388948411,Soosaiyappar Church,Vavuniya,Church,active_unverified
pl_osm_fcfd4c27d1,openstreetmap,way,392043416,osm:way:392043416,https://www.openstreetmap.org/way/392043416,St Anthony's Church,Vavuniya,Church,active_unverified
pl_osm_cc8c9a0188,openstreetmap,way,417033466,osm:way:417033466,https://www.openstreetmap.org/way/417033466,Ceylon Penticostal Mission,Vavuniya,Church,active_unverified
pl_osm_d2d745dd76,openstreetmap,way,435283538,osm:way:435283538,https://www.openstreetmap.org/way/435283538,Anthoniyar Church,Vavuniya,Church,active_unverified
pl_osm_c516437313,openstreetmap,way,613726913,osm:way:613726913,https://www.openstreetmap.org/way/613726913,Our Lady Of Refuge,Vavuniya,Church,active_unverified
pl_osm_ae32c64dea,openstreetmap,way,666686553,osm:way:666686553,https://www.openstreetmap.org/way/666686553,Church land,Vavuniya,Church,active_unverified
pl_osm_2babc57f76,openstreetmap,node,1728791440,osm:node:1728791440,https://www.openstreetmap.org/node/1728791440,Kudiriruppu Pillayar Kovil,Vavuniya,Kovil,active_unverified
pl_osm_5c17d7e29d,openstreetmap,node,1729992651,osm:node:1729992651,https://www.openstreetmap.org/node/1729992651,Sinthamani Pillayar Kovil,Vavuniya,Kovil,active_unverified
pl_osm_cf82e52f79,openstreetmap,node,2408646021,osm:node:2408646021,https://www.openstreetmap.org/node/2408646021,Nakar Thukkai Amman Temple,Vavuniya,Kovil,active_unverified
pl_osm_14fd7e6cfa,openstreetmap,node,3553464662,osm:node:3553464662,https://www.openstreetmap.org/node/3553464662,Pala Vinayagar,Vavuniya,Kovil,active_unverified
pl_osm_71e90d708e,openstreetmap,node,3553464701,osm:node:3553464701,https://www.openstreetmap.org/node/3553464701,Thandikulam Devine Kanthasuvamy Kovil,Vavuniya,Kovil,active_unverified
pl_osm_2abc30fdef,openstreetmap,node,3561433340,osm:node:3561433340,https://www.openstreetmap.org/node/3561433340,Kathasamy Kovil,Vavuniya,Kovil,active_unverified
pl_osm_7cd48df569,openstreetmap,node,3629305727,osm:node:3629305727,https://www.openstreetmap.org/node/3629305727,Sri Karumariamman Devasthanam,Vavuniya,Kovil,active_unverified
pl_osm_f8b0d35122,openstreetmap,node,3629306816,osm:node:3629306816,https://www.openstreetmap.org/node/3629306816,Aathivinayagar,Vavuniya,Kovil,active_unverified
pl_osm_c4bfd669e4,openstreetmap,node,3793657822,osm:node:3793657822,https://www.openstreetmap.org/node/3793657822,Muniyappar Kovil,Vavuniya,Kovil,active_unverified
pl_osm_0e4c20f7a7,openstreetmap,node,3868540414,osm:node:3868540414,https://www.openstreetmap.org/node/3868540414,Nagathabiran Kovil,Vavuniya,Kovil,active_unverified
pl_osm_0d7a5097fa,openstreetmap,node,3914654436,osm:node:3914654436,https://www.openstreetmap.org/node/3914654436,Ayyappa Sewa Society,Vavuniya,Kovil,active_unverified
pl_osm_75a6e6e7c8,openstreetmap,node,3934285752,osm:node:3934285752,https://www.openstreetmap.org/node/3934285752,முருகன் Kovil,Vavuniya,Kovil,active_unverified
pl_osm_1ada6675fa,openstreetmap,node,3945192657,osm:node:3945192657,https://www.openstreetmap.org/node/3945192657,Sri Sithivinayagar Aalayam,Vavuniya,Kovil,active_unverified
pl_osm_601ef273bd,openstreetmap,node,4163326345,osm:node:4163326345,https://www.openstreetmap.org/node/4163326345,Sri Muththumariyamman Kovil,Vavuniya,Kovil,active_unverified
pl_osm_d0e687423d,openstreetmap,node,4163528381,osm:node:4163528381,https://www.openstreetmap.org/node/4163528381,Anjaneyar Kovil,Vavuniya,Kovil,active_unverified
pl_osm_cb6f885e36,openstreetmap,node,4169956595,osm:node:4169956595,https://www.openstreetmap.org/node/4169956595,Kualkkarai Pillayar Kovil,Vavuniya,Kovil,active_unverified
pl_osm_2542feafa6,openstreetmap,node,4210842893,osm:node:4210842893,https://www.openstreetmap.org/node/4210842893,Gnana Vinayagar Aaalayam,Vavuniya,Kovil,active_unverified
pl_osm_2cb49fe826,openstreetmap,node,4211893319,osm:node:4211893319,https://www.openstreetmap.org/node/4211893319,Gana Thiyoo,Vavuniya,Kovil,active_unverified
pl_osm_b32cf6682b,openstreetmap,node,4322769627,osm:node:4322769627,https://www.openstreetmap.org/node/4322769627,"Sri Murugan Alayam ,Periyakulam",Vavuniya,Kovil,active_unverified
pl_osm_a63c1a1c05,openstreetmap,node,4322777054,osm:node:4322777054,https://www.openstreetmap.org/node/4322777054,Athisaya Vinayagar,Vavuniya,Kovil,active_unverified
pl_osm_10b184b591,openstreetmap,node,4389101975,osm:node:4389101975,https://www.openstreetmap.org/node/4389101975,temple,Vavuniya,Kovil,active_unverified
pl_osm_24591543a1,openstreetmap,node,4409392596,osm:node:4409392596,https://www.openstreetmap.org/node/4409392596,Anjaneyar,Vavuniya,Kovil,active_unverified
pl_osm_a2e593222f,openstreetmap,node,4619782000,osm:node:4619782000,https://www.openstreetmap.org/node/4619782000,Puthukkulam Amman Kovil,Vavuniya,Kovil,active_unverified
pl_osm_6105b1a83f,openstreetmap,node,6235739955,osm:node:6235739955,https://www.openstreetmap.org/node/6235739955,Mahilankulam kannaki Amman Kovil,Vavuniya,Kovil,active_unverified
pl_osm_7efe86162b,openstreetmap,node,9768701659,osm:node:9768701659,https://www.openstreetmap.org/node/9768701659,sithivinayagar temple,Vavuniya,Kovil,active_unverified
pl_osm_3f53fbbef7,openstreetmap,node,9768723834,osm:node:9768723834,https://www.openstreetmap.org/node/9768723834,Sri Nakapoosani Amman temple,Vavuniya,Kovil,active_unverified
pl_osm_4af87d85a6,openstreetmap,node,9768754880,osm:node:9768754880,https://www.openstreetmap.org/node/9768754880,Karuppusaami temple,Vavuniya,Kovil,active_unverified
pl_osm_1ec4f9c38c,openstreetmap,node,9779417980,osm:node:9779417980,https://www.openstreetmap.org/node/9779417980,Siththi Vinayakar Kovil,Vavuniya,Kovil,active_unverified
pl_osm_b9695b834c,openstreetmap,node,9784788148,osm:node:9784788148,https://www.openstreetmap.org/node/9784788148,Vivulavinayagar Alayam,Vavuniya,Kovil,active_unverified
pl_osm_af052d0546,openstreetmap,node,11951921717,osm:node:11951921717,https://www.openstreetmap.org/node/11951921717,bhatathy road kannaki amman,Vavuniya,Kovil,active_unverified
pl_osm_d43cf42a5c,openstreetmap,way,350360376,osm:way:350360376,https://www.openstreetmap.org/way/350360376,Puttur Nagathambiran Kovil,Vavuniya,Kovil,active_unverified
pl_osm_c69fe5fc3c,openstreetmap,way,357813670,osm:way:357813670,https://www.openstreetmap.org/way/357813670,Vairavar Kovil,Vavuniya,Kovil,active_unverified
pl_osm_27b95a93a2,openstreetmap,way,359487727,osm:way:359487727,https://www.openstreetmap.org/way/359487727,Palayadi Pillayar Kovil,Vavuniya,Kovil,active_unverified
pl_osm_d92f2e7c14,openstreetmap,way,359488097,osm:way:359488097,https://www.openstreetmap.org/way/359488097,Kali Kovil,Vavuniya,Kovil,active_unverified
pl_osm_e5fcc9d768,openstreetmap,way,359510808,osm:way:359510808,https://www.openstreetmap.org/way/359510808,Kanthasamy Kovil,Vavuniya,Kovil,active_unverified
pl_osm_4a0c9dee77,openstreetmap,way,360443068,osm:way:360443068,https://www.openstreetmap.org/way/360443068,Uchipillayar Aaalayam,Vavuniya,Kovil,active_unverified
pl_osm_6b4b5a7d72,openstreetmap,way,362977591,osm:way:362977591,https://www.openstreetmap.org/way/362977591,Arasarpathi Kannakai Amman Kovil,Vavuniya,Kovil,active_unverified
pl_osm_896628cf93,openstreetmap,way,371611882,osm:way:371611882,https://www.openstreetmap.org/way/371611882,Poovarasankulam Sri Bala Vinayakar Aaalayam,Vavuniya,Kovil,active_unverified
pl_osm_22dace7d08,openstreetmap,way,371816387,osm:way:371816387,https://www.openstreetmap.org/way/371816387,Gnanavairavar Kovil,Vavuniya,Kovil,active_unverified
pl_osm_7825324ca9,openstreetmap,way,372982955,osm:way:372982955,https://www.openstreetmap.org/way/372982955,Aklandeswari Sametha Akilandeswarar Kovil,Vavuniya,Kovil,active_unverified
pl_osm_00151068ad,openstreetmap,way,373017609,osm:way:373017609,https://www.openstreetmap.org/way/373017609,Krishnar Kovil,Vavuniya,Kovil,active_unverified
pl_osm_63e4746105,openstreetmap,way,373029948,osm:way:373029948,https://www.openstreetmap.org/way/373029948,Kurumankadu Pillayar Kovil,Vavuniya,Kovil,active_unverified
pl_osm_db09dbc6f8,openstreetmap,way,373371066,osm:way:373371066,https://www.openstreetmap.org/way/373371066,Visaladshi Sametha Viswanathap Perumal Kovil,Vavuniya,Kovil,active_unverified
pl_osm_54e812e565,openstreetmap,way,373888691,osm:way:373888691,https://www.openstreetmap.org/way/373888691,Ramar Kovil,Vavuniya,Kovil,active_unverified
pl_osm_49f26873dc,openstreetmap,way,375231269,osm:way:375231269,https://www.openstreetmap.org/way/375231269,Thatchanamkulam Pillayar Kovil,Vavuniya,Kovil,active_unverified
pl_osm_703cf4066f,openstreetmap,way,376035699,osm:way:376035699,https://www.openstreetmap.org/way/376035699,Thilaiambalapillayar Kovil,Vavuniya,Kovil,active_unverified
pl_osm_96e58bda7f,openstreetmap,way,379521159,osm:way:379521159,https://www.openstreetmap.org/way/379521159,Murukankovil,Vavuniya,Kovil,active_unverified
pl_osm_698d4f1daa,openstreetmap,way,383573004,osm:way:383573004,https://www.openstreetmap.org/way/383573004,Murugan Kovil,Vavuniya,Kovil,active_unverified
pl_osm_d1e1e6b376,openstreetmap,way,383577896,osm:way:383577896,https://www.openstreetmap.org/way/383577896,Muthumariamman Kovil,Vavuniya,Kovil,active_unverified
pl_osm_aebf70a9a7,openstreetmap,way,388177736,osm:way:388177736,https://www.openstreetmap.org/way/388177736,Njnavairavar Kovil,Vavuniya,Kovil,active_unverified
pl_osm_4cb9fb5d4b,openstreetmap,way,388405907,osm:way:388405907,https://www.openstreetmap.org/way/388405907,AmmanKovil,Vavuniya,Kovil,active_unverified
pl_osm_47d5ff8e21,openstreetmap,way,388406002,osm:way:388406002,https://www.openstreetmap.org/way/388406002,Sithivinayagar Kovil,Vavuniya,Kovil,active_unverified
pl_osm_f1af911935,openstreetmap,way,388434775,osm:way:388434775,https://www.openstreetmap.org/way/388434775,Devine Madasamy Temple,Vavuniya,Kovil,active_unverified
pl_osm_ce8a90ddf9,openstreetmap,way,388451923,osm:way:388451923,https://www.openstreetmap.org/way/388451923,Murukan kovil-Navvy,Vavuniya,Kovil,active_unverified
pl_osm_ffed3d5855,openstreetmap,way,388948514,osm:way:388948514,https://www.openstreetmap.org/way/388948514,Ukkulankulam Pillyar Kovil,Vavuniya,Kovil,active_unverified
pl_osm_9997ccb714,openstreetmap,way,388949917,osm:way:388949917,https://www.openstreetmap.org/way/388949917,Shivan Kovil,Vavuniya,Kovil,active_unverified
pl_osm_11341fa190,openstreetmap,way,388950201,osm:way:388950201,https://www.openstreetmap.org/way/388950201,Sri Bala Vinayagar Kovil,Vavuniya,Kovil,active_unverified
pl_osm_7ecd9dc221,openstreetmap,way,388953189,osm:way:388953189,https://www.openstreetmap.org/way/388953189,Sita Ramar Anjaneyar Kovil,Vavuniya,Kovil,active_unverified
pl_osm_ac37bfc1f1,openstreetmap,way,388953325,osm:way:388953325,https://www.openstreetmap.org/way/388953325,Sri Muththumari Amman Kovil,Vavuniya,Kovil,active_unverified
pl_osm_f1e90ddb44,openstreetmap,way,388953419,osm:way:388953419,https://www.openstreetmap.org/way/388953419,Njna Vairavar Kovil,Vavuniya,Kovil,active_unverified
pl_osm_2d4fcdb983,openstreetmap,way,388954135,osm:way:388954135,https://www.openstreetmap.org/way/388954135,Kallumalai Pillayar Kovil,Vavuniya,Kovil,active_unverified
pl_osm_fa5631ad64,openstreetmap,way,389497552,osm:way:389497552,https://www.openstreetmap.org/way/389497552,Aiyappa Swami Kovil,Vavuniya,Kovil,active_unverified
pl_osm_f3d56626a8,openstreetmap,way,389499414,osm:way:389499414,https://www.openstreetmap.org/way/389499414,Pillyar Kovil,Vavuniya,Kovil,active_unverified
pl_osm_b2f6b16d91,openstreetmap,way,389652003,osm:way:389652003,https://www.openstreetmap.org/way/389652003,Puthukkulam Sivan Kovil,Vavuniya,Kovil,active_unverified
pl_osm_89b9c7db69,openstreetmap,way,391130356,osm:way:391130356,https://www.openstreetmap.org/way/391130356,Melmaruvathoor Suyambu Aathiparasakthi Valipaddu Manram,Vavuniya,Kovil,active_unverified
pl_osm_fe0e10b77c,openstreetmap,way,392043063,osm:way:392043063,https://www.openstreetmap.org/way/392043063,Soosaipillayar Kovil,Vavuniya,Kovil,active_unverified
pl_osm_bd419a244f,openstreetmap,way,392475764,osm:way:392475764,https://www.openstreetmap.org/way/392475764,Sri Vinayagar Aaalayam,Vavuniya,Kovil,active_unverified
pl_osm_d2df4cf95c,openstreetmap,way,392476037,osm:way:392476037,https://www.openstreetmap.org/way/392476037,Aathivinayagar Aaalayam,Vavuniya,Kovil,active_unverified
pl_osm_5078d42895,openstreetmap,way,409737989,osm:way:409737989,https://www.openstreetmap.org/way/409737989,Selvavinayagar Kovil,Vavuniya,Kovil,active_unverified
pl_osm_f7b6083507,openstreetmap,way,411975355,osm:way:411975355,https://www.openstreetmap.org/way/411975355,Karappankadu Pillayar Kovil,Vavuniya,Kovil,active_unverified
pl_osm_c342f92ce3,openstreetmap,way,415293786,osm:way:415293786,https://www.openstreetmap.org/way/415293786,Sri Sithivinayagar,Vavuniya,Kovil,active_unverified
pl_osm_b3f5c72a6a,openstreetmap,way,418875921,osm:way:418875921,https://www.openstreetmap.org/way/418875921,Thirupalani Murugan Aaalayam,Vavuniya,Kovil,active_unverified
pl_osm_1afbd7f6a8,openstreetmap,way,418886854,osm:way:418886854,https://www.openstreetmap.org/way/418886854,Suntharapuram Muththumariyamman Kovil,Vavuniya,Kovil,active_unverified
pl_osm_9ea9d4d56a,openstreetmap,way,418887310,osm:way:418887310,https://www.openstreetmap.org/way/418887310,Manipuram Karumariyamman Kovil,Vavuniya,Kovil,active_unverified
pl_osm_5c50537428,openstreetmap,way,420196228,osm:way:420196228,https://www.openstreetmap.org/way/420196228,Nagapoosani Amman Kovil,Vavuniya,Kovil,active_unverified
pl_osm_5eacacec33,openstreetmap,way,421307102,osm:way:421307102,https://www.openstreetmap.org/way/421307102,Sri Murugan Aaalayam,Vavuniya,Kovil,active_unverified
pl_osm_cca5e880be,openstreetmap,way,421311239,osm:way:421311239,https://www.openstreetmap.org/way/421311239,Katharsinnakulam Siva Sannaithi Vairavar Kovil,Vavuniya,Kovil,active_unverified
pl_osm_becd3cabc8,openstreetmap,way,435331972,osm:way:435331972,https://www.openstreetmap.org/way/435331972,Ilanthari Iyanaar Kovil,Vavuniya,Kovil,active_unverified
pl_osm_9d2650b3cf,openstreetmap,way,525498199,osm:way:525498199,https://www.openstreetmap.org/way/525498199,Nagapoosani Amman Kojil,Vavuniya,Kovil,active_unverified
pl_osm_8818bdadc7,openstreetmap,way,544265150,osm:way:544265150,https://www.openstreetmap.org/way/544265150,Pandarikulam Amman Kovil,Vavuniya,Kovil,active_unverified
pl_osm_17ce758f3b,openstreetmap,way,632090250,osm:way:632090250,https://www.openstreetmap.org/way/632090250,Siththi vinayakar veapankulam,Vavuniya,Kovil,active_unverified
pl_osm_971f9fdc37,openstreetmap,way,665484564,osm:way:665484564,https://www.openstreetmap.org/way/665484564,Manikka pillayar Kovil,Vavuniya,Kovil,active_unverified
pl_osm_2a1094366b,openstreetmap,way,665744895,osm:way:665744895,https://www.openstreetmap.org/way/665744895,Kannaki Amman Kovil Kovilkulam,Vavuniya,Kovil,active_unverified
pl_osm_59d6e55fdb,openstreetmap,way,668390662,osm:way:668390662,https://www.openstreetmap.org/way/668390662,Arasamurippu Amman kovil,Vavuniya,Kovil,active_unverified
pl_osm_1bdade1da4,openstreetmap,way,668390663,osm:way:668390663,https://www.openstreetmap.org/way/668390663,Kalikkovil Arasamurippu,Vavuniya,Kovil,active_unverified
pl_osm_e27278f19f,openstreetmap,way,673276387,osm:way:673276387,https://www.openstreetmap.org/way/673276387,Hindu temple,Vavuniya,Kovil,active_unverified
pl_osm_f908c2662f,openstreetmap,way,1167883928,osm:way:1167883928,https://www.openstreetmap.org/way/1167883928,Muniyapar Temple,Vavuniya,Kovil,active_unverified
pl_osm_592e6b00ff,openstreetmap,node,2410610901,osm:node:2410610901,https://www.openstreetmap.org/node/2410610901,Jummah Mosque,Vavuniya,Mosque,active_unverified
pl_osm_1ef72121e8,openstreetmap,node,4409366587,osm:node:4409366587,https://www.openstreetmap.org/node/4409366587,Masjithuth Thakva,Vavuniya,Mosque,active_unverified
pl_osm_f37d5a4e72,openstreetmap,node,4411768306,osm:node:4411768306,https://www.openstreetmap.org/node/4411768306,Macca Mosque,Vavuniya,Mosque,active_unverified
pl_osm_ee73227d30,openstreetmap,node,4414048679,osm:node:4414048679,https://www.openstreetmap.org/node/4414048679,Masjidhur Rahman,Vavuniya,Mosque,active_unverified
pl_osm_8b48b5469c,openstreetmap,way,359485484,osm:way:359485484,https://www.openstreetmap.org/way/359485484,Jummah Grand Mosque,Vavuniya,Mosque,active_unverified
pl_osm_a5830b1bda,openstreetmap,way,378808258,osm:way:378808258,https://www.openstreetmap.org/way/378808258,Majithul Jamiya Jamal Mosque,Vavuniya,Mosque,active_unverified
pl_osm_0459d4cbc4,openstreetmap,way,1101884922,osm:way:1101884922,https://www.openstreetmap.org/way/1101884922,Pattanichoor Jumma Mosque,Vavuniya,Mosque,active_unverified
pl_osm_cc05211de9,openstreetmap,node,5584399921,osm:node:5584399921,https://www.openstreetmap.org/node/5584399921,Archeological Museum,Vavuniya,Museum,active_unverified
pl_osm_d715400d95,openstreetmap,node,2408760543,osm:node:2408760543,https://www.openstreetmap.org/node/2408760543,Gallen Raja Maha Viharaya,Vavuniya,Ruins,active_unverified
pl_osm_bf69bc5a03,openstreetmap,way,524549280,osm:way:524549280,https://www.openstreetmap.org/way/524549280,Paddy Field,Vavuniya,Tea Estate,active_unverified
pl_osm_6f0eb5536f,openstreetmap,node,5214658722,osm:node:5214658722,https://www.openstreetmap.org/node/5214658722,Calvary,Vavuniya,Temple,active_unverified
pl_osm_c4e87e93ff,openstreetmap,node,5214673525,osm:node:5214673525,https://www.openstreetmap.org/node/5214673525,Sitthivinayagar Kovil,Vavuniya,Temple,active_unverified
pl_osm_fbbe65b79b,openstreetmap,node,5214679322,osm:node:5214679322,https://www.openstreetmap.org/node/5214679322,Catholic Church,Vavuniya,Temple,active_unverified
pl_osm_0c0ae3e024,openstreetmap,node,9774144955,osm:node:9774144955,https://www.openstreetmap.org/node/9774144955,Amman temple,Vavuniya,Temple,active_unverified
pl_osm_e7c558729a,openstreetmap,node,10287266409,osm:node:10287266409,https://www.openstreetmap.org/node/10287266409,45002 IYANAR TEMPLE,Vavuniya,Temple,active_unverified
pl_osm_79dc41dad0,openstreetmap,node,10287663709,osm:node:10287663709,https://www.openstreetmap.org/node/10287663709,45005 SAKAYA MARRY TEMPLE (சகாயமாதா ஆலயம்),Vavuniya,Temple,active_unverified
pl_osm_9c254453f9,openstreetmap,way,331456337,osm:way:331456337,https://www.openstreetmap.org/way/331456337,Buddhist Shrine Room,Vavuniya,Temple,active_unverified
pl_osm_caca05a943,openstreetmap,way,407226571,osm:way:407226571,https://www.openstreetmap.org/way/407226571,Sai Baba Centre,Vavuniya,Temple,active_unverified
pl_osm_ed3e6b5245,openstreetmap,node,4129821991,osm:node:4129821991,https://www.openstreetmap.org/node/4129821991,Kavisanan complex,Vavuniya,Viewpoint,active_unverified
pl_osm_b1e366435a,openstreetmap,node,4129846589,osm:node:4129846589,https://www.openstreetmap.org/node/4129846589,Jathusana Home,Vavuniya,Viewpoint,active_unverified
pl_osm_1c2206fcd0,openstreetmap,node,7660344426,osm:node:7660344426,https://www.openstreetmap.org/node/7660344426,Sapumalgaskada Ancient Temple,Vavuniya,Viewpoint,active_unverified
pl_osm_39a2faf336,openstreetmap,node,10287255710,osm:node:10287255710,https://www.openstreetmap.org/node/10287255710,UNIT 06 MAIN STREET 450101 (unit 06 to unite 04 ),Vavuniya,Viewpoint,active_unverified
pl_osm_e3b9871caf,openstreetmap,node,10287667410,osm:node:10287667410,https://www.openstreetmap.org/node/10287667410,45012 SCHOOL ROAD starting (பாடசாலை முன் சுற்றுவட்ட வீதி),Vavuniya,Viewpoint,active_unverified
pl_osm_2156d90676,openstreetmap,node,10287667411,osm:node:10287667411,https://www.openstreetmap.org/node/10287667411,45012 SCHOOL ROAD ENDING (பாடசாலை முன் சுற்றுவட்ட வீதி ),Vavuniya,Viewpoint,active_unverified
pl_osm_e82b88f437,openstreetmap,node,10287680509,osm:node:10287680509,https://www.openstreetmap.org/node/10287680509,UNIT 6 TO UNIT 4 MAIN ROAD,Vavuniya,Viewpoint,active_unverified
pl_osm_4dae1c14fd,openstreetmap,node,10287682609,osm:node:10287682609,https://www.openstreetmap.org/node/10287682609,45011KALIMAKAL NAKAR ROAD. (கலைமகள் நகர் வீதி),Vavuniya,Viewpoint,active_unverified
pl_osm_c62461c802,openstreetmap,node,10287682610,osm:node:10287682610,https://www.openstreetmap.org/node/10287682610,45011 KALAIMAKAL NAKAR ROAD (கலைமகள் நகர் வீதி) starting,Vavuniya,Viewpoint,active_unverified
pl_osm_abcd27bfa8,openstreetmap,node,10287695809,osm:node:10287695809,https://www.openstreetmap.org/node/10287695809,rangeth kama to palayayooruwa main road,Vavuniya,Viewpoint,active_unverified
